"";"Year";"group_id";"Month";"C";"N";"Ca";"Mg";"K";"S";"Date"
"1";2005;"Layer 1";1;197,6002045;9,3112307;0;0;0;0,1833168;2005-01-01
"2";2005;"Layer 1";2;198,5091553;9,3548279;1e-07;1e-07;1e-07;0,1841553;2005-02-01
"3";2005;"Layer 1";3;199,3177643;9,3939047;1e-07;1e-07;1e-07;0,184898;2005-03-01
"4";2005;"Layer 1";4;200,0445099;9,4289875;2e-07;2e-07;2e-07;0,1855625;2005-04-01
"5";2005;"Layer 1";5;200,6712799;9,4599953;3e-07;3e-07;3e-07;0,1861304;2005-05-01
"6";2005;"Layer 1";6;201,2255096;9,4875593;4e-07;4e-07;4e-07;0,1866269;2005-06-01
"7";2005;"Layer 1";7;201,6286011;9,5107861;6e-07;6e-07;6e-07;0,1869756;2005-07-01
"8";2005;"Layer 1";8;202,1304626;9,5333633;8e-07;8e-07;8e-07;0,1874142;2005-08-01
"9";2005;"Layer 1";9;202,5705719;9,55336;1,1e-06;1,1e-06;1,1e-06;0,1877934;2005-09-01
"10";2005;"Layer 1";10;202,9503326;9,5710754;1,3e-06;1,3e-06;1,3e-06;0,1881144;2005-10-01
"11";2005;"Layer 1";11;203,3204498;9,5873756;1,6e-06;1,6e-06;1,6e-06;0,1884256;2005-11-01
"12";2005;"Layer 1";12;203,6603851;9,6021214;1,8e-06;1,8e-06;1,8e-06;0,1887103;2005-12-01
"13";2006;"Layer 1";1;203,9644928;9,6153498;2,1e-06;2,1e-06;2,1e-06;0,1889627;2006-01-01
"14";2006;"Layer 1";2;204,2319794;9,6271477;2,3e-06;2,3e-06;2,3e-06;0,1891819;2006-02-01
"15";2006;"Layer 1";3;204,4630585;9,6376019;2,6e-06;2,6e-06;2,6e-06;0,189367;2006-03-01
"16";2006;"Layer 1";4;204,6700897;9,646924;2,8e-06;2,8e-06;2,8e-06;0,1895296;2006-04-01
"17";2006;"Layer 1";5;204,8286743;9,6547432;3,1e-06;3,1e-06;3,1e-06;0,1896454;2006-05-01
"18";2006;"Layer 1";6;204,9613953;9,6614313;3,3e-06;3,3e-06;3,3e-06;0,1897348;2006-06-01
"19";2006;"Layer 1";7;204,9835205;9,665844;3,6e-06;3,6e-06;3,6e-06;0,1897155;2006-07-01
"20";2006;"Layer 1";8;205,1451569;9,6715221;4e-06;4e-06;4e-06;0,1898252;2006-08-01
"21";2006;"Layer 1";9;205,2789154;9,6763067;4,3e-06;4,3e-06;4,3e-06;0,1899082;2006-09-01
"22";2006;"Layer 1";10;205,3828125;9,6803303;4,6e-06;4,6e-06;4,6e-06;0,1899623;2006-10-01
"23";2006;"Layer 1";11;205,5050507;9,6843119;5e-06;5e-06;5e-06;0,1900337;2006-11-01
"24";2006;"Layer 1";12;205,6220093;9,6879711;5,3e-06;5,3e-06;5,3e-06;0,1901025;2006-12-01
"25";2007;"Layer 1";1;205,7254333;9,6912212;5,6e-06;5,6e-06;5,6e-06;0,1901608;2007-01-01
"26";2007;"Layer 1";2;205,8122711;9,6940393;5,9e-06;5,9e-06;5,9e-06;0,1902051;2007-02-01
"27";2007;"Layer 1";3;205,880722;9,6964102;6,2e-06;6,2e-06;6,2e-06;0,1902328;2007-03-01
"28";2007;"Layer 1";4;205,941391;9,6984587;6,5e-06;6,5e-06;6,5e-06;0,1902538;2007-04-01
"29";2007;"Layer 1";5;205,9681091;9,6997461;6,8e-06;6,8e-06;6,8e-06;0,190242;2007-05-01
"30";2007;"Layer 1";6;205,982132;9,7005835;7,1e-06;7,1e-06;7,1e-06;0,1902166;2007-06-01
"31";2007;"Layer 1";7;205,8970032;9,6997328;7,5e-06;7,5e-06;7,5e-06;0,1900938;2007-07-01
"32";2007;"Layer 1";8;205,9628296;9,7006865;7,8e-06;7,8e-06;7,8e-06;0,1901106;2007-08-01
"33";2007;"Layer 1";9;206,0103302;9,7012272;8,2e-06;8,2e-06;8,2e-06;0,19011;2007-09-01
"34";2007;"Layer 1";10;206,0365448;9,7014284;8,6e-06;8,6e-06;8,6e-06;0,1900889;2007-10-01
"35";2007;"Layer 1";11;206,0890045;9,701973;8,9e-06;8,9e-06;8,9e-06;0,1900926;2007-11-01
"36";2007;"Layer 1";12;206,1431732;9,7025404;9,3e-06;9,3e-06;9,3e-06;0,1901005;2007-12-01
"37";2008;"Layer 1";1;206,1901093;9,7030067;9,6e-06;9,6e-06;9,6e-06;0,190104;2008-01-01
"38";2008;"Layer 1";2;206,2261047;9,7033195;9,9e-06;9,9e-06;9,9e-06;0,190099;2008-02-01
"39";2008;"Layer 1";3;206,2487946;9,7034359;1,03e-05;1,03e-05;1,03e-05;0,1900823;2008-03-01
"40";2008;"Layer 1";4;206,2682953;9,703455;1,06e-05;1,06e-05;1,06e-05;0,1900634;2008-04-01
"41";2008;"Layer 1";5;206,2579346;9,7029505;1,09e-05;1,09e-05;1,09e-05;0,1900157;2008-05-01
"42";2008;"Layer 1";6;206,2386017;9,7021637;1,12e-05;1,12e-05;1,12e-05;0,1899581;2008-06-01
"43";2008;"Layer 1";7;206,1233368;9,6998501;1,16e-05;1,16e-05;1,16e-05;0,1898064;2008-07-01
"44";2008;"Layer 1";8;206,1622162;9,6995087;1,19e-05;1,19e-05;1,19e-05;0,189797;2008-08-01
"45";2008;"Layer 1";9;206,1854706;9,6990032;1,23e-05;1,23e-05;1,23e-05;0,1897728;2008-09-01
"46";2008;"Layer 1";10;206,1898499;9,6982641;1,27e-05;1,27e-05;1,27e-05;0,1897306;2008-10-01
"47";2008;"Layer 1";11;206,222702;9,6979618;1,31e-05;1,31e-05;1,31e-05;0,1897152;2008-11-01
"48";2008;"Layer 1";12;206,2592316;9,6977673;1,34e-05;1,34e-05;1,34e-05;0,189706;2008-12-01
"49";2009;"Layer 1";1;206,2903137;9,6975479;1,38e-05;1,38e-05;1,38e-05;0,1896941;2009-01-01
"50";2009;"Layer 1";2;206,3120422;9,6972437;1,41e-05;1,41e-05;1,41e-05;0,1896752;2009-02-01
"51";2009;"Layer 1";3;206,3219147;9,696805;1,44e-05;1,44e-05;1,44e-05;0,1896461;2009-03-01
"52";2009;"Layer 1";4;206,3299103;9,6963243;1,47e-05;1,47e-05;1,47e-05;0,189616;2009-04-01
"53";2009;"Layer 1";5;206,3092194;9,695406;1,5e-05;1,5e-05;1,5e-05;0,1895583;2009-05-01
"54";2009;"Layer 1";6;206,2805939;9,6943464;1,54e-05;1,54e-05;1,54e-05;0,1894917;2009-06-01
"55";2009;"Layer 1";7;206,1569519;9,6918144;1,57e-05;1,57e-05;1,57e-05;0,1893322;2009-07-01
"56";2009;"Layer 1";8;206,1883392;9,691473;1,61e-05;1,61e-05;1,61e-05;0,1893155;2009-08-01
"57";2009;"Layer 1";9;206,2048492;9,6909685;1,65e-05;1,65e-05;1,65e-05;0,1892848;2009-09-01
"58";2009;"Layer 1";10;206,203186;9,6902313;1,69e-05;1,69e-05;1,69e-05;0,1892366;2009-10-01
"59";2009;"Layer 1";11;206,2306061;9,68993;1,72e-05;1,72e-05;1,72e-05;0,189216;2009-11-01
"60";2009;"Layer 1";12;206,2622833;9,6897354;1,76e-05;1,76e-05;1,76e-05;0,189202;2009-12-01
"61";2010;"Layer 1";1;206,2889709;9,689517;1,8e-05;1,8e-05;1,8e-05;0,1891857;2010-01-01
"62";2010;"Layer 1";2;206,3067627;9,6892128;1,83e-05;1,83e-05;1,83e-05;0,189163;2010-02-01
"63";2010;"Layer 1";3;206,3130951;9,6887751;1,86e-05;1,86e-05;1,86e-05;0,1891304;2010-03-01
"64";2010;"Layer 1";4;206,3179321;9,6882963;1,89e-05;1,89e-05;1,89e-05;0,1890973;2010-04-01
"65";2010;"Layer 1";5;206,2944031;9,6873798;1,92e-05;1,92e-05;1,92e-05;0,1890369;2010-05-01
"66";2010;"Layer 1";6;206,2632599;9,6863213;1,96e-05;1,96e-05;1,96e-05;0,1889679;2010-06-01
"67";2010;"Layer 1";7;206,1373444;9,6837912;1,99e-05;1,99e-05;1,99e-05;0,1888065;2010-07-01
"68";2010;"Layer 1";8;206,1666718;9,6834507;2,03e-05;2,03e-05;2,03e-05;0,1887878;2010-08-01
"69";2010;"Layer 1";9;206,1813354;9,6829472;2,07e-05;2,07e-05;2,07e-05;0,1887553;2010-09-01
"70";2010;"Layer 1";10;206,1780243;9,6822109;2,11e-05;2,11e-05;2,11e-05;0,1887056;2010-10-01
"71";2010;"Layer 1";11;206,2039642;9,6819105;2,15e-05;2,15e-05;2,15e-05;0,1886835;2010-11-01
"72";2010;"Layer 1";12;206,234314;9,681716;2,18e-05;2,18e-05;2,18e-05;0,1886682;2010-12-01
"73";2011;"Layer 1";1;206,2598267;9,6814985;2,22e-05;2,22e-05;2,22e-05;0,1886507;2011-01-01
"74";2011;"Layer 1";2;206,2765808;9,6811962;2,25e-05;2,25e-05;2,25e-05;0,188627;2011-02-01
"75";2011;"Layer 1";3;206,2819824;9,6807604;2,28e-05;2,28e-05;2,28e-05;0,1885936;2011-03-01
"76";2011;"Layer 1";4;206,2859955;9,6802826;2,31e-05;2,31e-05;2,31e-05;0,1885596;2011-04-01
"77";2011;"Layer 1";5;206,2617493;9,6793661;2,35e-05;2,35e-05;2,35e-05;0,1884986;2011-05-01
"78";2011;"Layer 1";6;206,2299652;9,6783094;2,38e-05;2,38e-05;2,38e-05;0,1884291;2011-06-01
"79";2011;"Layer 1";7;206,1035004;9,6757812;2,41e-05;2,41e-05;2,41e-05;0,1882675;2011-07-01
"80";2011;"Layer 1";8;206,132309;9,6754408;2,45e-05;2,45e-05;2,45e-05;0,1882482;2011-08-01
"81";2011;"Layer 1";9;206,1465149;9,6749372;2,49e-05;2,49e-05;2,49e-05;0,1882153;2011-09-01
"82";2011;"Layer 1";10;206,142807;9,6742029;2,53e-05;2,53e-05;2,53e-05;0,1881654;2011-10-01
"83";2011;"Layer 1";11;206,1684113;9,6739035;2,57e-05;2,57e-05;2,57e-05;0,1881429;2011-11-01
"84";2011;"Layer 1";12;206,1984711;9,6737099;2,6e-05;2,6e-05;2,6e-05;0,1881272;2011-12-01
"85";2012;"Layer 1";1;206,2237091;9,6734924;2,64e-05;2,64e-05;2,64e-05;0,1881095;2012-01-01
"86";2012;"Layer 1";2;206,2402344;9,6731911;2,67e-05;2,67e-05;2,67e-05;0,1880855;2012-02-01
"87";2012;"Layer 1";3;206,2454529;9,6727552;2,7e-05;2,7e-05;2,7e-05;0,1880519;2012-03-01
"88";2012;"Layer 1";4;206,2492981;9,6722803;2,74e-05;2,74e-05;2,74e-05;0,1880178;2012-04-01
"89";2012;"Layer 1";5;206,2249298;9,6713657;2,77e-05;2,77e-05;2,77e-05;0,1879568;2012-05-01
"90";2012;"Layer 1";6;206,1930389;9,67031;2,8e-05;2,8e-05;2,8e-05;0,1878873;2012-06-01
"91";2012;"Layer 1";7;206,0664978;9,6677847;2,84e-05;2,84e-05;2,84e-05;0,187726;2012-07-01
"92";2012;"Layer 1";8;206,0952301;9,6674442;2,88e-05;2,88e-05;2,88e-05;0,1877066;2012-08-01
"93";2012;"Layer 1";9;206,1093597;9,6669426;2,91e-05;2,91e-05;2,91e-05;0,1876737;2012-09-01
"94";2012;"Layer 1";10;206,1056061;9,6662083;2,95e-05;2,95e-05;2,95e-05;0,1876237;2012-10-01
"95";2012;"Layer 1";11;206,1311646;9,6659098;2,99e-05;2,99e-05;2,99e-05;0,1876012;2012-11-01
"96";2012;"Layer 1";12;206,1611938;9,6657171;3,03e-05;3,03e-05;3,03e-05;0,1875855;2012-12-01
"97";2013;"Layer 1";1;206,1864166;9,6655016;3,06e-05;3,06e-05;3,06e-05;0,1875677;2013-01-01
"98";2013;"Layer 1";2;206,2029266;9,6652002;3,1e-05;3,1e-05;3,1e-05;0,1875437;2013-02-01
"99";2013;"Layer 1";3;206,2081451;9,6647673;3,13e-05;3,13e-05;3,13e-05;0,1875101;2013-03-01
"100";2013;"Layer 1";4;206,2120209;9,6642933;3,16e-05;3,16e-05;3,16e-05;0,1874761;2013-04-01
"101";2013;"Layer 1";5;206,1876678;9,6633797;3,19e-05;3,19e-05;3,19e-05;0,1874152;2013-05-01
"102";2013;"Layer 1";6;206,1558228;9,6623249;3,23e-05;3,23e-05;3,23e-05;0,1873458;2013-06-01
"103";2013;"Layer 1";7;206,0293579;9,6598015;3,26e-05;3,26e-05;3,26e-05;0,1871849;2013-07-01
"104";2013;"Layer 1";8;206,0581207;9,659462;3,3e-05;3,3e-05;3,3e-05;0,1871656;2013-08-01
"105";2013;"Layer 1";9;206,0722961;9,6589603;3,34e-05;3,34e-05;3,34e-05;0,1871327;2013-09-01
"106";2013;"Layer 1";10;206,0685883;9,658227;3,38e-05;3,38e-05;3,38e-05;0,1870828;2013-10-01
"107";2013;"Layer 1";11;206,0942078;9,6579285;3,42e-05;3,42e-05;3,42e-05;0,1870604;2013-11-01
"108";2013;"Layer 1";12;206,1242981;9,6577368;3,45e-05;3,45e-05;3,45e-05;0,1870447;2013-12-01
"109";2014;"Layer 1";1;206,1495972;9,6575212;3,49e-05;3,49e-05;3,49e-05;0,187027;2014-01-01
"110";2014;"Layer 1";2;206,1661987;9,6572208;3,52e-05;3,52e-05;3,52e-05;0,187003;2014-02-01
"111";2014;"Layer 1";3;206,1715088;9,6567879;3,55e-05;3,55e-05;3,55e-05;0,1869695;2014-03-01
"112";2014;"Layer 1";4;206,1754608;9,6563148;3,59e-05;3,59e-05;3,59e-05;0,1869355;2014-04-01
"113";2014;"Layer 1";5;206,1512146;9,6554136;3,62e-05;3,62e-05;3,62e-05;0,1868748;2014-05-01
"114";2014;"Layer 1";6;206,1194611;9,6543608;3,65e-05;3,65e-05;3,65e-05;0,1868056;2014-06-01
"115";2014;"Layer 1";7;205,993103;9,6518393;3,69e-05;3,69e-05;3,69e-05;0,1866453;2014-07-01
"116";2014;"Layer 1";8;206,0219269;9,6514997;3,72e-05;3,72e-05;3,72e-05;0,186626;2014-08-01
"117";2014;"Layer 1";9;206,0361786;9,6509991;3,76e-05;3,76e-05;3,76e-05;0,1865932;2014-09-01
"118";2014;"Layer 1";10;206,0325623;9,6502676;3,8e-05;3,8e-05;3,8e-05;0,1865434;2014-10-01
"119";2014;"Layer 1";11;206,0582733;9,6499701;3,84e-05;3,84e-05;3,84e-05;0,1865211;2014-11-01
"120";2014;"Layer 1";12;206,0884399;9,6497793;3,88e-05;3,88e-05;3,88e-05;0,1865054;2014-12-01
"121";2015;"Layer 1";1;206,1138306;9,6495647;3,91e-05;3,91e-05;3,91e-05;0,1864878;2015-01-01
"122";2015;"Layer 1";2;206,1305084;9,6492662;3,95e-05;3,95e-05;3,95e-05;0,1864639;2015-02-01
"123";2015;"Layer 1";3;206,13591;9,6488342;3,98e-05;3,98e-05;3,98e-05;0,1864305;2015-03-01
"124";2015;"Layer 1";4;206,1399689;9,6483631;4,01e-05;4,01e-05;4,01e-05;0,1863966;2015-04-01
"125";2015;"Layer 1";5;206,1158295;9,6474524;4,04e-05;4,04e-05;4,04e-05;0,1863361;2015-05-01
"126";2015;"Layer 1";6;206,0841827;9,6464005;4,08e-05;4,08e-05;4,08e-05;0,1862671;2015-06-01
"127";2015;"Layer 1";7;205,9579468;9,6438808;4,11e-05;4,11e-05;4,11e-05;0,1861072;2015-07-01
"128";2015;"Layer 1";8;205,9868622;9,6435413;4,15e-05;4,15e-05;4,15e-05;0,186088;2015-08-01
"129";2015;"Layer 1";9;206,0012054;9,6430416;4,19e-05;4,19e-05;4,19e-05;0,1860553;2015-09-01
"130";2015;"Layer 1";10;205,9976807;9,6423111;4,23e-05;4,23e-05;4,23e-05;0,1860057;2015-10-01
"131";2015;"Layer 1";11;206,023468;9,6420135;4,27e-05;4,27e-05;4,27e-05;0,1859834;2015-11-01
"132";2015;"Layer 1";12;206,0537262;9,6418228;4,31e-05;4,31e-05;4,31e-05;0,1859678;2015-12-01
"133";2005;"Layer 2";1;252,7176666;12,0061159;0;0;0;0,2644166;2005-01-01
"134";2005;"Layer 2";2;253,878479;12,062377;1e-07;1e-07;1e-07;0,2656259;2005-02-01
"135";2005;"Layer 2";3;254,9106598;12,1128702;1e-07;1e-07;1e-07;0,2666971;2005-03-01
"136";2005;"Layer 2";4;255,837738;12,1582251;2e-07;2e-07;2e-07;0,2676555;2005-04-01
"137";2005;"Layer 2";5;256,6368103;12,1982784;3e-07;3e-07;3e-07;0,2684749;2005-05-01
"138";2005;"Layer 2";6;257,342865;12,2339296;5e-07;5e-07;5e-07;0,2691911;2005-06-01
"139";2005;"Layer 2";7;257,8704224;12,2647657;7e-07;7e-07;7e-07;0,269709;2005-07-01
"140";2005;"Layer 2";8;258,5377197;12,294054;9e-07;9e-07;9e-07;0,2703725;2005-08-01
"141";2005;"Layer 2";9;259,1408081;12,3201809;1,2e-06;1,2e-06;1,2e-06;0,2709701;2005-09-01
"142";2005;"Layer 2";10;259,6842651;12,3436842;1,4e-06;1,4e-06;1,4e-06;0,2715074;2005-10-01
"143";2005;"Layer 2";11;260,1436157;12,3645334;1,6e-06;1,6e-06;1,6e-06;0,2719554;2005-11-01
"144";2005;"Layer 2";12;260,5654297;12,3833647;1,9e-06;1,9e-06;1,9e-06;0,2723651;2005-12-01
"145";2006;"Layer 2";1;260,9422607;12,4002733;2,1e-06;2,1e-06;2,1e-06;0,2727284;2006-01-01
"146";2006;"Layer 2";2;261,2727661;12,4153957;2,3e-06;2,3e-06;2,3e-06;0,2730437;2006-02-01
"147";2006;"Layer 2";3;261,5574036;12,4288607;2,6e-06;2,6e-06;2,6e-06;0,2733099;2006-03-01
"148";2006;"Layer 2";4;261,8117676;12,4408989;2,8e-06;2,8e-06;2,8e-06;0,2735437;2006-04-01
"149";2006;"Layer 2";5;262,0050049;12,4510069;3e-06;3e-06;3e-06;0,2737107;2006-05-01
"150";2006;"Layer 2";6;262,1654968;12,4596996;3,3e-06;3,3e-06;3,3e-06;0,2738391;2006-06-01
"151";2006;"Layer 2";7;262,2002869;12,4662542;3,7e-06;3,7e-06;3,7e-06;0,2738261;2006-07-01
"152";2006;"Layer 2";8;262,4277344;12,4737196;4e-06;4e-06;4e-06;0,274015;2006-08-01
"153";2006;"Layer 2";9;262,6349792;12,4802017;4,3e-06;4,3e-06;4,3e-06;0,2741856;2006-09-01
"154";2006;"Layer 2";10;262,8222046;12,4860258;4,7e-06;4,7e-06;4,7e-06;0,2743386;2006-10-01
"155";2006;"Layer 2";11;262,9606018;12,4909592;5e-06;5e-06;5e-06;0,2744403;2006-11-01
"156";2006;"Layer 2";12;263,0936584;12,4954681;5,3e-06;5,3e-06;5,3e-06;0,2745384;2006-12-01
"157";2007;"Layer 2";1;263,2106323;12,4994869;5,6e-06;5,6e-06;5,6e-06;0,2746214;2007-01-01
"158";2007;"Layer 2";2;263,3072205;12,5030069;5,9e-06;5,9e-06;5,9e-06;0,2746842;2007-02-01
"159";2007;"Layer 2";3;263,3812561;12,5060301;6,1e-06;6,1e-06;6,1e-06;0,2747232;2007-03-01
"160";2007;"Layer 2";4;263,446106;12,5086708;6,4e-06;6,4e-06;6,4e-06;0,2747526;2007-04-01
"161";2007;"Layer 2";5;263,4685974;12,5103369;6,7e-06;6,7e-06;6,7e-06;0,2747353;2007-05-01
"162";2007;"Layer 2";6;263,4754028;12,5114374;7e-06;7e-06;7e-06;0,2746979;2007-06-01
"163";2007;"Layer 2";7;263,3713379;12,5111599;7,4e-06;7,4e-06;7,4e-06;0,2745352;2007-07-01
"164";2007;"Layer 2";8;263,4747925;12,5124884;7,8e-06;7,8e-06;7,8e-06;0,2745901;2007-08-01
"165";2007;"Layer 2";9;263,5704956;12,5134516;8,1e-06;8,1e-06;8,1e-06;0,2746402;2007-09-01
"166";2007;"Layer 2";10;263,6573486;12,514308;8,5e-06;8,5e-06;8,5e-06;0,2746846;2007-10-01
"167";2007;"Layer 2";11;263,7053223;12,5147705;8,8e-06;8,8e-06;8,8e-06;0,2746886;2007-11-01
"168";2007;"Layer 2";12;263,7570496;12,515255;9,1e-06;9,1e-06;9,1e-06;0,2746988;2007-12-01
"169";2008;"Layer 2";1;263,8008118;12,5156517;9,5e-06;9,5e-06;9,5e-06;0,2747026;2008-01-01
"170";2008;"Layer 2";2;263,8314819;12,5159121;9,8e-06;9,8e-06;9,8e-06;0,2746942;2008-02-01
"171";2008;"Layer 2";3;263,8461914;12,5160017;1,01e-05;1,01e-05;1,01e-05;0,2746691;2008-03-01
"172";2008;"Layer 2";4;263,857666;12,5160027;1,03e-05;1,03e-05;1,03e-05;0,2746408;2008-04-01
"173";2008;"Layer 2";5;263,8320618;12,5153017;1,06e-05;1,06e-05;1,06e-05;0,2745717;2008-05-01
"174";2008;"Layer 2";6;263,7955627;12,5143461;1,1e-05;1,1e-05;1,1e-05;0,2744876;2008-06-01
"175";2008;"Layer 2";7;263,6524353;12,5123043;1,14e-05;1,14e-05;1,14e-05;0,2742831;2008-07-01
"176";2008;"Layer 2";8;263,7209473;12,5122995;1,17e-05;1,17e-05;1,17e-05;0,2743002;2008-08-01
"177";2008;"Layer 2";9;263,7852173;12,5122995;1,21e-05;1,21e-05;1,21e-05;0,2743162;2008-09-01
"178";2008;"Layer 2";10;263,8437805;12,5122929;1,25e-05;1,25e-05;1,25e-05;0,2743299;2008-10-01
"179";2008;"Layer 2";11;263,866272;12,5119781;1,28e-05;1,28e-05;1,28e-05;0,2743064;2008-11-01
"180";2008;"Layer 2";12;263,89505;12,5117636;1,32e-05;1,32e-05;1,32e-05;0,2742918;2008-12-01
"181";2009;"Layer 2";1;263,9182129;12,5115309;1,35e-05;1,35e-05;1,35e-05;0,2742733;2009-01-01
"182";2009;"Layer 2";2;263,9303284;12,5112257;1,38e-05;1,38e-05;1,38e-05;0,2742449;2009-02-01
"183";2009;"Layer 2";3;263,9283142;12,5108051;1,41e-05;1,41e-05;1,41e-05;0,2742018;2009-03-01
"184";2009;"Layer 2";4;263,9247742;12,5103474;1,44e-05;1,44e-05;1,44e-05;0,2741573;2009-04-01
"185";2009;"Layer 2";5;263,8856812;12,5095119;1,47e-05;1,47e-05;1,47e-05;0,2740737;2009-05-01
"186";2009;"Layer 2";6;263,8370972;12,5085564;1,5e-05;1,5e-05;1,5e-05;0,2739766;2009-06-01
"187";2009;"Layer 2";7;263,683075;12,5065155;1,54e-05;1,54e-05;1,54e-05;0,2737606;2009-07-01
"188";2009;"Layer 2";8;263,7418213;12,5065107;1,58e-05;1,58e-05;1,58e-05;0,2737671;2009-08-01
"189";2009;"Layer 2";9;263,7972717;12,5065107;1,62e-05;1,62e-05;1,62e-05;0,2737734;2009-09-01
"190";2009;"Layer 2";10;263,8479004;12,5065041;1,65e-05;1,65e-05;1,65e-05;0,2737785;2009-10-01
"191";2009;"Layer 2";11;263,8632812;12,5061893;1,69e-05;1,69e-05;1,69e-05;0,2737473;2009-11-01
"192";2009;"Layer 2";12;263,8856812;12,5059748;1,72e-05;1,72e-05;1,72e-05;0,2737257;2009-12-01
"193";2010;"Layer 2";1;263,9030762;12,5057421;1,75e-05;1,75e-05;1,75e-05;0,273701;2010-01-01
"194";2010;"Layer 2";2;263,9100037;12,5054369;1,78e-05;1,78e-05;1,78e-05;0,273667;2010-02-01
"195";2010;"Layer 2";3;263,9033508;12,5050173;1,81e-05;1,81e-05;1,81e-05;0,2736189;2010-03-01
"196";2010;"Layer 2";4;263,8956299;12,5045595;1,84e-05;1,84e-05;1,84e-05;0,2735699;2010-04-01
"197";2010;"Layer 2";5;263,8528137;12,5037241;1,87e-05;1,87e-05;1,87e-05;0,2734824;2010-05-01
"198";2010;"Layer 2";6;263,8008423;12,5027695;1,91e-05;1,91e-05;1,91e-05;0,2733817;2010-06-01
"199";2010;"Layer 2";7;263,6437988;12,5007296;1,94e-05;1,94e-05;1,94e-05;0,2731629;2010-07-01
"200";2010;"Layer 2";8;263,6997986;12,5007248;1,98e-05;1,98e-05;1,98e-05;0,2731663;2010-08-01
"201";2010;"Layer 2";9;263,7527771;12,5007248;2,02e-05;2,02e-05;2,02e-05;0,27317;2010-09-01
"202";2010;"Layer 2";10;263,801178;12,5007181;2,06e-05;2,06e-05;2,06e-05;0,2731726;2010-10-01
"203";2010;"Layer 2";11;263,8145447;12,5004044;2,09e-05;2,09e-05;2,09e-05;0,2731393;2010-11-01
"204";2010;"Layer 2";12;263,835144;12,5001898;2,13e-05;2,13e-05;2,13e-05;0,2731158;2010-12-01
"205";2011;"Layer 2";1;263,8509216;12,499958;2,16e-05;2,16e-05;2,16e-05;0,2730893;2011-01-01
"206";2011;"Layer 2";2;263,8564148;12,4996529;2,19e-05;2,19e-05;2,19e-05;0,2730538;2011-02-01
"207";2011;"Layer 2";3;263,8484497;12,4992342;2,22e-05;2,22e-05;2,22e-05;0,2730044;2011-03-01
"208";2011;"Layer 2";4;263,8395691;12,4987774;2,25e-05;2,25e-05;2,25e-05;0,2729542;2011-04-01
"209";2011;"Layer 2";5;263,7956848;12,4979429;2,28e-05;2,28e-05;2,28e-05;0,2728657;2011-05-01
"210";2011;"Layer 2";6;263,7427979;12,4969883;2,31e-05;2,31e-05;2,31e-05;0,2727643;2011-06-01
"211";2011;"Layer 2";7;263,5849304;12,4949493;2,35e-05;2,35e-05;2,35e-05;0,272545;2011-07-01
"212";2011;"Layer 2";8;263,6401672;12,4949446;2,39e-05;2,39e-05;2,39e-05;0,2725475;2011-08-01
"213";2011;"Layer 2";9;263,6924744;12,4949446;2,43e-05;2,43e-05;2,43e-05;0,2725504;2011-09-01
"214";2011;"Layer 2";10;263,7402649;12,4949379;2,46e-05;2,46e-05;2,46e-05;0,2725524;2011-10-01
"215";2011;"Layer 2";11;263,7530823;12,4946241;2,5e-05;2,5e-05;2,5e-05;0,2725185;2011-11-01
"216";2011;"Layer 2";12;263,7731934;12,4944096;2,53e-05;2,53e-05;2,53e-05;0,2724946;2011-12-01
"217";2012;"Layer 2";1;263,7885437;12,4941788;2,57e-05;2,57e-05;2,57e-05;0,2724677;2012-01-01
"218";2012;"Layer 2";2;263,7936707;12,4938736;2,6e-05;2,6e-05;2,6e-05;0,2724318;2012-02-01
"219";2012;"Layer 2";3;263,7854004;12,4934549;2,63e-05;2,63e-05;2,63e-05;0,2723821;2012-03-01
"220";2012;"Layer 2";4;263,7762146;12,493;2,66e-05;2,66e-05;2,66e-05;0,2723317;2012-04-01
"221";2012;"Layer 2";5;263,7320862;12,4921656;2,69e-05;2,69e-05;2,69e-05;0,2722431;2012-05-01
"222";2012;"Layer 2";6;263,6789856;12,4912109;2,72e-05;2,72e-05;2,72e-05;0,2721416;2012-06-01
"223";2012;"Layer 2";7;263,5209656;12,4891729;2,76e-05;2,76e-05;2,76e-05;0,2719226;2012-07-01
"224";2012;"Layer 2";8;263,5759888;12,4891682;2,8e-05;2,8e-05;2,8e-05;0,2719249;2012-08-01
"225";2012;"Layer 2";9;263,6281128;12,4891682;2,84e-05;2,84e-05;2,84e-05;0,2719275;2012-09-01
"226";2012;"Layer 2";10;263,6757202;12,4891615;2,87e-05;2,87e-05;2,87e-05;0,2719293;2012-10-01
"227";2012;"Layer 2";11;263,6884155;12,4888477;2,91e-05;2,91e-05;2,91e-05;0,2718953;2012-11-01
"228";2012;"Layer 2";12;263,7084045;12,4886341;2,94e-05;2,94e-05;2,94e-05;0,2718713;2012-12-01
"229";2013;"Layer 2";1;263,7236328;12,4884033;2,97e-05;2,97e-05;2,97e-05;0,2718444;2013-01-01
"230";2013;"Layer 2";2;263,7286682;12,4880981;3e-05;3e-05;3e-05;0,2718084;2013-02-01
"231";2013;"Layer 2";3;263,7203064;12,4876795;3,03e-05;3,03e-05;3,03e-05;0,2717587;2013-03-01
"232";2013;"Layer 2";4;263,7110901;12,4872246;3,06e-05;3,06e-05;3,06e-05;0,2717083;2013-04-01
"233";2013;"Layer 2";5;263,6669312;12,4863911;3,1e-05;3,1e-05;3,1e-05;0,2716198;2013-05-01
"234";2013;"Layer 2";6;263,6137695;12,4854374;3,13e-05;3,13e-05;3,13e-05;0,2715185;2013-06-01
"235";2013;"Layer 2";7;263,4557495;12,4834003;3,17e-05;3,17e-05;3,17e-05;0,2712999;2013-07-01
"236";2013;"Layer 2";8;263,5107117;12,4833956;3,21e-05;3,21e-05;3,21e-05;0,2713022;2013-08-01
"237";2013;"Layer 2";9;263,5627747;12,4833956;3,24e-05;3,24e-05;3,24e-05;0,2713048;2013-09-01
"238";2013;"Layer 2";10;263,6103516;12,4833889;3,28e-05;3,28e-05;3,28e-05;0,2713065;2013-10-01
"239";2013;"Layer 2";11;263,6230469;12,4830751;3,32e-05;3,32e-05;3,32e-05;0,2712726;2013-11-01
"240";2013;"Layer 2";12;263,6430359;12,4828625;3,35e-05;3,35e-05;3,35e-05;0,2712485;2013-12-01
"241";2014;"Layer 2";1;263,6582336;12,4826317;3,38e-05;3,38e-05;3,38e-05;0,2712216;2014-01-01
"242";2014;"Layer 2";2;263,6632385;12,4823275;3,41e-05;3,41e-05;3,41e-05;0,2711858;2014-02-01
"243";2014;"Layer 2";3;263,6548767;12,4819088;3,44e-05;3,44e-05;3,44e-05;0,2711361;2014-03-01
"244";2014;"Layer 2";4;263,6456604;12,4814548;3,47e-05;3,47e-05;3,47e-05;0,2710858;2014-04-01
"245";2014;"Layer 2";5;263,6015015;12,4806213;3,5e-05;3,5e-05;3,5e-05;0,2709975;2014-05-01
"246";2014;"Layer 2";6;263,5483704;12,4796677;3,54e-05;3,54e-05;3,54e-05;0,2708964;2014-06-01
"247";2014;"Layer 2";7;263,3904114;12,4776316;3,57e-05;3,57e-05;3,57e-05;0,2706783;2014-07-01
"248";2014;"Layer 2";8;263,4453735;12,4776268;3,61e-05;3,61e-05;3,61e-05;0,2706805;2014-08-01
"249";2014;"Layer 2";9;263,4974365;12,4776268;3,65e-05;3,65e-05;3,65e-05;0,2706831;2014-09-01
"250";2014;"Layer 2";10;263,5450134;12,4776201;3,69e-05;3,69e-05;3,69e-05;0,2706848;2014-10-01
"251";2014;"Layer 2";11;263,5577087;12,4773064;3,72e-05;3,72e-05;3,72e-05;0,270651;2014-11-01
"252";2014;"Layer 2";12;263,5776978;12,4770937;3,76e-05;3,76e-05;3,76e-05;0,270627;2014-12-01
"253";2015;"Layer 2";1;263,5929565;12,4768629;3,79e-05;3,79e-05;3,79e-05;0,2706001;2015-01-01
"254";2015;"Layer 2";2;263,5980225;12,4765596;3,82e-05;3,82e-05;3,82e-05;0,2705643;2015-02-01
"255";2015;"Layer 2";3;263,5896912;12,4761419;3,85e-05;3,85e-05;3,85e-05;0,2705148;2015-03-01
"256";2015;"Layer 2";4;263,5804749;12,475688;3,88e-05;3,88e-05;3,88e-05;0,2704646;2015-04-01
"257";2015;"Layer 2";5;263,536377;12,4748545;3,91e-05;3,91e-05;3,91e-05;0,2703765;2015-05-01
"258";2015;"Layer 2";6;263,4833069;12,4739017;3,94e-05;3,94e-05;3,94e-05;0,2702756;2015-06-01
"259";2015;"Layer 2";7;263,3253784;12,4718666;3,98e-05;3,98e-05;3,98e-05;0,270058;2015-07-01
"260";2015;"Layer 2";8;263,3803711;12,4718618;4,02e-05;4,02e-05;4,02e-05;0,2700602;2015-08-01
"261";2015;"Layer 2";9;263,4324646;12,4718618;4,06e-05;4,06e-05;4,06e-05;0,2700628;2015-09-01
"262";2015;"Layer 2";10;263,4800415;12,4718552;4,1e-05;4,1e-05;4,1e-05;0,2700646;2015-10-01
"263";2015;"Layer 2";11;263,4927368;12,4715414;4,13e-05;4,13e-05;4,13e-05;0,2700308;2015-11-01
"264";2015;"Layer 2";12;263,5127563;12,4713287;4,17e-05;4,17e-05;4,17e-05;0,2700068;2015-12-01
"265";2005;"Layer 3";1;201,964798;10,2334223;0;0;0;0,3073205;2005-01-01
"266";2005;"Layer 3";2;202,8929291;10,2813768;1e-07;1e-07;1e-07;0,3087259;2005-02-01
"267";2005;"Layer 3";3;203,7185822;10,3244152;1e-07;1e-07;1e-07;0,3099708;2005-03-01
"268";2005;"Layer 3";4;204,4603729;10,3629961;2e-07;2e-07;2e-07;0,3110845;2005-04-01
"269";2005;"Layer 3";5;205,1001434;10,3969994;3e-07;3e-07;3e-07;0,3120371;2005-05-01
"270";2005;"Layer 3";6;205,6660156;10,4272213;4e-07;4e-07;4e-07;0,3128696;2005-06-01
"271";2005;"Layer 3";7;206,1221924;10,4536314;6e-07;6e-07;6e-07;0,3135245;2005-07-01
"272";2005;"Layer 3";8;206,6548004;10,4783535;8e-07;8e-07;8e-07;0,3142956;2005-08-01
"273";2005;"Layer 3";9;207,1355438;10,5003662;1e-06;1e-06;1e-06;0,3149895;2005-09-01
"274";2005;"Layer 3";10;207,568924;10,5201683;1,2e-06;1,2e-06;1,2e-06;0,3156142;2005-10-01
"275";2005;"Layer 3";11;207,9346924;10,5377245;1,3e-06;1,3e-06;1,3e-06;0,3161342;2005-11-01
"276";2005;"Layer 3";12;208,2707062;10,5535822;1,5e-06;1,5e-06;1,5e-06;0,3166097;2005-12-01
"277";2006;"Layer 3";1;208,5710907;10,5678205;1,7e-06;1,7e-06;1,7e-06;0,3170314;2006-01-01
"278";2006;"Layer 3";2;208,8346558;10,5805521;1,9e-06;1,9e-06;1,9e-06;0,3173972;2006-02-01
"279";2006;"Layer 3";3;209,0619965;10,5918875;2,1e-06;2,1e-06;2,1e-06;0,317706;2006-03-01
"280";2006;"Layer 3";4;209,2653656;10,6019897;2,3e-06;2,3e-06;2,3e-06;0,3179772;2006-04-01
"281";2006;"Layer 3";5;209,4204559;10,6103554;2,5e-06;2,5e-06;2,5e-06;0,3181715;2006-05-01
"282";2006;"Layer 3";6;209,5496674;10,6174946;2,7e-06;2,7e-06;2,7e-06;0,3183205;2006-06-01
"283";2006;"Layer 3";7;209,6120758;10,6231194;3e-06;3e-06;3e-06;0,3183589;2006-07-01
"284";2006;"Layer 3";8;209,7926331;10,6291533;3,2e-06;3,2e-06;3,2e-06;0,3185782;2006-08-01
"285";2006;"Layer 3";9;209,9565735;10,6343431;3,5e-06;3,5e-06;3,5e-06;0,3187756;2006-09-01
"286";2006;"Layer 3";10;210,1048431;10,6390047;3,7e-06;3,7e-06;3,7e-06;0,3189533;2006-10-01
"287";2006;"Layer 3";11;210,2137299;10,642931;4e-06;4e-06;4e-06;0,3190707;2006-11-01
"288";2006;"Layer 3";12;210,3186646;10,6465235;4,2e-06;4,2e-06;4,2e-06;0,3191839;2006-12-01
"289";2007;"Layer 3";1;210,411087;10,6497231;4,4e-06;4,4e-06;4,4e-06;0,3192795;2007-01-01
"290";2007;"Layer 3";2;210,487442;10,6525202;4,7e-06;4,7e-06;4,7e-06;0,3193518;2007-02-01
"291";2007;"Layer 3";3;210,5462341;10,6549149;4,9e-06;4,9e-06;4,9e-06;0,3193963;2007-03-01
"292";2007;"Layer 3";4;210,5979462;10,6569796;5,1e-06;5,1e-06;5,1e-06;0,3194297;2007-04-01
"293";2007;"Layer 3";5;210,6163788;10,6581192;5,4e-06;5,4e-06;5,4e-06;0,3194098;2007-05-01
"294";2007;"Layer 3";6;210,6225891;10,6587591;5,6e-06;5,6e-06;5,6e-06;0,3193659;2007-06-01
"295";2007;"Layer 3";7;210,5740662;10,6585379;5,9e-06;5,9e-06;5,9e-06;0,3192305;2007-07-01
"296";2007;"Layer 3";8;210,6554108;10,6593199;6,2e-06;6,2e-06;6,2e-06;0,319294;2007-08-01
"297";2007;"Layer 3";9;210,730072;10,6597872;6,5e-06;6,5e-06;6,5e-06;0,3193511;2007-09-01
"298";2007;"Layer 3";10;210,7979889;10,6601992;6,8e-06;6,8e-06;6,8e-06;0,3194026;2007-10-01
"299";2007;"Layer 3";11;210,8344879;10,6603003;7e-06;7e-06;7e-06;0,3194064;2007-11-01
"300";2007;"Layer 3";12;210,8742981;10,66045;7,3e-06;7,3e-06;7,3e-06;0,3194173;2007-12-01
"301";2008;"Layer 3";1;210,9081116;10,6605511;7,5e-06;7,5e-06;7,5e-06;0,3194209;2008-01-01
"302";2008;"Layer 3";2;210,9317017;10,6605597;7,8e-06;7,8e-06;7,8e-06;0,3194104;2008-02-01
"303";2008;"Layer 3";3;210,9429932;10,6604433;8e-06;8e-06;8e-06;0,3193803;2008-03-01
"304";2008;"Layer 3";4;210,9519653;10,6602535;8,2e-06;8,2e-06;8,2e-06;0,3193466;2008-04-01
"305";2008;"Layer 3";5;210,9319;10,6595478;8,5e-06;8,5e-06;8,5e-06;0,3192664;2008-05-01
"306";2008;"Layer 3";6;210,9034424;10,6587372;8,7e-06;8,7e-06;8,7e-06;0,3191683;2008-06-01
"307";2008;"Layer 3";7;210,8236542;10,6573639;9e-06;9e-06;9e-06;0,3189841;2008-07-01
"308";2008;"Layer 3";8;210,8770447;10,6573639;9,4e-06;9,4e-06;9,4e-06;0,3190035;2008-08-01
"309";2008;"Layer 3";9;210,9265442;10,6573639;9,6e-06;9,6e-06;9,6e-06;0,3190211;2008-09-01
"310";2008;"Layer 3";10;210,971817;10,6573639;9,9e-06;9,9e-06;9,9e-06;0,3190369;2008-10-01
"311";2008;"Layer 3";11;210,987915;10,657095;1,02e-05;1,02e-05;1,02e-05;0,3190086;2008-11-01
"312";2008;"Layer 3";12;211,0093842;10,6569109;1,04e-05;1,04e-05;1,04e-05;0,3189908;2008-12-01
"313";2009;"Layer 3";1;211,0266876;10,6567116;1,07e-05;1,07e-05;1,07e-05;0,3189684;2009-01-01
"314";2009;"Layer 3";2;211,0354156;10,6564493;1,09e-05;1,09e-05;1,09e-05;0,3189346;2009-02-01
"315";2009;"Layer 3";3;211,0332947;10,6560907;1,12e-05;1,12e-05;1,12e-05;0,3188837;2009-03-01
"316";2009;"Layer 3";4;211,0302429;10,6556787;1,14e-05;1,14e-05;1,14e-05;0,3188311;2009-04-01
"317";2009;"Layer 3";5;210,9993744;10,654973;1,17e-05;1,17e-05;1,17e-05;0,318734;2009-05-01
"318";2009;"Layer 3";6;210,9612274;10,6541624;1,19e-05;1,19e-05;1,19e-05;0,3186208;2009-06-01
"319";2009;"Layer 3";7;210,8727112;10,6527901;1,22e-05;1,22e-05;1,22e-05;0,3184232;2009-07-01
"320";2009;"Layer 3";8;210,9182587;10,6527901;1,25e-05;1,25e-05;1,25e-05;0,3184302;2009-08-01
"321";2009;"Layer 3";9;210,9607086;10,6527901;1,28e-05;1,28e-05;1,28e-05;0,3184365;2009-09-01
"322";2009;"Layer 3";10;210,999649;10,6527901;1,31e-05;1,31e-05;1,31e-05;0,3184423;2009-10-01
"323";2009;"Layer 3";11;211,0100403;10,6525211;1,34e-05;1,34e-05;1,34e-05;0,3184051;2009-11-01
"324";2009;"Layer 3";12;211,0263519;10,6523371;1,36e-05;1,36e-05;1,36e-05;0,3183791;2009-12-01
"325";2010;"Layer 3";1;211,039032;10,6521378;1,39e-05;1,39e-05;1,39e-05;0,3183495;2010-01-01
"326";2010;"Layer 3";2;211,0436096;10,6518755;1,41e-05;1,41e-05;1,41e-05;0,3183091;2010-02-01
"327";2010;"Layer 3";3;211,0377502;10,6515169;1,44e-05;1,44e-05;1,44e-05;0,3182524;2010-03-01
"328";2010;"Layer 3";4;211,0313263;10,6511049;1,46e-05;1,46e-05;1,46e-05;0,3181946;2010-04-01
"329";2010;"Layer 3";5;210,9974213;10,6503992;1,49e-05;1,49e-05;1,49e-05;0,3180929;2010-05-01
"330";2010;"Layer 3";6;210,956543;10,6495895;1,51e-05;1,51e-05;1,51e-05;0,3179756;2010-06-01
"331";2010;"Layer 3";7;210,8655701;10,6482172;1,54e-05;1,54e-05;1,54e-05;0,3177744;2010-07-01
"332";2010;"Layer 3";8;210,9089203;10,6482172;1,57e-05;1,57e-05;1,57e-05;0,317778;2010-08-01
"333";2010;"Layer 3";9;210,9493866;10,6482172;1,6e-05;1,6e-05;1,6e-05;0,3177812;2010-09-01
"334";2010;"Layer 3";10;210,9865417;10,6482172;1,63e-05;1,63e-05;1,63e-05;0,3177841;2010-10-01
"335";2010;"Layer 3";11;210,9953308;10,6479483;1,66e-05;1,66e-05;1,66e-05;0,3177444;2010-11-01
"336";2010;"Layer 3";12;211,0102234;10,6477642;1,68e-05;1,68e-05;1,68e-05;0,3177162;2010-12-01
"337";2011;"Layer 3";1;211,0216064;10,6475649;1,71e-05;1,71e-05;1,71e-05;0,3176846;2011-01-01
"338";2011;"Layer 3";2;211,0250092;10,6473026;1,73e-05;1,73e-05;1,73e-05;0,3176425;2011-02-01
"339";2011;"Layer 3";3;211,0180969;10,646944;1,76e-05;1,76e-05;1,76e-05;0,3175841;2011-03-01
"340";2011;"Layer 3";4;211,0107269;10,6465368;1,78e-05;1,78e-05;1,78e-05;0,317525;2011-04-01
"341";2011;"Layer 3";5;210,9759827;10,6458321;1,81e-05;1,81e-05;1,81e-05;0,3174221;2011-05-01
"342";2011;"Layer 3";6;210,9343414;10,6450224;1,83e-05;1,83e-05;1,83e-05;0,3173038;2011-06-01
"343";2011;"Layer 3";7;210,8426971;10,643651;1,86e-05;1,86e-05;1,86e-05;0,317102;2011-07-01
"344";2011;"Layer 3";8;210,8854218;10,643651;1,9e-05;1,9e-05;1,9e-05;0,3171045;2011-08-01
"345";2011;"Layer 3";9;210,9253235;10,643651;1,92e-05;1,92e-05;1,92e-05;0,3171068;2011-09-01
"346";2011;"Layer 3";10;210,9619751;10,643651;1,95e-05;1,95e-05;1,95e-05;0,317109;2011-10-01
"347";2011;"Layer 3";11;210,9703064;10,6433821;1,98e-05;1,98e-05;1,98e-05;0,3170686;2011-11-01
"348";2011;"Layer 3";12;210,984787;10,643198;2,01e-05;2,01e-05;2,01e-05;0,3170398;2011-12-01
"349";2012;"Layer 3";1;210,9958038;10,6429987;2,03e-05;2,03e-05;2,03e-05;0,3170077;2012-01-01
"350";2012;"Layer 3";2;210,9989014;10,6427374;2,05e-05;2,05e-05;2,05e-05;0,3169651;2012-02-01
"351";2012;"Layer 3";3;210,9916992;10,6423788;2,08e-05;2,08e-05;2,08e-05;0,3169065;2012-03-01
"352";2012;"Layer 3";4;210,9840698;10,6419678;2,1e-05;2,1e-05;2,1e-05;0,316847;2012-04-01
"353";2012;"Layer 3";5;210,9490967;10,641263;2,13e-05;2,13e-05;2,13e-05;0,316744;2012-05-01
"354";2012;"Layer 3";6;210,9072571;10,6404533;2,16e-05;2,16e-05;2,16e-05;0,3166256;2012-06-01
"355";2012;"Layer 3";7;210,8154297;10,6390829;2,19e-05;2,19e-05;2,19e-05;0,316424;2012-07-01
"356";2012;"Layer 3";8;210,8579865;10,6390829;2,22e-05;2,22e-05;2,22e-05;0,3164262;2012-08-01
"357";2012;"Layer 3";9;210,8977356;10,6390829;2,25e-05;2,25e-05;2,25e-05;0,3164283;2012-09-01
"358";2012;"Layer 3";10;210,9342499;10,6390829;2,27e-05;2,27e-05;2,27e-05;0,3164302;2012-10-01
"359";2012;"Layer 3";11;210,9424744;10,638814;2,3e-05;2,3e-05;2,3e-05;0,3163897;2012-11-01
"360";2012;"Layer 3";12;210,9568481;10,6386299;2,33e-05;2,33e-05;2,33e-05;0,3163608;2012-12-01
"361";2013;"Layer 3";1;210,9677734;10,6384306;2,35e-05;2,35e-05;2,35e-05;0,3163286;2013-01-01
"362";2013;"Layer 3";2;210,9707794;10,6381702;2,38e-05;2,38e-05;2,38e-05;0,3162859;2013-02-01
"363";2013;"Layer 3";3;210,963501;10,6378117;2,4e-05;2,4e-05;2,4e-05;0,3162273;2013-03-01
"364";2013;"Layer 3";4;210,9558258;10,6374063;2,42e-05;2,42e-05;2,42e-05;0,3161679;2013-04-01
"365";2013;"Layer 3";5;210,9207916;10,6367016;2,45e-05;2,45e-05;2,45e-05;0,316065;2013-05-01
"366";2013;"Layer 3";6;210,8789062;10,6358929;2,48e-05;2,48e-05;2,48e-05;0,3159467;2013-06-01
"367";2013;"Layer 3";7;210,7870483;10,6345224;2,51e-05;2,51e-05;2,51e-05;0,3157454;2013-07-01
"368";2013;"Layer 3";8;210,8295593;10,6345224;2,54e-05;2,54e-05;2,54e-05;0,3157476;2013-08-01
"369";2013;"Layer 3";9;210,869278;10,6345224;2,57e-05;2,57e-05;2,57e-05;0,3157496;2013-09-01
"370";2013;"Layer 3";10;210,9057465;10,6345224;2,59e-05;2,59e-05;2,59e-05;0,3157515;2013-10-01
"371";2013;"Layer 3";11;210,9139404;10,6342535;2,62e-05;2,62e-05;2,62e-05;0,315711;2013-11-01
"372";2013;"Layer 3";12;210,928299;10,6340694;2,65e-05;2,65e-05;2,65e-05;0,3156821;2013-12-01
"373";2014;"Layer 3";1;210,9392242;10,633872;2,67e-05;2,67e-05;2,67e-05;0,3156499;2014-01-01
"374";2014;"Layer 3";2;210,942215;10,6336117;2,7e-05;2,7e-05;2,7e-05;0,3156074;2014-02-01
"375";2014;"Layer 3";3;210,9349365;10,6332541;2,72e-05;2,72e-05;2,72e-05;0,3155488;2014-03-01
"376";2014;"Layer 3";4;210,9272461;10,6328535;2,75e-05;2,75e-05;2,75e-05;0,3154895;2014-04-01
"377";2014;"Layer 3";5;210,8922272;10,6321497;2,77e-05;2,77e-05;2,77e-05;0,3153868;2014-05-01
"378";2014;"Layer 3";6;210,8503418;10,631341;2,8e-05;2,8e-05;2,8e-05;0,3152688;2014-06-01
"379";2014;"Layer 3";7;210,7584839;10,6299715;2,83e-05;2,83e-05;2,83e-05;0,3150679;2014-07-01
"380";2014;"Layer 3";8;210,8009796;10,6299715;2,86e-05;2,86e-05;2,86e-05;0,3150701;2014-08-01
"381";2014;"Layer 3";9;210,840683;10,6299715;2,89e-05;2,89e-05;2,89e-05;0,3150721;2014-09-01
"382";2014;"Layer 3";10;210,8771515;10,6299715;2,92e-05;2,92e-05;2,92e-05;0,3150739;2014-10-01
"383";2014;"Layer 3";11;210,8853455;10,6297026;2,94e-05;2,94e-05;2,94e-05;0,3150335;2014-11-01
"384";2014;"Layer 3";12;210,8996887;10,6295185;2,97e-05;2,97e-05;2,97e-05;0,3150046;2014-12-01
"385";2015;"Layer 3";1;210,910614;10,6293211;3e-05;3e-05;3e-05;0,3149725;2015-01-01
"386";2015;"Layer 3";2;210,9136047;10,6290607;3,02e-05;3,02e-05;3,02e-05;0,3149301;2015-02-01
"387";2015;"Layer 3";3;210,9063263;10,6287041;3,04e-05;3,04e-05;3,04e-05;0,3148716;2015-03-01
"388";2015;"Layer 3";4;210,8986359;10,6282988;3,07e-05;3,07e-05;3,07e-05;0,3148124;2015-04-01
"389";2015;"Layer 3";5;210,8636169;10,6275949;3,09e-05;3,09e-05;3,09e-05;0,3147099;2015-05-01
"390";2015;"Layer 3";6;210,8217468;10,6267862;3,12e-05;3,12e-05;3,12e-05;0,3145921;2015-06-01
"391";2015;"Layer 3";7;210,7299194;10,6254168;3,15e-05;3,15e-05;3,15e-05;0,3143917;2015-07-01
"392";2015;"Layer 3";8;210,7724152;10,6254168;3,18e-05;3,18e-05;3,18e-05;0,3143938;2015-08-01
"393";2015;"Layer 3";9;210,8121185;10,6254168;3,21e-05;3,21e-05;3,21e-05;0,3143958;2015-09-01
"394";2015;"Layer 3";10;210,8485718;10,6254168;3,24e-05;3,24e-05;3,24e-05;0,3143976;2015-10-01
"395";2015;"Layer 3";11;210,8567657;10,6251488;3,27e-05;3,27e-05;3,27e-05;0,3143573;2015-11-01
"396";2015;"Layer 3";12;210,8711243;10,6249657;3,29e-05;3,29e-05;3,29e-05;0,3143285;2015-12-01
"397";2005;"Layer 4";1;174,8723755;8,8198071;0;0;0;0,310146;2005-01-01
"398";2005;"Layer 4";2;175,68013;8,8612823;0;0;0;0,3115733;2005-02-01
"399";2005;"Layer 4";3;176,4004669;8,8985758;1e-07;1e-07;1e-07;0,3128419;2005-03-01
"400";2005;"Layer 4";4;177,0478363;8,9320993;1e-07;1e-07;1e-07;0,3139782;2005-04-01
"401";2005;"Layer 4";5;177,6105804;8,9620047;2e-07;2e-07;2e-07;0,3149602;2005-05-01
"402";2005;"Layer 4";6;178,1101074;8,9887781;3e-07;3e-07;3e-07;0,3158243;2005-06-01
"403";2005;"Layer 4";7;178,4869995;9,0124216;4e-07;4e-07;4e-07;0,3164593;2005-07-01
"404";2005;"Layer 4";8;178,8337708;9,0336561;6e-07;6e-07;6e-07;0,3170294;2005-08-01
"405";2005;"Layer 4";9;179,254837;9,0532103;8e-07;8e-07;8e-07;0,3177297;2005-09-01
"406";2005;"Layer 4";10;179,6358337;9,0708055;9e-07;9e-07;9e-07;0,3183602;2005-10-01
"407";2005;"Layer 4";11;179,9629211;9,0865602;1,1e-06;1,1e-06;1,1e-06;0,3188941;2005-11-01
"408";2005;"Layer 4";12;180,2620392;9,1007633;1,3e-06;1,3e-06;1,3e-06;0,3193805;2005-12-01
"409";2006;"Layer 4";1;180,5298615;9,1135378;1,5e-06;1,5e-06;1,5e-06;0,3198132;2006-01-01
"410";2006;"Layer 4";2;180,7661743;9,1250105;1,7e-06;1,7e-06;1,7e-06;0,3201917;2006-02-01
"411";2006;"Layer 4";3;180,9720764;9,1353006;1,9e-06;1,9e-06;1,9e-06;0,320516;2006-03-01
"412";2006;"Layer 4";4;181,1564636;9,1445341;2e-06;2e-06;2e-06;0,3208025;2006-04-01
"413";2006;"Layer 4";5;181,3020477;9,1525803;2,2e-06;2,2e-06;2,2e-06;0,321019;2006-05-01
"414";2006;"Layer 4";6;181,4260559;9,1596785;2,4e-06;2,4e-06;2,4e-06;0,3211938;2006-06-01
"415";2006;"Layer 4";7;181,4637604;9,1656065;2,6e-06;2,6e-06;2,6e-06;0,3212064;2006-07-01
"416";2006;"Layer 4";8;181,5056763;9,1708984;2,9e-06;2,9e-06;2,9e-06;0,3212165;2006-08-01
"417";2006;"Layer 4";9;181,6542206;9,1761122;3,1e-06;3,1e-06;3,1e-06;0,3214158;2006-09-01
"418";2006;"Layer 4";10;181,7899933;9,1808004;3,4e-06;3,4e-06;3,4e-06;0,3215953;2006-10-01
"419";2006;"Layer 4";11;181,896225;9,1849384;3,6e-06;3,6e-06;3,6e-06;0,321723;2006-11-01
"420";2006;"Layer 4";12;181,9966278;9,1886864;3,9e-06;3,9e-06;3,9e-06;0,3218438;2006-12-01
"421";2007;"Layer 4";1;182,0856323;9,1920519;4,1e-06;4,1e-06;4,1e-06;0,3219475;2007-01-01
"422";2007;"Layer 4";2;182,1609802;9,195056;4,3e-06;4,3e-06;4,3e-06;0,3220299;2007-02-01
"423";2007;"Layer 4";3;182,2219696;9,1977234;4,6e-06;4,6e-06;4,6e-06;0,3220877;2007-03-01
"424";2007;"Layer 4";4;182,2759399;9,2001009;4,8e-06;4,8e-06;4,8e-06;0,3221342;2007-04-01
"425";2007;"Layer 4";5;182,3040314;9,2019844;5e-06;5e-06;5e-06;0,3221347;2007-05-01
"426";2007;"Layer 4";6;182,3222961;9,2035389;5,2e-06;5,2e-06;5,2e-06;0,3221151;2007-06-01
"427";2007;"Layer 4";7;182,2645111;9,2044764;5,4e-06;5,4e-06;5,4e-06;0,3219522;2007-07-01
"428";2007;"Layer 4";8;182,2205963;9,2052803;5,7e-06;5,7e-06;5,7e-06;0,3218046;2007-08-01
"429";2007;"Layer 4";9;182,2923737;9,2064571;6e-06;6e-06;6e-06;0,3218624;2007-09-01
"430";2007;"Layer 4";10;182,3590698;9,2075129;6,3e-06;6,3e-06;6,3e-06;0,3219145;2007-10-01
"431";2007;"Layer 4";11;182,4030762;9,2083817;6,5e-06;6,5e-06;6,5e-06;0,3219275;2007-11-01
"432";2007;"Layer 4";12;182,4475098;9,2091875;6,8e-06;6,8e-06;6,8e-06;0,3219452;2007-12-01
"433";2008;"Layer 4";1;182,4861298;9,2099047;7,1e-06;7,1e-06;7,1e-06;0,3219561;2008-01-01
"434";2008;"Layer 4";2;182,5161285;9,2105255;7,3e-06;7,3e-06;7,3e-06;0,3219549;2008-02-01
"435";2008;"Layer 4";3;182,5363007;9,2110481;7,5e-06;7,5e-06;7,5e-06;0,3219375;2008-03-01
"436";2008;"Layer 4";4;182,5535431;9,2114964;7,7e-06;7,7e-06;7,7e-06;0,3219164;2008-04-01
"437";2008;"Layer 4";5;182,5485535;9,2114344;7,9e-06;7,9e-06;7,9e-06;0,321856;2008-05-01
"438";2008;"Layer 4";6;182,5370331;9,2111549;8,2e-06;8,2e-06;8,2e-06;0,3217816;2008-06-01
"439";2008;"Layer 4";7;182,4523773;9,2104874;8,4e-06;8,4e-06;8,4e-06;0,3215697;2008-07-01
"440";2008;"Layer 4";8;182,3842926;9,2098818;8,7e-06;8,7e-06;8,7e-06;0,3213779;2008-08-01
"441";2008;"Layer 4";9;182,434433;9,2098818;9e-06;9e-06;9e-06;0,3213958;2008-09-01
"442";2008;"Layer 4";10;182,4816589;9,2098818;9,3e-06;9,3e-06;9,3e-06;0,3214119;2008-10-01
"443";2008;"Layer 4";11;182,5081329;9,2097998;9,6e-06;9,6e-06;9,6e-06;0,3213926;2008-11-01
"444";2008;"Layer 4";12;182,5367889;9,2097502;9,8e-06;9,8e-06;9,8e-06;0,3213812;2008-12-01
"445";2009;"Layer 4";1;182,561203;9,2096977;1,01e-05;1,01e-05;1,01e-05;0,3213659;2009-01-01
"446";2009;"Layer 4";2;182,5783997;9,2096252;1,03e-05;1,03e-05;1,03e-05;0,3213412;2009-02-01
"447";2009;"Layer 4";3;182,5869904;9,2095242;1,06e-05;1,06e-05;1,06e-05;0,3213026;2009-03-01
"448";2009;"Layer 4";4;182,5938568;9,2094173;1,08e-05;1,08e-05;1,08e-05;0,3212625;2009-04-01
"449";2009;"Layer 4";5;182,5795441;9,2091713;1,1e-05;1,1e-05;1,1e-05;0,3211851;2009-05-01
"450";2009;"Layer 4";6;182,5596466;9,2088919;1,12e-05;1,12e-05;1,12e-05;0,3210954;2009-06-01
"451";2009;"Layer 4";7;182,4674377;9,2082243;1,15e-05;1,15e-05;1,15e-05;0,32087;2009-07-01
"452";2009;"Layer 4";8;182,3925781;9,2076187;1,18e-05;1,18e-05;1,18e-05;0,3206662;2009-08-01
"453";2009;"Layer 4";9;182,4366302;9,2076187;1,21e-05;1,21e-05;1,21e-05;0,3206727;2009-09-01
"454";2009;"Layer 4";10;182,4783783;9,2076187;1,23e-05;1,23e-05;1,23e-05;0,3206787;2009-10-01
"455";2009;"Layer 4";11;182,4999237;9,2075367;1,26e-05;1,26e-05;1,26e-05;0,3206503;2009-11-01
"456";2009;"Layer 4";12;182,5241394;9,2074871;1,29e-05;1,29e-05;1,29e-05;0,3206308;2009-12-01
"457";2010;"Layer 4";1;182,5445709;9,2074347;1,31e-05;1,31e-05;1,31e-05;0,3206081;2010-01-01
"458";2010;"Layer 4";2;182,5581818;9,2073622;1,34e-05;1,34e-05;1,34e-05;0,3205768;2010-02-01
"459";2010;"Layer 4";3;182,5635376;9,2072611;1,36e-05;1,36e-05;1,36e-05;0,3205324;2010-03-01
"460";2010;"Layer 4";4;182,5674896;9,2071562;1,38e-05;1,38e-05;1,38e-05;0,3204869;2010-04-01
"461";2010;"Layer 4";5;182,5505676;9,2069101;1,41e-05;1,41e-05;1,41e-05;0,3204049;2010-05-01
"462";2010;"Layer 4";6;182,5283356;9,2066307;1,43e-05;1,43e-05;1,43e-05;0,3203111;2010-06-01
"463";2010;"Layer 4";7;182,4340363;9,2059631;1,45e-05;1,45e-05;1,45e-05;0,3200823;2010-07-01
"464";2010;"Layer 4";8;182,3572693;9,2053585;1,48e-05;1,48e-05;1,48e-05;0,3198755;2010-08-01
"465";2010;"Layer 4";9;182,3995972;9,2053585;1,51e-05;1,51e-05;1,51e-05;0,3198788;2010-09-01
"466";2010;"Layer 4";10;182,4397888;9,2053585;1,54e-05;1,54e-05;1,54e-05;0,3198819;2010-10-01
"467";2010;"Layer 4";11;182,4599304;9,2052765;1,57e-05;1,57e-05;1,57e-05;0,319851;2010-11-01
"468";2010;"Layer 4";12;182,4829102;9,2052269;1,6e-05;1,6e-05;1,6e-05;0,3198292;2010-12-01
"469";2011;"Layer 4";1;182,5022278;9,2051744;1,62e-05;1,62e-05;1,62e-05;0,3198045;2011-01-01
"470";2011;"Layer 4";2;182,5148163;9,205102;1,65e-05;1,65e-05;1,65e-05;0,3197714;2011-02-01
"471";2011;"Layer 4";3;182,5192871;9,2050009;1,67e-05;1,67e-05;1,67e-05;0,3197254;2011-03-01
"472";2011;"Layer 4";4;182,5224152;9,2048883;1,69e-05;1,69e-05;1,69e-05;0,3196786;2011-04-01
"473";2011;"Layer 4";5;182,5047607;9,2046432;1,71e-05;1,71e-05;1,71e-05;0,3195954;2011-05-01
"474";2011;"Layer 4";6;182,4818726;9,2043638;1,74e-05;1,74e-05;1,74e-05;0,3195006;2011-06-01
"475";2011;"Layer 4";7;182,3869934;9,2036963;1,76e-05;1,76e-05;1,76e-05;0,3192713;2011-07-01
"476";2011;"Layer 4";8;182,3097382;9,2030916;1,79e-05;1,79e-05;1,79e-05;0,319064;2011-08-01
"477";2011;"Layer 4";9;182,3515778;9,2030916;1,82e-05;1,82e-05;1,82e-05;0,3190664;2011-09-01
"478";2011;"Layer 4";10;182,3913269;9,2030916;1,85e-05;1,85e-05;1,85e-05;0,3190687;2011-10-01
"479";2011;"Layer 4";11;182,411087;9,2030096;1,88e-05;1,88e-05;1,88e-05;0,3190372;2011-11-01
"480";2011;"Layer 4";12;182,4337158;9,20296;1,9e-05;1,9e-05;1,9e-05;0,3190148;2011-12-01
"481";2012;"Layer 4";1;182,452713;9,2029076;1,93e-05;1,93e-05;1,93e-05;0,3189896;2012-01-01
"482";2012;"Layer 4";2;182,4650116;9,2028351;1,95e-05;1,95e-05;1,95e-05;0,318956;2012-02-01
"483";2012;"Layer 4";3;182,469223;9,202734;1,98e-05;1,98e-05;1,98e-05;0,3189096;2012-03-01
"484";2012;"Layer 4";4;182,4721375;9,2026291;2e-05;2e-05;2e-05;0,3188625;2012-04-01
"485";2012;"Layer 4";5;182,4542847;9,202384;2,02e-05;2,02e-05;2,02e-05;0,3187791;2012-05-01
"486";2012;"Layer 4";6;182,4312134;9,2021055;2,04e-05;2,04e-05;2,04e-05;0,3186843;2012-06-01
"487";2012;"Layer 4";7;182,3362122;9,2014389;2,07e-05;2,07e-05;2,07e-05;0,3184552;2012-07-01
"488";2012;"Layer 4";8;182,2588196;9,2008343;2,1e-05;2,1e-05;2,1e-05;0,3182482;2012-08-01
"489";2012;"Layer 4";9;182,3005066;9,2008343;2,13e-05;2,13e-05;2,13e-05;0,3182503;2012-09-01
"490";2012;"Layer 4";10;182,3401337;9,2008343;2,16e-05;2,16e-05;2,16e-05;0,3182524;2012-10-01
"491";2012;"Layer 4";11;182,359787;9,2007523;2,18e-05;2,18e-05;2,18e-05;0,3182208;2012-11-01
"492";2012;"Layer 4";12;182,382309;9,2007027;2,21e-05;2,21e-05;2,21e-05;0,3181982;2012-12-01
"493";2013;"Layer 4";1;182,4011993;9,2006502;2,24e-05;2,24e-05;2,24e-05;0,318173;2013-01-01
"494";2013;"Layer 4";2;182,4134369;9,2005777;2,26e-05;2,26e-05;2,26e-05;0,3181393;2013-02-01
"495";2013;"Layer 4";3;182,4175873;9,2004766;2,28e-05;2,28e-05;2,28e-05;0,3180929;2013-03-01
"496";2013;"Layer 4";4;182,4204254;9,2003622;2,31e-05;2,31e-05;2,31e-05;0,3180458;2013-04-01
"497";2013;"Layer 4";5;182,4025269;9,2001171;2,33e-05;2,33e-05;2,33e-05;0,3179626;2013-05-01
"498";2013;"Layer 4";6;182,379425;9,1998386;2,35e-05;2,35e-05;2,35e-05;0,3178678;2013-06-01
"499";2013;"Layer 4";7;182,2843933;9,199172;2,38e-05;2,38e-05;2,38e-05;0,3176393;2013-07-01
"500";2013;"Layer 4";8;182,2069855;9,1985674;2,4e-05;2,4e-05;2,4e-05;0,3174327;2013-08-01
"501";2013;"Layer 4";9;182,2486267;9,1985674;2,43e-05;2,43e-05;2,43e-05;0,3174348;2013-09-01
"502";2013;"Layer 4";10;182,288208;9,1985674;2,46e-05;2,46e-05;2,46e-05;0,3174368;2013-10-01
"503";2013;"Layer 4";11;182,3078156;9,1984854;2,49e-05;2,49e-05;2,49e-05;0,3174052;2013-11-01
"504";2013;"Layer 4";12;182,330307;9,1984358;2,52e-05;2,52e-05;2,52e-05;0,3173826;2013-12-01
"505";2014;"Layer 4";1;182,3491821;9,1983833;2,54e-05;2,54e-05;2,54e-05;0,3173574;2014-01-01
"506";2014;"Layer 4";2;182,3613892;9,1983109;2,57e-05;2,57e-05;2,57e-05;0,3173239;2014-02-01
"507";2014;"Layer 4";3;182,365509;9,1982098;2,59e-05;2,59e-05;2,59e-05;0,3172776;2014-03-01
"508";2014;"Layer 4";4;182,3683472;9,1980972;2,61e-05;2,61e-05;2,61e-05;0,3172305;2014-04-01
"509";2014;"Layer 4";5;182,3504486;9,1978521;2,64e-05;2,64e-05;2,64e-05;0,3171474;2014-05-01
"510";2014;"Layer 4";6;182,3273315;9,1975737;2,66e-05;2,66e-05;2,66e-05;0,3170529;2014-06-01
"511";2014;"Layer 4";7;182,2323151;9,196907;2,68e-05;2,68e-05;2,68e-05;0,316825;2014-07-01
"512";2014;"Layer 4";8;182,1549225;9,1963024;2,71e-05;2,71e-05;2,71e-05;0,3166189;2014-08-01
"513";2014;"Layer 4";9;182,1965485;9,1963024;2,74e-05;2,74e-05;2,74e-05;0,3166209;2014-09-01
"514";2014;"Layer 4";10;182,2361145;9,1963024;2,77e-05;2,77e-05;2,77e-05;0,3166229;2014-10-01
"515";2014;"Layer 4";11;182,255722;9,1962204;2,8e-05;2,8e-05;2,8e-05;0,3165914;2014-11-01
"516";2014;"Layer 4";12;182,2782135;9,1961708;2,83e-05;2,83e-05;2,83e-05;0,3165689;2014-12-01
"517";2015;"Layer 4";1;182,2970886;9,1961184;2,85e-05;2,85e-05;2,85e-05;0,3165437;2015-01-01
"518";2015;"Layer 4";2;182,3092957;9,1960459;2,88e-05;2,88e-05;2,88e-05;0,3165102;2015-02-01
"519";2015;"Layer 4";3;182,3134155;9,1959448;2,9e-05;2,9e-05;2,9e-05;0,316464;2015-03-01
"520";2015;"Layer 4";4;182,3162384;9,1958303;2,92e-05;2,92e-05;2,92e-05;0,3164171;2015-04-01
"521";2015;"Layer 4";5;182,2983398;9,1955853;2,94e-05;2,94e-05;2,94e-05;0,3163342;2015-05-01
"522";2015;"Layer 4";6;182,275238;9,1953068;2,97e-05;2,97e-05;2,97e-05;0,31624;2015-06-01
"523";2015;"Layer 4";7;182,1802521;9,1946402;2,99e-05;2,99e-05;2,99e-05;0,3160126;2015-07-01
"524";2015;"Layer 4";8;182,1028748;9,1940355;3,02e-05;3,02e-05;3,02e-05;0,315807;2015-08-01
"525";2015;"Layer 4";9;182,1444855;9,1940355;3,05e-05;3,05e-05;3,05e-05;0,3158091;2015-09-01
"526";2015;"Layer 4";10;182,1840363;9,1940355;3,08e-05;3,08e-05;3,08e-05;0,3158111;2015-10-01
"527";2015;"Layer 4";11;182,2036438;9,1939535;3,11e-05;3,11e-05;3,11e-05;0,3157796;2015-11-01
"528";2015;"Layer 4";12;182,22612;9,1939039;3,13e-05;3,13e-05;3,13e-05;0,3157571;2015-12-01
"529";2005;"Layer 5";1;182,9978333;9,2296295;0;0;0;0,3574736;2005-01-01
"530";2005;"Layer 5";2;183,842865;9,2730322;0;0;0;0,3591187;2005-02-01
"531";2005;"Layer 5";3;184,5962677;9,3120565;1e-07;1e-07;1e-07;0,3605808;2005-03-01
"532";2005;"Layer 5";4;185,2731628;9,3471222;1e-07;1e-07;1e-07;0,3618904;2005-04-01
"533";2005;"Layer 5";5;185,8614044;9,3784122;2e-07;2e-07;2e-07;0,3630224;2005-05-01
"534";2005;"Layer 5";6;186,3832703;9,4064302;3e-07;3e-07;3e-07;0,3640183;2005-06-01
"535";2005;"Layer 5";7;186,7777557;9,4311829;4e-07;4e-07;4e-07;0,3647524;2005-07-01
"536";2005;"Layer 5";8;187,1159973;9,4532995;6e-07;6e-07;6e-07;0,3653608;2005-08-01
"537";2005;"Layer 5";9;187,5571289;9,4737854;7e-07;7e-07;7e-07;0,3661679;2005-09-01
"538";2005;"Layer 5";10;187,9564972;9,492219;9e-07;9e-07;9e-07;0,3668945;2005-10-01
"539";2005;"Layer 5";11;188,2998199;9,5087271;1,2e-06;1,2e-06;1,2e-06;0,3675098;2005-11-01
"540";2005;"Layer 5";12;188,6137543;9,5236082;1,4e-06;1,4e-06;1,4e-06;0,3680703;2005-12-01
"541";2006;"Layer 5";1;188,8947754;9,536993;1,6e-06;1,6e-06;1,6e-06;0,3685689;2006-01-01
"542";2006;"Layer 5";2;189,1426544;9,5490131;1,7e-06;1,7e-06;1,7e-06;0,3690051;2006-02-01
"543";2006;"Layer 5";3;189,3584595;9,5597935;1,9e-06;1,9e-06;1,9e-06;0,3693788;2006-03-01
"544";2006;"Layer 5";4;189,5515442;9,5694389;2,1e-06;2,1e-06;2,1e-06;0,3697088;2006-04-01
"545";2006;"Layer 5";5;189,70401;9,5778465;2,3e-06;2,3e-06;2,3e-06;0,3699586;2006-05-01
"546";2006;"Layer 5";6;189,8334656;9,585269;2,5e-06;2,5e-06;2,5e-06;0,3701602;2006-06-01
"547";2006;"Layer 5";7;189,8735962;9,5914774;2,7e-06;2,7e-06;2,7e-06;0,3701768;2006-07-01
"548";2006;"Layer 5";8;189,8929596;9,5969038;3e-06;3e-06;3e-06;0,3701391;2006-08-01
"549";2006;"Layer 5";9;190,0494232;9,6023779;3,2e-06;3,2e-06;3,2e-06;0,3703687;2006-09-01
"550";2006;"Layer 5";10;190,1926575;9,6073017;3,5e-06;3,5e-06;3,5e-06;0,3705754;2006-10-01
"551";2006;"Layer 5";11;190,3052979;9,6116495;3,8e-06;3,8e-06;3,8e-06;0,3707224;2006-11-01
"552";2006;"Layer 5";12;190,4117126;9,6155872;4,1e-06;4,1e-06;4,1e-06;0,3708616;2006-12-01
"553";2007;"Layer 5";1;190,5059662;9,6191225;4,3e-06;4,3e-06;4,3e-06;0,370981;2007-01-01
"554";2007;"Layer 5";2;190,5857239;9,6222782;4,5e-06;4,5e-06;4,5e-06;0,3710759;2007-02-01
"555";2007;"Layer 5";3;190,650177;9,6250801;4,8e-06;4,8e-06;4,8e-06;0,3711423;2007-03-01
"556";2007;"Layer 5";4;190,7070618;9,6275511;5e-06;5e-06;5e-06;0,3711958;2007-04-01
"557";2007;"Layer 5";5;190,7368317;9,6295042;5,2e-06;5,2e-06;5,2e-06;0,3711966;2007-05-01
"558";2007;"Layer 5";6;190,7558441;9,6311197;5,4e-06;5,4e-06;5,4e-06;0,3711741;2007-06-01
"559";2007;"Layer 5";7;190,6962433;9,6321011;5,7e-06;5,7e-06;5,7e-06;0,3709885;2007-07-01
"560";2007;"Layer 5";8;190,6258545;9,6328259;6e-06;6e-06;6e-06;0,370769;2007-08-01
"561";2007;"Layer 5";9;190,7021484;9,6340733;6,3e-06;6,3e-06;6,3e-06;0,3708354;2007-09-01
"562";2007;"Layer 5";10;190,7732391;9,6351919;6,6e-06;6,6e-06;6,6e-06;0,3708953;2007-10-01
"563";2007;"Layer 5";11;190,8209076;9,636116;6,9e-06;6,9e-06;6,9e-06;0,3709102;2007-11-01
"564";2007;"Layer 5";12;190,8688507;9,6369715;7,1e-06;7,1e-06;7,1e-06;0,3709304;2007-12-01
"565";2008;"Layer 5";1;190,9104919;9,6377335;7,4e-06;7,4e-06;7,4e-06;0,3709428;2008-01-01
"566";2008;"Layer 5";2;190,9428864;9,6383934;7,7e-06;7,7e-06;7,7e-06;0,3709413;2008-02-01
"567";2008;"Layer 5";3;190,9647217;9,6389484;7,9e-06;7,9e-06;7,9e-06;0,3709211;2008-03-01
"568";2008;"Layer 5";4;190,9832306;9,6394033;8,1e-06;8,1e-06;8,1e-06;0,3708966;2008-04-01
"569";2008;"Layer 5";5;190,9784546;9,6395416;8,4e-06;8,4e-06;8,4e-06;0,3708273;2008-05-01
"570";2008;"Layer 5";6;190,9663696;9,6392918;8,6e-06;8,6e-06;8,6e-06;0,3707416;2008-06-01
"571";2008;"Layer 5";7;190,8786926;9,6385994;8,8e-06;8,8e-06;8,8e-06;0,3704996;2008-07-01
"572";2008;"Layer 5";8;190,7830353;9,6378374;9,1e-06;9,1e-06;9,1e-06;0,3702292;2008-08-01
"573";2008;"Layer 5";9;190,836731;9,6378374;9,4e-06;9,4e-06;9,4e-06;0,3702495;2008-09-01
"574";2008;"Layer 5";10;190,8874817;9,6378374;9,8e-06;9,8e-06;9,8e-06;0,370268;2008-10-01
"575";2008;"Layer 5";11;190,9168396;9,6377544;1,01e-05;1,01e-05;1,01e-05;0,3702456;2008-11-01
"576";2008;"Layer 5";12;190,9483185;9,6377039;1,04e-05;1,04e-05;1,04e-05;0,3702323;2008-12-01
"577";2009;"Layer 5";1;190,9751282;9,6376505;1,06e-05;1,06e-05;1,06e-05;0,3702146;2009-01-01
"578";2009;"Layer 5";2;190,9941711;9,6375761;1,09e-05;1,09e-05;1,09e-05;0,370186;2009-02-01
"579";2009;"Layer 5";3;191,0039368;9,6374702;1,11e-05;1,11e-05;1,11e-05;0,3701414;2009-03-01
"580";2009;"Layer 5";4;191,0116119;9,6373224;1,14e-05;1,14e-05;1,14e-05;0,370095;2009-04-01
"581";2009;"Layer 5";5;190,9970856;9,6370659;1,16e-05;1,16e-05;1,16e-05;0,3700061;2009-05-01
"582";2009;"Layer 5";6;190,9762421;9,6367741;1,18e-05;1,18e-05;1,18e-05;0,3699028;2009-06-01
"583";2009;"Layer 5";7;190,8807068;9,6360817;1,21e-05;1,21e-05;1,21e-05;0,3696453;2009-07-01
"584";2009;"Layer 5";8;190,7779846;9,6353207;1,24e-05;1,24e-05;1,24e-05;0,3693611;2009-08-01
"585";2009;"Layer 5";9;190,8253174;9,6353207;1,27e-05;1,27e-05;1,27e-05;0,3693685;2009-09-01
"586";2009;"Layer 5";10;190,8703461;9,6353207;1,3e-05;1,3e-05;1,3e-05;0,3693752;2009-10-01
"587";2009;"Layer 5";11;190,8945618;9,6352377;1,33e-05;1,33e-05;1,33e-05;0,3693424;2009-11-01
"588";2009;"Layer 5";12;190,921402;9,6351871;1,36e-05;1,36e-05;1,36e-05;0,3693197;2009-12-01
"589";2010;"Layer 5";1;190,944046;9,6351337;1,39e-05;1,39e-05;1,39e-05;0,3692935;2010-01-01
"590";2010;"Layer 5";2;190,9593353;9,6350594;1,41e-05;1,41e-05;1,41e-05;0,3692573;2010-02-01
"591";2010;"Layer 5";3;190,9657135;9,6349535;1,44e-05;1,44e-05;1,44e-05;0,3692059;2010-03-01
"592";2010;"Layer 5";4;190,9703522;9,6348066;1,46e-05;1,46e-05;1,46e-05;0,3691534;2010-04-01
"593";2010;"Layer 5";5;190,9531097;9,6345501;1,48e-05;1,48e-05;1,48e-05;0,3690591;2010-05-01
"594";2010;"Layer 5";6;190,9298248;9,6342583;1,51e-05;1,51e-05;1,51e-05;0,3689511;2010-06-01
"595";2010;"Layer 5";7;190,8320923;9,6335659;1,53e-05;1,53e-05;1,53e-05;0,3686897;2010-07-01
"596";2010;"Layer 5";8;190,7274017;9,6328049;1,56e-05;1,56e-05;1,56e-05;0,3684022;2010-08-01
"597";2010;"Layer 5";9;190,772934;9,6328049;1,59e-05;1,59e-05;1,59e-05;0,3684059;2010-09-01
"598";2010;"Layer 5";10;190,8163452;9,6328049;1,62e-05;1,62e-05;1,62e-05;0,3684093;2010-10-01
"599";2010;"Layer 5";11;190,8390961;9,6327219;1,66e-05;1,66e-05;1,66e-05;0,3683736;2010-11-01
"600";2010;"Layer 5";12;190,864624;9,6326714;1,69e-05;1,69e-05;1,69e-05;0,3683483;2010-12-01
"601";2011;"Layer 5";1;190,8861084;9,632618;1,71e-05;1,71e-05;1,71e-05;0,3683197;2011-01-01
"602";2011;"Layer 5";2;190,9003448;9,6325436;1,74e-05;1,74e-05;1,74e-05;0,3682815;2011-02-01
"603";2011;"Layer 5";3;190,905777;9,6324377;1,76e-05;1,76e-05;1,76e-05;0,3682283;2011-03-01
"604";2011;"Layer 5";4;190,9095612;9,6322956;1,79e-05;1,79e-05;1,79e-05;0,3681743;2011-04-01
"605";2011;"Layer 5";5;190,8915558;9,6320391;1,81e-05;1,81e-05;1,81e-05;0,3680786;2011-05-01
"606";2011;"Layer 5";6;190,8675842;9,6317472;1,83e-05;1,83e-05;1,83e-05;0,3679695;2011-06-01
"607";2011;"Layer 5";7;190,7692719;9,6310549;1,86e-05;1,86e-05;1,86e-05;0,3677076;2011-07-01
"608";2011;"Layer 5";8;190,6640625;9,6302938;1,89e-05;1,89e-05;1,89e-05;0,3674197;2011-08-01
"609";2011;"Layer 5";9;190,7090759;9,6302938;1,92e-05;1,92e-05;1,92e-05;0,3674223;2011-09-01
"610";2011;"Layer 5";10;190,7520142;9,6302938;1,95e-05;1,95e-05;1,95e-05;0,3674248;2011-10-01
"611";2011;"Layer 5";11;190,7743683;9,6302109;1,98e-05;1,98e-05;1,98e-05;0,3673884;2011-11-01
"612";2011;"Layer 5";12;190,7995148;9,6301603;2,01e-05;2,01e-05;2,01e-05;0,3673624;2011-12-01
"613";2012;"Layer 5";1;190,8206482;9,6301069;2,04e-05;2,04e-05;2,04e-05;0,3673333;2012-01-01
"614";2012;"Layer 5";2;190,8345795;9,6300325;2,06e-05;2,06e-05;2,06e-05;0,3672945;2012-02-01
"615";2012;"Layer 5";3;190,8397369;9,6299267;2,09e-05;2,09e-05;2,09e-05;0,3672409;2012-03-01
"616";2012;"Layer 5";4;190,843277;9,6297808;2,11e-05;2,11e-05;2,11e-05;0,3671865;2012-04-01
"617";2012;"Layer 5";5;190,825058;9,6295252;2,14e-05;2,14e-05;2,14e-05;0,3670907;2012-05-01
"618";2012;"Layer 5";6;190,8009033;9,6292343;2,16e-05;2,16e-05;2,16e-05;0,3669815;2012-06-01
"619";2012;"Layer 5";7;190,7024536;9,6285419;2,18e-05;2,18e-05;2,18e-05;0,3667198;2012-07-01
"620";2012;"Layer 5";8;190,5971222;9,6277809;2,21e-05;2,21e-05;2,21e-05;0,3664324;2012-08-01
"621";2012;"Layer 5";9;190,6419678;9,6277809;2,25e-05;2,25e-05;2,25e-05;0,3664348;2012-09-01
"622";2012;"Layer 5";10;190,6847687;9,6277809;2,28e-05;2,28e-05;2,28e-05;0,366437;2012-10-01
"623";2012;"Layer 5";11;190,7069855;9,6276979;2,31e-05;2,31e-05;2,31e-05;0,3664004;2012-11-01
"624";2012;"Layer 5";12;190,7320251;9,6276474;2,34e-05;2,34e-05;2,34e-05;0,3663743;2012-12-01
"625";2013;"Layer 5";1;190,7530518;9,627594;2,36e-05;2,36e-05;2,36e-05;0,366345;2013-01-01
"626";2013;"Layer 5";2;190,7669067;9,6275196;2,39e-05;2,39e-05;2,39e-05;0,3663062;2013-02-01
"627";2013;"Layer 5";3;190,7720032;9,6274137;2,41e-05;2,41e-05;2,41e-05;0,3662526;2013-03-01
"628";2013;"Layer 5";4;190,7754822;9,6272678;2,44e-05;2,44e-05;2,44e-05;0,3661982;2013-04-01
"629";2013;"Layer 5";5;190,7572174;9,6270123;2,46e-05;2,46e-05;2,46e-05;0,3661025;2013-05-01
"630";2013;"Layer 5";6;190,733017;9,6267214;2,48e-05;2,48e-05;2,48e-05;0,3659935;2013-06-01
"631";2013;"Layer 5";7;190,634552;9,62603;2,51e-05;2,51e-05;2,51e-05;0,3657325;2013-07-01
"632";2013;"Layer 5";8;190,5292206;9,6252689;2,54e-05;2,54e-05;2,54e-05;0,3654458;2013-08-01
"633";2013;"Layer 5";9;190,5740204;9,6252689;2,57e-05;2,57e-05;2,57e-05;0,365448;2013-09-01
"634";2013;"Layer 5";10;190,6167755;9,6252689;2,6e-05;2,6e-05;2,6e-05;0,3654502;2013-10-01
"635";2013;"Layer 5";11;190,6389465;9,625186;2,63e-05;2,63e-05;2,63e-05;0,3654137;2013-11-01
"636";2013;"Layer 5";12;190,6639557;9,6251354;2,66e-05;2,66e-05;2,66e-05;0,3653875;2013-12-01
"637";2014;"Layer 5";1;190,684967;9,625082;2,69e-05;2,69e-05;2,69e-05;0,3653583;2014-01-01
"638";2014;"Layer 5";2;190,6987915;9,6250076;2,72e-05;2,72e-05;2,72e-05;0,3653196;2014-02-01
"639";2014;"Layer 5";3;190,7038727;9,6249027;2,74e-05;2,74e-05;2,74e-05;0,3652661;2014-03-01
"640";2014;"Layer 5";4;190,7073364;9,6247635;2,76e-05;2,76e-05;2,76e-05;0,3652118;2014-04-01
"641";2014;"Layer 5";5;190,6890564;9,6245079;2,79e-05;2,79e-05;2,79e-05;0,3651163;2014-05-01
"642";2014;"Layer 5";6;190,664856;9,624217;2,81e-05;2,81e-05;2,81e-05;0,3650075;2014-06-01
"643";2014;"Layer 5";7;190,5664062;9,6235256;2,84e-05;2,84e-05;2,84e-05;0,3647472;2014-07-01
"644";2014;"Layer 5";8;190,4610901;9,6227655;2,86e-05;2,86e-05;2,86e-05;0,3644612;2014-08-01
"645";2014;"Layer 5";9;190,5058594;9,6227655;2,9e-05;2,9e-05;2,9e-05;0,3644634;2014-09-01
"646";2014;"Layer 5";10;190,548584;9,6227655;2,93e-05;2,93e-05;2,93e-05;0,3644656;2014-10-01
"647";2014;"Layer 5";11;190,570755;9,6226826;2,96e-05;2,96e-05;2,96e-05;0,3644291;2014-11-01
"648";2014;"Layer 5";12;190,5957336;9,622632;2,99e-05;2,99e-05;2,99e-05;0,3644031;2014-12-01
"649";2015;"Layer 5";1;190,6167297;9,6225786;3,02e-05;3,02e-05;3,02e-05;0,364374;2015-01-01
"650";2015;"Layer 5";2;190,6305389;9,6225042;3,04e-05;3,04e-05;3,04e-05;0,3643353;2015-02-01
"651";2015;"Layer 5";3;190,6356049;9,6223993;3,07e-05;3,07e-05;3,07e-05;0,364282;2015-03-01
"652";2015;"Layer 5";4;190,6390686;9,6222534;3,09e-05;3,09e-05;3,09e-05;0,3642278;2015-04-01
"653";2015;"Layer 5";5;190,6208038;9,6219978;3,11e-05;3,11e-05;3,11e-05;0,3641326;2015-05-01
"654";2015;"Layer 5";6;190,5966034;9,621707;3,14e-05;3,14e-05;3,14e-05;0,3640241;2015-06-01
"655";2015;"Layer 5";7;190,4981995;9,6210155;3,16e-05;3,16e-05;3,16e-05;0,3637645;2015-07-01
"656";2015;"Layer 5";8;190,3929291;9,6202555;3,19e-05;3,19e-05;3,19e-05;0,3634793;2015-08-01
"657";2015;"Layer 5";9;190,4376831;9,6202555;3,22e-05;3,22e-05;3,22e-05;0,3634815;2015-09-01
"658";2015;"Layer 5";10;190,4803925;9,6202555;3,25e-05;3,25e-05;3,25e-05;0,3634836;2015-10-01
"659";2015;"Layer 5";11;190,5025482;9,6201725;3,28e-05;3,28e-05;3,28e-05;0,3634473;2015-11-01
"660";2015;"Layer 5";12;190,5275421;9,620122;3,31e-05;3,31e-05;3,31e-05;0,3634213;2015-12-01
"661";2005;"Layer 6";1;97,6458206;5,5546775;0;0;0;0,3999115;2005-01-01
"662";2005;"Layer 6";2;98,0972748;5,5807996;0;0;0;0,4017518;2005-02-01
"663";2005;"Layer 6";3;98,5001907;5,6042871;1e-07;1e-07;1e-07;0,4033874;2005-03-01
"664";2005;"Layer 6";4;98,8624496;5,6253619;1e-07;1e-07;1e-07;0,4048523;2005-04-01
"665";2005;"Layer 6";5;99,1773834;5,6440978;1e-07;1e-07;1e-07;0,4061186;2005-05-01
"666";2005;"Layer 6";6;99,4570541;5,66083;2e-07;2e-07;2e-07;0,4072325;2005-06-01
"667";2005;"Layer 6";7;99,668808;5,6755652;3e-07;3e-07;3e-07;0,4080532;2005-07-01
"668";2005;"Layer 6";8;99,8475723;5,6886759;4e-07;4e-07;4e-07;0,4087204;2005-08-01
"669";2005;"Layer 6";9;100,0842209;5,7008038;5e-07;5e-07;5e-07;0,409622;2005-09-01
"670";2005;"Layer 6";10;100,298645;5,7117162;6e-07;6e-07;6e-07;0,4104341;2005-10-01
"671";2005;"Layer 6";11;100,4840393;5,7214899;7e-07;7e-07;7e-07;0,4111217;2005-11-01
"672";2005;"Layer 6";12;100,6539307;5,7303023;9e-07;9e-07;9e-07;0,4117481;2005-12-01
"673";2006;"Layer 6";1;100,8063354;5,7382293;1e-06;1e-06;1e-06;0,4123052;2006-01-01
"674";2006;"Layer 6";2;100,9410019;5,7453475;1,1e-06;1,1e-06;1,1e-06;0,4127925;2006-02-01
"675";2006;"Layer 6";3;101,0587158;5,7517319;1,2e-06;1,2e-06;1,2e-06;0,41321;2006-03-01
"676";2006;"Layer 6";4;101,1643143;5,7574019;1,4e-06;1,4e-06;1,4e-06;0,4135786;2006-04-01
"677";2006;"Layer 6";5;101,2480621;5,7622705;1,5e-06;1,5e-06;1,5e-06;0,4138574;2006-05-01
"678";2006;"Layer 6";6;101,3194275;5,7665205;1,6e-06;1,6e-06;1,6e-06;0,4140824;2006-06-01
"679";2006;"Layer 6";7;101,3430252;5,7700167;1,7e-06;1,7e-06;1,7e-06;0,4141002;2006-07-01
"680";2006;"Layer 6";8;101,3524857;5,7730112;1,9e-06;1,9e-06;1,9e-06;0,4140444;2006-08-01
"681";2006;"Layer 6";9;101,4379807;5,7760401;2,1e-06;2,1e-06;2,1e-06;0,4142997;2006-09-01
"682";2006;"Layer 6";10;101,5164032;5,7787633;2,2e-06;2,2e-06;2,2e-06;0,4145299;2006-10-01
"683";2006;"Layer 6";11;101,5793304;5,781168;2,4e-06;2,4e-06;2,4e-06;0,4146935;2006-11-01
"684";2006;"Layer 6";12;101,6390457;5,7833481;2,6e-06;2,6e-06;2,6e-06;0,4148483;2006-12-01
"685";2007;"Layer 6";1;101,6922989;5,785306;2,8e-06;2,8e-06;2,8e-06;0,414981;2007-01-01
"686";2007;"Layer 6";2;101,7377167;5,7870522;2,9e-06;2,9e-06;2,9e-06;0,4150863;2007-02-01
"687";2007;"Layer 6";3;101,7750931;5,7886019;3,1e-06;3,1e-06;3,1e-06;0,4151599;2007-03-01
"688";2007;"Layer 6";4;101,8083954;5,7899246;3,2e-06;3,2e-06;3,2e-06;0,415219;2007-04-01
"689";2007;"Layer 6";5;101,8270111;5,7908831;3,3e-06;3,3e-06;3,3e-06;0,4152191;2007-05-01
"690";2007;"Layer 6";6;101,8397522;5,791616;3,5e-06;3,5e-06;3,5e-06;0,4151932;2007-06-01
"691";2007;"Layer 6";7;101,8103943;5,7919474;3,6e-06;3,6e-06;3,6e-06;0,4149848;2007-07-01
"692";2007;"Layer 6";8;101,7721786;5,7920957;3,8e-06;3,8e-06;3,8e-06;0,4147255;2007-08-01
"693";2007;"Layer 6";9;101,8151245;5,7925658;4e-06;4e-06;4e-06;0,4147981;2007-09-01
"694";2007;"Layer 6";10;101,8552551;5,7929864;4,2e-06;4,2e-06;4,2e-06;0,414864;2007-10-01
"695";2007;"Layer 6";11;101,8836975;5,7933187;4,4e-06;4,4e-06;4,4e-06;0,4148797;2007-11-01
"696";2007;"Layer 6";12;101,9123917;5,7936335;4,6e-06;4,6e-06;4,6e-06;0,4149013;2007-12-01
"697";2008;"Layer 6";1;101,9377289;5,7939129;4,7e-06;4,7e-06;4,7e-06;0,4149143;2008-01-01
"698";2008;"Layer 6";2;101,9580078;5,7941484;4,9e-06;4,9e-06;4,9e-06;0,4149118;2008-02-01
"699";2008;"Layer 6";3;101,9727631;5,7943377;5,1e-06;5,1e-06;5,1e-06;0,4148884;2008-03-01
"700";2008;"Layer 6";4;101,9857101;5,7944431;5,2e-06;5,2e-06;5,2e-06;0,4148602;2008-04-01
"701";2008;"Layer 6";5;101,9859924;5,7943063;5,4e-06;5,4e-06;5,4e-06;0,4147819;2008-05-01
"702";2008;"Layer 6";6;101,9822235;5,7941313;5,5e-06;5,5e-06;5,5e-06;0,4146854;2008-06-01
"703";2008;"Layer 6";7;101,9379501;5,793715;5,7e-06;5,7e-06;5,7e-06;0,4144137;2008-07-01
"704";2008;"Layer 6";8;101,8863144;5,7932396;5,8e-06;5,8e-06;5,8e-06;0,4140975;2008-08-01
"705";2008;"Layer 6";9;101,9172745;5,7932386;6e-06;6e-06;6e-06;0,4141186;2008-09-01
"706";2008;"Layer 6";10;101,9466171;5,7932386;6,2e-06;6,2e-06;6,2e-06;0,4141381;2008-10-01
"707";2008;"Layer 6";11;101,9653473;5,7931914;6,4e-06;6,4e-06;6,4e-06;0,4141121;2008-11-01
"708";2008;"Layer 6";12;101,9853058;5,7931647;6,6e-06;6,6e-06;6,6e-06;0,4140962;2008-12-01
"709";2009;"Layer 6";1;102,0027771;5,7931366;6,8e-06;6,8e-06;6,8e-06;0,4140755;2009-01-01
"710";2009;"Layer 6";2;102,0159607;5,7930951;6,9e-06;6,9e-06;6,9e-06;0,4140426;2009-02-01
"711";2009;"Layer 6";3;102,0242767;5,793035;7,1e-06;7,1e-06;7,1e-06;0,4139919;2009-03-01
"712";2009;"Layer 6";4;102,0314407;5,7929463;7,3e-06;7,3e-06;7,3e-06;0,4139392;2009-04-01
"713";2009;"Layer 6";5;102,0265274;5,7927923;7,4e-06;7,4e-06;7,4e-06;0,4138389;2009-05-01
"714";2009;"Layer 6";6;102,0180969;5,7926173;7,6e-06;7,6e-06;7,6e-06;0,4137227;2009-06-01
"715";2009;"Layer 6";7;101,9696274;5,792201;7,7e-06;7,7e-06;7,7e-06;0,4134337;2009-07-01
"716";2009;"Layer 6";8;101,9142151;5,7917256;7,9e-06;7,9e-06;7,9e-06;0,4131022;2009-08-01
"717";2009;"Layer 6";9;101,9417953;5,7917247;8,1e-06;8,1e-06;8,1e-06;0,4131087;2009-09-01
"718";2009;"Layer 6";10;101,9681015;5,7917247;8,3e-06;8,3e-06;8,3e-06;0,4131151;2009-10-01
"719";2009;"Layer 6";11;101,9841003;5,7916784;8,5e-06;8,5e-06;8,5e-06;0,4130774;2009-11-01
"720";2009;"Layer 6";12;102,0016022;5,7916527;8,7e-06;8,7e-06;8,7e-06;0,413051;2009-12-01
"721";2010;"Layer 6";1;102,016861;5,7916255;8,8e-06;8,8e-06;8,8e-06;0,4130208;2010-01-01
"722";2010;"Layer 6";2;102,0280609;5,791585;9e-06;9e-06;9e-06;0,4129795;2010-02-01
"723";2010;"Layer 6";3;102,0345764;5,7915258;9,2e-06;9,2e-06;9,2e-06;0,4129212;2010-03-01
"724";2010;"Layer 6";4;102,0401306;5,7914371;9,3e-06;9,3e-06;9,3e-06;0,4128617;2010-04-01
"725";2010;"Layer 6";5;102,0337677;5,7912831;9,5e-06;9,5e-06;9,5e-06;0,4127554;2010-05-01
"726";2010;"Layer 6";6;102,0240326;5,7911081;9,6e-06;9,6e-06;9,6e-06;0,4126339;2010-06-01
"727";2010;"Layer 6";7;101,9743881;5,7906919;9,8e-06;9,8e-06;9,8e-06;0,4123406;2010-07-01
"728";2010;"Layer 6";8;101,9179077;5,7902169;1e-05;1e-05;1e-05;0,4120054;2010-08-01
"729";2010;"Layer 6";9;101,9445419;5,790216;1,02e-05;1,02e-05;1,02e-05;0,4120078;2010-09-01
"730";2010;"Layer 6";10;101,9699936;5,790216;1,04e-05;1,04e-05;1,04e-05;0,4120105;2010-10-01
"731";2010;"Layer 6";11;101,9852219;5,7901697;1,05e-05;1,05e-05;1,05e-05;0,4119696;2010-11-01
"732";2010;"Layer 6";12;102,0020294;5,7901444;1,07e-05;1,07e-05;1,07e-05;0,4119403;2010-12-01
"733";2011;"Layer 6";1;102,0166626;5,7901173;1,09e-05;1,09e-05;1,09e-05;0,4119074;2011-01-01
"734";2011;"Layer 6";2;102,027298;5,7900767;1,11e-05;1,11e-05;1,11e-05;0,4118638;2011-02-01
"735";2011;"Layer 6";3;102,0333099;5,7900181;1,12e-05;1,12e-05;1,12e-05;0,4118035;2011-03-01
"736";2011;"Layer 6";4;102,0384064;5,7899294;1,14e-05;1,14e-05;1,14e-05;0,4117422;2011-04-01
"737";2011;"Layer 6";5;102,0316315;5,7897754;1,16e-05;1,16e-05;1,16e-05;0,4116344;2011-05-01
"738";2011;"Layer 6";6;102,0215225;5,7896004;1,17e-05;1,17e-05;1,17e-05;0,4115117;2011-06-01
"739";2011;"Layer 6";7;101,97155;5,7891846;1,19e-05;1,19e-05;1,19e-05;0,4112178;2011-07-01
"740";2011;"Layer 6";8;101,9147797;5,7887096;1,2e-05;1,2e-05;1,2e-05;0,4108822;2011-08-01
"741";2011;"Layer 6";9;101,9411392;5,7887087;1,22e-05;1,22e-05;1,22e-05;0,4108835;2011-09-01
"742";2011;"Layer 6";10;101,9663467;5,7887087;1,24e-05;1,24e-05;1,24e-05;0,4108852;2011-10-01
"743";2011;"Layer 6";11;101,9813614;5,788661;1,26e-05;1,26e-05;1,26e-05;0,4108434;2011-11-01
"744";2011;"Layer 6";12;101,9979706;5,7886343;1,28e-05;1,28e-05;1,28e-05;0,4108133;2011-12-01
"745";2012;"Layer 6";1;102,0124283;5,7886062;1,3e-05;1,3e-05;1,3e-05;0,4107798;2012-01-01
"746";2012;"Layer 6";2;102,0229034;5,7885647;1,32e-05;1,32e-05;1,32e-05;0,4107356;2012-02-01
"747";2012;"Layer 6";3;102,0287781;5,7885051;1,33e-05;1,33e-05;1,33e-05;0,4106749;2012-03-01
"748";2012;"Layer 6";4;102,0337448;5,7884164;1,35e-05;1,35e-05;1,35e-05;0,4106133;2012-04-01
"749";2012;"Layer 6";5;102,0268555;5,7882624;1,36e-05;1,36e-05;1,36e-05;0,4105053;2012-05-01
"750";2012;"Layer 6";6;102,0166473;5,7880874;1,38e-05;1,38e-05;1,38e-05;0,4103824;2012-06-01
"751";2012;"Layer 6";7;101,9665756;5,7876716;1,39e-05;1,39e-05;1,39e-05;0,4100889;2012-07-01
"752";2012;"Layer 6";8;101,9097214;5,7871966;1,41e-05;1,41e-05;1,41e-05;0,4097539;2012-08-01
"753";2012;"Layer 6";9;101,9360046;5,7871957;1,43e-05;1,43e-05;1,43e-05;0,4097548;2012-09-01
"754";2012;"Layer 6";10;101,9611435;5,7871957;1,45e-05;1,45e-05;1,45e-05;0,4097562;2012-10-01
"755";2012;"Layer 6";11;101,9760971;5,7871494;1,47e-05;1,47e-05;1,47e-05;0,4097143;2012-11-01
"756";2012;"Layer 6";12;101,9926529;5,7871242;1,49e-05;1,49e-05;1,49e-05;0,4096841;2012-12-01
"757";2013;"Layer 6";1;102,0070572;5,787097;1,51e-05;1,51e-05;1,51e-05;0,4096505;2013-01-01
"758";2013;"Layer 6";2;102,0174866;5,7870564;1,52e-05;1,52e-05;1,52e-05;0,4096062;2013-02-01
"759";2013;"Layer 6";3;102,0233231;5,7869978;1,54e-05;1,54e-05;1,54e-05;0,4095455;2013-03-01
"760";2013;"Layer 6";4;102,0282516;5,7869091;1,55e-05;1,55e-05;1,55e-05;0,4094838;2013-04-01
"761";2013;"Layer 6";5;102,0213318;5,7867551;1,57e-05;1,57e-05;1,57e-05;0,409376;2013-05-01
"762";2013;"Layer 6";6;102,0111008;5,7865801;1,58e-05;1,58e-05;1,58e-05;0,4092534;2013-06-01
"763";2013;"Layer 6";7;101,9610062;5,7861643;1,6e-05;1,6e-05;1,6e-05;0,4089606;2013-07-01
"764";2013;"Layer 6";8;101,904129;5,7856894;1,62e-05;1,62e-05;1,62e-05;0,4086263;2013-08-01
"765";2013;"Layer 6";9;101,9303894;5,7856884;1,64e-05;1,64e-05;1,64e-05;0,4086272;2013-09-01
"766";2013;"Layer 6";10;101,955513;5,7856884;1,66e-05;1,66e-05;1,66e-05;0,4086285;2013-10-01
"767";2013;"Layer 6";11;101,9704437;5,7856421;1,68e-05;1,68e-05;1,68e-05;0,4085866;2013-11-01
"768";2013;"Layer 6";12;101,9869843;5,7856169;1,7e-05;1,7e-05;1,7e-05;0,4085564;2013-12-01
"769";2014;"Layer 6";1;102,0013733;5,7855897;1,71e-05;1,71e-05;1,71e-05;0,4085228;2014-01-01
"770";2014;"Layer 6";2;102,0117874;5,7855492;1,73e-05;1,73e-05;1,73e-05;0,4084786;2014-02-01
"771";2014;"Layer 6";3;102,0176086;5,7854905;1,75e-05;1,75e-05;1,75e-05;0,4084179;2014-03-01
"772";2014;"Layer 6";4;102,0225296;5,7854018;1,76e-05;1,76e-05;1,76e-05;0,4083564;2014-04-01
"773";2014;"Layer 6";5;102,0155945;5,7852478;1,78e-05;1,78e-05;1,78e-05;0,4082489;2014-05-01
"774";2014;"Layer 6";6;102,0053482;5,7850728;1,79e-05;1,79e-05;1,79e-05;0,4081265;2014-06-01
"775";2014;"Layer 6";7;101,955246;5,784657;1,81e-05;1,81e-05;1,81e-05;0,4078345;2014-07-01
"776";2014;"Layer 6";8;101,8983612;5,7841825;1,83e-05;1,83e-05;1,83e-05;0,4075012;2014-08-01
"777";2014;"Layer 6";9;101,924614;5,7841816;1,85e-05;1,85e-05;1,85e-05;0,407502;2014-09-01
"778";2014;"Layer 6";10;101,9497299;5,7841816;1,86e-05;1,86e-05;1,86e-05;0,4075032;2014-10-01
"779";2014;"Layer 6";11;101,964653;5,7841344;1,88e-05;1,88e-05;1,88e-05;0,4074615;2014-11-01
"780";2014;"Layer 6";12;101,9811859;5,7841082;1,9e-05;1,9e-05;1,9e-05;0,4074313;2014-12-01
"781";2015;"Layer 6";1;101,995575;5,7840805;1,92e-05;1,92e-05;1,92e-05;0,4073978;2015-01-01
"782";2015;"Layer 6";2;102,0059891;5,7840395;1,94e-05;1,94e-05;1,94e-05;0,4073537;2015-02-01
"783";2015;"Layer 6";3;102,0118103;5,7839804;1,95e-05;1,95e-05;1,95e-05;0,4072933;2015-03-01
"784";2015;"Layer 6";4;102,0167236;5,7838917;1,97e-05;1,97e-05;1,97e-05;0,4072319;2015-04-01
"785";2015;"Layer 6";5;102,0097961;5,7837377;1,98e-05;1,98e-05;1,98e-05;0,4071247;2015-05-01
"786";2015;"Layer 6";6;101,9995499;5,7835627;2e-05;2e-05;2e-05;0,4070027;2015-06-01
"787";2015;"Layer 6";7;101,9494553;5,7831473;2,02e-05;2,02e-05;2,02e-05;0,4067114;2015-07-01
"788";2015;"Layer 6";8;101,8925781;5,7826729;2,03e-05;2,03e-05;2,03e-05;0,406379;2015-08-01
"789";2015;"Layer 6";9;101,9188309;5,7826719;2,05e-05;2,05e-05;2,05e-05;0,4063798;2015-09-01
"790";2015;"Layer 6";10;101,9439392;5,7826719;2,07e-05;2,07e-05;2,07e-05;0,4063811;2015-10-01
"791";2015;"Layer 6";11;101,9588623;5,7826257;2,09e-05;2,09e-05;2,09e-05;0,4063394;2015-11-01
"792";2015;"Layer 6";12;101,9753876;5,7826004;2,11e-05;2,11e-05;2,11e-05;0,4063093;2015-12-01
"793";2005;"Layer 7";1;115,2421188;6,0673127;0;0;0;0,4191413;2005-01-01
"794";2005;"Layer 7";2;115,7745285;6,0958443;0;0;0;0,42107;2005-02-01
"795";2005;"Layer 7";3;116,2493362;6,1214981;1e-07;1e-07;1e-07;0,4227842;2005-03-01
"796";2005;"Layer 7";4;116,6759872;6,1445179;1e-07;1e-07;1e-07;0,4243196;2005-04-01
"797";2005;"Layer 7";5;117,0467758;6,164999;1e-07;1e-07;1e-07;0,4256468;2005-05-01
"798";2005;"Layer 7";6;117,3757019;6,1833;2e-07;2e-07;2e-07;0,4268143;2005-06-01
"799";2005;"Layer 7";7;117,6244507;6,1994276;3e-07;3e-07;3e-07;0,4276744;2005-07-01
"800";2005;"Layer 7";8;117,833725;6,2137833;4e-07;4e-07;4e-07;0,4283714;2005-08-01
"801";2005;"Layer 7";9;118,1115799;6,2270713;5e-07;5e-07;5e-07;0,4293146;2005-09-01
"802";2005;"Layer 7";10;118,3637848;6,2390304;6e-07;6e-07;6e-07;0,4301658;2005-10-01
"803";2005;"Layer 7";11;118,5812302;6,2497306;8e-07;8e-07;8e-07;0,4308866;2005-11-01
"804";2005;"Layer 7";12;118,7802887;6,2593775;9e-07;9e-07;9e-07;0,4315431;2005-12-01
"805";2006;"Layer 7";1;118,9586334;6,2680545;1,1e-06;1,1e-06;1,1e-06;0,4321271;2006-01-01
"806";2006;"Layer 7";2;119,1160278;6,2758465;1,2e-06;1,2e-06;1,2e-06;0,4326378;2006-02-01
"807";2006;"Layer 7";3;119,2532196;6,2828336;1,3e-06;1,3e-06;1,3e-06;0,4330754;2006-03-01
"808";2006;"Layer 7";4;119,3760376;6,2890396;1,4e-06;1,4e-06;1,4e-06;0,4334617;2006-04-01
"809";2006;"Layer 7";5;119,4731674;6,294385;1,6e-06;1,6e-06;1,6e-06;0,433754;2006-05-01
"810";2006;"Layer 7";6;119,5561295;6,2990651;1,7e-06;1,7e-06;1,7e-06;0,4339919;2006-06-01
"811";2006;"Layer 7";7;119,5867233;6,3029485;1,8e-06;1,8e-06;1,8e-06;0,4340279;2006-07-01
"812";2006;"Layer 7";8;119,6234894;6,3064017;2e-06;2e-06;2e-06;0,4340748;2006-08-01
"813";2006;"Layer 7";9;119,720787;6,3097453;2,2e-06;2,2e-06;2,2e-06;0,4343425;2006-09-01
"814";2006;"Layer 7";10;119,8097229;6,3127513;2,3e-06;2,3e-06;2,3e-06;0,4345838;2006-10-01
"815";2006;"Layer 7";11;119,8799438;6,3153934;2,5e-06;2,5e-06;2,5e-06;0,4347552;2006-11-01
"816";2006;"Layer 7";12;119,9465408;6,3177881;2,7e-06;2,7e-06;2,7e-06;0,4349174;2006-12-01
"817";2007;"Layer 7";1;120,0056686;6,3199382;2,8e-06;2,8e-06;2,8e-06;0,4350565;2007-01-01
"818";2007;"Layer 7";2;120,0557556;6,321856;3e-06;3e-06;3e-06;0,4351667;2007-02-01
"819";2007;"Layer 7";3;120,096344;6,3235564;3,1e-06;3,1e-06;3,1e-06;0,4352438;2007-03-01
"820";2007;"Layer 7";4;120,132225;6,325007;3,3e-06;3,3e-06;3,3e-06;0,4353057;2007-04-01
"821";2007;"Layer 7";5;120,1510391;6,3260751;3,4e-06;3,4e-06;3,4e-06;0,4353057;2007-05-01
"822";2007;"Layer 7";6;120,1635132;6,3269072;3,5e-06;3,5e-06;3,5e-06;0,4352806;2007-06-01
"823";2007;"Layer 7";7;120,1304626;6,3273287;3,7e-06;3,7e-06;3,7e-06;0,4350795;2007-07-01
"824";2007;"Layer 7";8;120,1100311;6,3276687;3,9e-06;3,9e-06;3,9e-06;0,4349132;2007-08-01
"825";2007;"Layer 7";9;120,1561508;6,3282127;4,1e-06;4,1e-06;4,1e-06;0,4349895;2007-09-01
"826";2007;"Layer 7";10;120,199028;6,3286996;4,2e-06;4,2e-06;4,2e-06;0,4350585;2007-10-01
"827";2007;"Layer 7";11;120,2277679;6,3290763;4,4e-06;4,4e-06;4,4e-06;0,4350748;2007-11-01
"828";2007;"Layer 7";12;120,2570419;6,329432;4,6e-06;4,6e-06;4,6e-06;0,4350975;2007-12-01
"829";2008;"Layer 7";1;120,2825851;6,3297467;4,8e-06;4,8e-06;4,8e-06;0,435111;2008-01-01
"830";2008;"Layer 7";2;120,3024368;6,3300128;4,9e-06;4,9e-06;4,9e-06;0,4351082;2008-02-01
"831";2008;"Layer 7";3;120,3158112;6,3302264;5,1e-06;5,1e-06;5,1e-06;0,4350835;2008-03-01
"832";2008;"Layer 7";4;120,3272018;6,3303456;5,2e-06;5,2e-06;5,2e-06;0,4350539;2008-04-01
"833";2008;"Layer 7";5;120,3239517;6,3302155;5,4e-06;5,4e-06;5,4e-06;0,4349717;2008-05-01
"834";2008;"Layer 7";6;120,3165665;6,3300271;5,5e-06;5,5e-06;5,5e-06;0,4348726;2008-06-01
"835";2008;"Layer 7";7;120,2655945;6,3295975;5,7e-06;5,7e-06;5,7e-06;0,434605;2008-07-01
"836";2008;"Layer 7";8;120,2290573;6,3292317;5,8e-06;5,8e-06;5,8e-06;0,4343789;2008-08-01
"837";2008;"Layer 7";9;120,2607498;6,3292313;6e-06;6e-06;6e-06;0,4344012;2008-09-01
"838";2008;"Layer 7";10;120,2906418;6,3292313;6,2e-06;6,2e-06;6,2e-06;0,4344216;2008-10-01
"839";2008;"Layer 7";11;120,3076935;6,3291678;6,4e-06;6,4e-06;6,4e-06;0,4343942;2008-11-01
"840";2008;"Layer 7";12;120,3264542;6,3291278;6,6e-06;6,6e-06;6,6e-06;0,4343774;2008-12-01
"841";2009;"Layer 7";1;120,3425293;6,3290863;6,7e-06;6,7e-06;6,7e-06;0,4343556;2009-01-01
"842";2009;"Layer 7";2;120,3538513;6,3290315;6,9e-06;6,9e-06;6,9e-06;0,434321;2009-02-01
"843";2009;"Layer 7";3;120,3594971;6,3289561;7,1e-06;7,1e-06;7,1e-06;0,4342677;2009-03-01
"844";2009;"Layer 7";4;120,3639526;6,3288593;7,2e-06;7,2e-06;7,2e-06;0,4342124;2009-04-01
"845";2009;"Layer 7";5;120,3544769;6,328691;7,4e-06;7,4e-06;7,4e-06;0,4341071;2009-05-01
"846";2009;"Layer 7";6;120,3414993;6,3285027;7,5e-06;7,5e-06;7,5e-06;0,4339872;2009-06-01
"847";2009;"Layer 7";7;120,2854919;6,3280735;7,7e-06;7,7e-06;7,7e-06;0,4337014;2009-07-01
"848";2009;"Layer 7";8;120,2444229;6,3277078;7,8e-06;7,8e-06;7,8e-06;0,4334589;2009-08-01
"849";2009;"Layer 7";9;120,2720566;6,3277073;8e-06;8e-06;8e-06;0,4334659;2009-09-01
"850";2009;"Layer 7";10;120,2982941;6,3277073;8,2e-06;8,2e-06;8,2e-06;0,4334725;2009-10-01
"851";2009;"Layer 7";11;120,3120575;6,3276439;8,4e-06;8,4e-06;8,4e-06;0,4334329;2009-11-01
"852";2009;"Layer 7";12;120,327858;6,3276038;8,6e-06;8,6e-06;8,6e-06;0,4334051;2009-12-01
"853";2010;"Layer 7";1;120,3412704;6,3275623;8,7e-06;8,7e-06;8,7e-06;0,4333732;2010-01-01
"854";2010;"Layer 7";2;120,3501968;6,327508;8,9e-06;8,9e-06;8,9e-06;0,4333298;2010-02-01
"855";2010;"Layer 7";3;120,3536911;6,3274331;9,1e-06;9,1e-06;9,1e-06;0,4332685;2010-03-01
"856";2010;"Layer 7";4;120,3562012;6,3273363;9,2e-06;9,2e-06;9,2e-06;0,4332061;2010-04-01
"857";2010;"Layer 7";5;120,3449783;6,327168;9,4e-06;9,4e-06;9,4e-06;0,4330945;2010-05-01
"858";2010;"Layer 7";6;120,3304291;6,3269796;9,5e-06;9,5e-06;9,5e-06;0,4329691;2010-06-01
"859";2010;"Layer 7";7;120,2730103;6,3265505;9,7e-06;9,7e-06;9,7e-06;0,4326786;2010-07-01
"860";2010;"Layer 7";8;120,2306747;6,3261852;9,8e-06;9,8e-06;9,8e-06;0,4324319;2010-08-01
"861";2010;"Layer 7";9;120,2571564;6,3261847;1e-05;1e-05;1e-05;0,4324346;2010-09-01
"862";2010;"Layer 7";10;120,2823639;6,3261847;1,02e-05;1,02e-05;1,02e-05;0,4324373;2010-10-01
"863";2010;"Layer 7";11;120,2951965;6,3261228;1,04e-05;1,04e-05;1,04e-05;0,4323943;2010-11-01
"864";2010;"Layer 7";12;120,3101654;6,3260841;1,06e-05;1,06e-05;1,06e-05;0,4323635;2010-12-01
"865";2011;"Layer 7";1;120,3228302;6,3260441;1,07e-05;1,07e-05;1,07e-05;0,4323289;2011-01-01
"866";2011;"Layer 7";2;120,3310776;6,3259907;1,09e-05;1,09e-05;1,09e-05;0,432283;2011-02-01
"867";2011;"Layer 7";3;120,3339615;6,3259172;1,11e-05;1,11e-05;1,11e-05;0,4322196;2011-03-01
"868";2011;"Layer 7";4;120,3359299;6,3258204;1,12e-05;1,12e-05;1,12e-05;0,4321552;2011-04-01
"869";2011;"Layer 7";5;120,3242188;6,3256521;1,14e-05;1,14e-05;1,14e-05;0,432042;2011-05-01
"870";2011;"Layer 7";6;120,309227;6,3254642;1,15e-05;1,15e-05;1,15e-05;0,4319152;2011-06-01
"871";2011;"Layer 7";7;120,2514191;6,3250351;1,17e-05;1,17e-05;1,17e-05;0,431624;2011-07-01
"872";2011;"Layer 7";8;120,2087326;6,3246698;1,18e-05;1,18e-05;1,18e-05;0,4313765;2011-08-01
"873";2011;"Layer 7";9;120,2348862;6,3246694;1,2e-05;1,2e-05;1,2e-05;0,431378;2011-09-01
"874";2011;"Layer 7";10;120,2597961;6,3246694;1,22e-05;1,22e-05;1,22e-05;0,4313796;2011-10-01
"875";2011;"Layer 7";11;120,2723694;6,3246059;1,24e-05;1,24e-05;1,24e-05;0,4313357;2011-11-01
"876";2011;"Layer 7";12;120,2870941;6,3245659;1,26e-05;1,26e-05;1,26e-05;0,4313041;2011-12-01
"877";2012;"Layer 7";1;120,2995377;6,3245244;1,28e-05;1,28e-05;1,28e-05;0,4312688;2012-01-01
"878";2012;"Layer 7";2;120,3075943;6,3244696;1,29e-05;1,29e-05;1,29e-05;0,4312223;2012-02-01
"879";2012;"Layer 7";3;120,3103104;6,3243947;1,31e-05;1,31e-05;1,31e-05;0,4311585;2012-03-01
"880";2012;"Layer 7";4;120,3121262;6,3242979;1,32e-05;1,32e-05;1,32e-05;0,4310937;2012-04-01
"881";2012;"Layer 7";5;120,3002777;6,3241296;1,34e-05;1,34e-05;1,34e-05;0,4309802;2012-05-01
"882";2012;"Layer 7";6;120,2851639;6,3239417;1,35e-05;1,35e-05;1,35e-05;0,4308533;2012-06-01
"883";2012;"Layer 7";7;120,2272568;6,3235126;1,37e-05;1,37e-05;1,37e-05;0,4305623;2012-07-01
"884";2012;"Layer 7";8;120,1844864;6,3231473;1,38e-05;1,38e-05;1,38e-05;0,4303151;2012-08-01
"885";2012;"Layer 7";9;120,2105484;6,3231468;1,4e-05;1,4e-05;1,4e-05;0,4303162;2012-09-01
"886";2012;"Layer 7";10;120,2353745;6,3231468;1,42e-05;1,42e-05;1,42e-05;0,4303176;2012-10-01
"887";2012;"Layer 7";11;120,2478714;6,3230839;1,44e-05;1,44e-05;1,44e-05;0,4302735;2012-11-01
"888";2012;"Layer 7";12;120,2625275;6,3230438;1,46e-05;1,46e-05;1,46e-05;0,4302416;2012-12-01
"889";2013;"Layer 7";1;120,2749176;6,3230028;1,48e-05;1,48e-05;1,48e-05;0,4302063;2013-01-01
"890";2013;"Layer 7";2;120,2829208;6,3229485;1,49e-05;1,49e-05;1,49e-05;0,4301597;2013-02-01
"891";2013;"Layer 7";3;120,2855835;6,3228741;1,51e-05;1,51e-05;1,51e-05;0,4300958;2013-03-01
"892";2013;"Layer 7";4;120,2873535;6,3227773;1,52e-05;1,52e-05;1,52e-05;0,430031;2013-04-01
"893";2013;"Layer 7";5;120,2754745;6,3226089;1,54e-05;1,54e-05;1,54e-05;0,4299177;2013-05-01
"894";2013;"Layer 7";6;120,2603302;6,3224211;1,55e-05;1,55e-05;1,55e-05;0,4297909;2013-06-01
"895";2013;"Layer 7";7;120,2024002;6,3219919;1,57e-05;1,57e-05;1,57e-05;0,4295005;2013-07-01
"896";2013;"Layer 7";8;120,1596069;6,3216267;1,58e-05;1,58e-05;1,58e-05;0,4292538;2013-08-01
"897";2013;"Layer 7";9;120,1856384;6,3216262;1,6e-05;1,6e-05;1,6e-05;0,4292548;2013-09-01
"898";2013;"Layer 7";10;120,210434;6,3216262;1,62e-05;1,62e-05;1,62e-05;0,4292561;2013-10-01
"899";2013;"Layer 7";11;120,222908;6,3215647;1,64e-05;1,64e-05;1,64e-05;0,4292121;2013-11-01
"900";2013;"Layer 7";12;120,2375488;6,3215261;1,66e-05;1,66e-05;1,66e-05;0,4291802;2013-12-01
"901";2014;"Layer 7";1;120,2499161;6,321486;1,68e-05;1,68e-05;1,68e-05;0,4291449;2014-01-01
"902";2014;"Layer 7";2;120,2579041;6,3214326;1,69e-05;1,69e-05;1,69e-05;0,4290984;2014-02-01
"903";2014;"Layer 7";3;120,2605591;6,3213592;1,71e-05;1,71e-05;1,71e-05;0,4290347;2014-03-01
"904";2014;"Layer 7";4;120,2623138;6,3212624;1,72e-05;1,72e-05;1,72e-05;0,4289699;2014-04-01
"905";2014;"Layer 7";5;120,2504272;6,321094;1,74e-05;1,74e-05;1,74e-05;0,4288569;2014-05-01
"906";2014;"Layer 7";6;120,2352753;6,3209062;1,75e-05;1,75e-05;1,75e-05;0,4287304;2014-06-01
"907";2014;"Layer 7";7;120,1773529;6,3204775;1,77e-05;1,77e-05;1,77e-05;0,4284407;2014-07-01
"908";2014;"Layer 7";8;120,134552;6,3201122;1,78e-05;1,78e-05;1,78e-05;0,4281946;2014-08-01
"909";2014;"Layer 7";9;120,1605682;6,3201118;1,8e-05;1,8e-05;1,8e-05;0,4281955;2014-09-01
"910";2014;"Layer 7";10;120,1853561;6,3201118;1,82e-05;1,82e-05;1,82e-05;0,4281968;2014-10-01
"911";2014;"Layer 7";11;120,1978226;6,3200483;1,84e-05;1,84e-05;1,84e-05;0,4281528;2014-11-01
"912";2014;"Layer 7";12;120,2124557;6,3200083;1,86e-05;1,86e-05;1,86e-05;0,4281211;2014-12-01
"913";2015;"Layer 7";1;120,2248154;6,3199668;1,88e-05;1,88e-05;1,88e-05;0,4280858;2015-01-01
"914";2015;"Layer 7";2;120,2327957;6,319912;1,89e-05;1,89e-05;1,89e-05;0,4280394;2015-02-01
"915";2015;"Layer 7";3;120,2354431;6,3198376;1,91e-05;1,91e-05;1,91e-05;0,4279757;2015-03-01
"916";2015;"Layer 7";4;120,2372055;6,3197408;1,92e-05;1,92e-05;1,92e-05;0,4279112;2015-04-01
"917";2015;"Layer 7";5;120,2253189;6,3195729;1,94e-05;1,94e-05;1,94e-05;0,4277984;2015-05-01
"918";2015;"Layer 7";6;120,2101746;6,3193851;1,95e-05;1,95e-05;1,95e-05;0,4276722;2015-06-01
"919";2015;"Layer 7";7;120,1522675;6,3189564;1,97e-05;1,97e-05;1,97e-05;0,4273832;2015-07-01
"920";2015;"Layer 7";8;120,1094742;6,3185916;1,98e-05;1,98e-05;1,98e-05;0,4271377;2015-08-01
"921";2015;"Layer 7";9;120,1354828;6,3185911;2e-05;2e-05;2e-05;0,4271387;2015-09-01
"922";2015;"Layer 7";10;120,1602631;6,3185911;2,02e-05;2,02e-05;2,02e-05;0,42714;2015-10-01
"923";2015;"Layer 7";11;120,1727219;6,3185282;2,04e-05;2,04e-05;2,04e-05;0,4270961;2015-11-01
"924";2015;"Layer 7";12;120,1873474;6,3184886;2,06e-05;2,06e-05;2,06e-05;0,4270644;2015-12-01
"925";2005;"Layer 8";1;55,6135864;3,4297879;0;0;0;0,2700973;2005-01-01
"926";2005;"Layer 8";2;55,8708992;3,4459174;0;0;0;0,2713402;2005-02-01
"927";2005;"Layer 8";3;56,1006317;3,4604204;0;0;0;0,2724448;2005-03-01
"928";2005;"Layer 8";4;56,3072052;3,4734287;1e-07;1e-07;1e-07;0,2734342;2005-04-01
"929";2005;"Layer 8";5;56,4867554;3,4849918;1e-07;1e-07;1e-07;0,2742893;2005-05-01
"930";2005;"Layer 8";6;56,6460953;3,4953175;1e-07;1e-07;1e-07;0,2750416;2005-06-01
"931";2005;"Layer 8";7;56,7665901;3,5044091;2e-07;2e-07;2e-07;0,2755953;2005-07-01
"932";2005;"Layer 8";8;56,8667412;3,5124886;2e-07;2e-07;2e-07;0,2760372;2005-08-01
"933";2005;"Layer 8";9;57,0007896;3,5199671;3e-07;3e-07;3e-07;0,2766417;2005-09-01
"934";2005;"Layer 8";10;57,1230965;3,526701;4e-07;4e-07;4e-07;0,2771901;2005-10-01
"935";2005;"Layer 8";11;57,2292328;3,5327258;4e-07;4e-07;4e-07;0,2776545;2005-11-01
"936";2005;"Layer 8";12;57,3266487;3,5381572;5e-07;5e-07;5e-07;0,2780774;2005-12-01
"937";2006;"Layer 8";1;57,4141464;3,5430431;6e-07;6e-07;6e-07;0,2784537;2006-01-01
"938";2006;"Layer 8";2;57,4915123;3,5474308;7e-07;7e-07;7e-07;0,2787827;2006-02-01
"939";2006;"Layer 8";3;57,5592461;3,5513656;8e-07;8e-07;8e-07;0,2790646;2006-03-01
"940";2006;"Layer 8";4;57,6200256;3,554853;8e-07;8e-07;8e-07;0,2793135;2006-04-01
"941";2006;"Layer 8";5;57,668251;3,5578451;9e-07;9e-07;9e-07;0,2795016;2006-05-01
"942";2006;"Layer 8";6;57,7096062;3,5604582;1e-06;1e-06;1e-06;0,2796554;2006-06-01
"943";2006;"Layer 8";7;57,7263718;3,5626221;1,1e-06;1,1e-06;1,1e-06;0,2796832;2006-07-01
"944";2006;"Layer 8";8;57,7499809;3,5645638;1,1e-06;1,1e-06;1,1e-06;0,2797386;2006-08-01
"945";2006;"Layer 8";9;57,7974548;3,5664101;1,2e-06;1,2e-06;1,2e-06;0,2799111;2006-09-01
"946";2006;"Layer 8";10;57,8407631;3,5680697;1,3e-06;1,3e-06;1,3e-06;0,2800664;2006-10-01
"947";2006;"Layer 8";11;57,8755264;3,5695271;1,4e-06;1,4e-06;1,4e-06;0,2801767;2006-11-01
"948";2006;"Layer 8";12;57,9087143;3,5708475;1,5e-06;1,5e-06;1,5e-06;0,2802811;2006-12-01
"949";2007;"Layer 8";1;57,9384041;3,5720334;1,6e-06;1,6e-06;1,6e-06;0,2803706;2007-01-01
"950";2007;"Layer 8";2;57,9637375;3,573091;1,7e-06;1,7e-06;1,7e-06;0,2804415;2007-02-01
"951";2007;"Layer 8";3;57,9846268;3,574029;1,8e-06;1,8e-06;1,8e-06;0,280491;2007-03-01
"952";2007;"Layer 8";4;58,0032539;3,5748205;1,8e-06;1,8e-06;1,8e-06;0,2805308;2007-04-01
"953";2007;"Layer 8";5;58,0135078;3,5753884;1,9e-06;1,9e-06;1,9e-06;0,2805307;2007-05-01
"954";2007;"Layer 8";6;58,0206833;3,5758209;2e-06;2e-06;2e-06;0,2805149;2007-06-01
"955";2007;"Layer 8";7;58,0065842;3,5760231;2,1e-06;2,1e-06;2,1e-06;0,2803898;2007-07-01
"956";2007;"Layer 8";8;58,0024796;3,5762002;2,2e-06;2,2e-06;2,2e-06;0,2803079;2007-08-01
"957";2007;"Layer 8";9;58,0251389;3,5764601;2,3e-06;2,3e-06;2,3e-06;0,280357;2007-09-01
"958";2007;"Layer 8";10;58,0461159;3,5766921;2,4e-06;2,4e-06;2,4e-06;0,2804013;2007-10-01
"959";2007;"Layer 8";11;58,0607719;3,5768647;2,5e-06;2,5e-06;2,5e-06;0,2804116;2007-11-01
"960";2007;"Layer 8";12;58,0758705;3,577029;2,6e-06;2,6e-06;2,6e-06;0,280426;2007-12-01
"961";2008;"Layer 8";1;58,0892792;3,5771744;2,6e-06;2,6e-06;2,6e-06;0,2804346;2008-01-01
"962";2008;"Layer 8";2;58,0999527;3,5772955;2,7e-06;2,7e-06;2,7e-06;0,2804327;2008-02-01
"963";2008;"Layer 8";3;58,1076469;3,5773907;2,8e-06;2,8e-06;2,8e-06;0,2804167;2008-03-01
"964";2008;"Layer 8";4;58,1144028;3,5774279;2,9e-06;2,9e-06;2,9e-06;0,2803975;2008-04-01
"965";2008;"Layer 8";5;58,1139641;3,5773327;3e-06;3e-06;3e-06;0,2803442;2008-05-01
"966";2008;"Layer 8";6;58,1115112;3,5772271;3,1e-06;3,1e-06;3,1e-06;0,2802807;2008-06-01
"967";2008;"Layer 8";7;58,0887222;3,5769904;3,2e-06;3,2e-06;3,2e-06;0,2801128;2008-07-01
"968";2008;"Layer 8";8;58,0768127;3,5768161;3,2e-06;3,2e-06;3,2e-06;0,2799923;2008-08-01
"969";2008;"Layer 8";9;58,0924835;3,5768158;3,3e-06;3,3e-06;3,3e-06;0,2800066;2008-09-01
"970";2008;"Layer 8";10;58,1071701;3,5768158;3,4e-06;3,4e-06;3,4e-06;0,2800196;2008-10-01
"971";2008;"Layer 8";11;58,1161613;3,5767798;3,5e-06;3,5e-06;3,5e-06;0,2800017;2008-11-01
"972";2008;"Layer 8";12;58,1261635;3,5767567;3,6e-06;3,6e-06;3,6e-06;0,2799908;2008-12-01
"973";2009;"Layer 8";1;58,1349869;3,5767336;3,7e-06;3,7e-06;3,7e-06;0,2799765;2009-01-01
"974";2009;"Layer 8";2;58,1415215;3,5767031;3,8e-06;3,8e-06;3,8e-06;0,2799541;2009-02-01
"975";2009;"Layer 8";3;58,145443;3,5766613;3,9e-06;3,9e-06;3,9e-06;0,2799197;2009-03-01
"976";2009;"Layer 8";4;58,1488037;3,5766065;4e-06;4e-06;4e-06;0,2798839;2009-04-01
"977";2009;"Layer 8";5;58,1453094;3,5765114;4,1e-06;4,1e-06;4,1e-06;0,2798158;2009-05-01
"978";2009;"Layer 8";6;58,1401176;3,5764058;4,1e-06;4,1e-06;4,1e-06;0,279739;2009-06-01
"979";2009;"Layer 8";7;58,1148567;3,576169;4,2e-06;4,2e-06;4,2e-06;0,2795593;2009-07-01
"980";2009;"Layer 8";8;58,1007271;3,5759947;4,3e-06;4,3e-06;4,3e-06;0,2794281;2009-08-01
"981";2009;"Layer 8";9;58,1144142;3,5759945;4,4e-06;4,4e-06;4,4e-06;0,2794325;2009-09-01
"982";2009;"Layer 8";10;58,1273155;3,5759945;4,5e-06;4,5e-06;4,5e-06;0,2794366;2009-10-01
"983";2009;"Layer 8";11;58,1347046;3,5759585;4,6e-06;4,6e-06;4,6e-06;0,2794109;2009-11-01
"984";2009;"Layer 8";12;58,1432648;3,5759346;4,7e-06;4,7e-06;4,7e-06;0,2793928;2009-12-01
"985";2010;"Layer 8";1;58,1507874;3,5759108;4,8e-06;4,8e-06;4,8e-06;0,2793722;2010-01-01
"986";2010;"Layer 8";2;58,1561508;3,5758796;4,9e-06;4,9e-06;4,9e-06;0,279344;2010-02-01
"987";2010;"Layer 8";3;58,1590157;3,5758374;5e-06;5e-06;5e-06;0,2793044;2010-03-01
"988";2010;"Layer 8";4;58,1614265;3,5757825;5,1e-06;5,1e-06;5,1e-06;0,279264;2010-04-01
"989";2010;"Layer 8";5;58,1570778;3,5756874;5,2e-06;5,2e-06;5,2e-06;0,2791919;2010-05-01
"990";2010;"Layer 8";6;58,1511154;3,5755818;5,2e-06;5,2e-06;5,2e-06;0,2791114;2010-06-01
"991";2010;"Layer 8";7;58,1251564;3,5753453;5,3e-06;5,3e-06;5,3e-06;0,2789287;2010-07-01
"992";2010;"Layer 8";8;58,1104012;3,5751712;5,4e-06;5,4e-06;5,4e-06;0,2787947;2010-08-01
"993";2010;"Layer 8";9;58,1235313;3,575171;5,5e-06;5,5e-06;5,5e-06;0,2787964;2010-09-01
"994";2010;"Layer 8";10;58,1359329;3,575171;5,6e-06;5,6e-06;5,6e-06;0,278798;2010-10-01
"995";2010;"Layer 8";11;58,1428642;3,575135;5,7e-06;5,7e-06;5,7e-06;0,2787701;2010-11-01
"996";2010;"Layer 8";12;58,1510162;3,5751112;5,8e-06;5,8e-06;5,8e-06;0,27875;2010-12-01
"997";2011;"Layer 8";1;58,1581726;3,5750873;5,9e-06;5,9e-06;5,9e-06;0,2787276;2011-01-01
"998";2011;"Layer 8";2;58,163208;3,5750563;6e-06;6e-06;6e-06;0,2786979;2011-02-01
"999";2011;"Layer 8";3;58,1657753;3,5750141;6,1e-06;6,1e-06;6,1e-06;0,2786569;2011-03-01
"1000";2011;"Layer 8";4;58,1679192;3,5749593;6,2e-06;6,2e-06;6,2e-06;0,2786153;2011-04-01
"1001";2011;"Layer 8";5;58,1633301;3,5748641;6,2e-06;6,2e-06;6,2e-06;0,2785421;2011-05-01
"1002";2011;"Layer 8";6;58,1571503;3,5747585;6,3e-06;6,3e-06;6,3e-06;0,2784608;2011-06-01
"1003";2011;"Layer 8";7;58,1309929;3,574522;6,4e-06;6,4e-06;6,4e-06;0,2782775;2011-07-01
"1004";2011;"Layer 8";8;58,1160622;3,574348;6,5e-06;6,5e-06;6,5e-06;0,278143;2011-08-01
"1005";2011;"Layer 8";9;58,1290359;3,5743477;6,6e-06;6,6e-06;6,6e-06;0,2781439;2011-09-01
"1006";2011;"Layer 8";10;58,1412964;3,5743477;6,7e-06;6,7e-06;6,7e-06;0,2781447;2011-10-01
"1007";2011;"Layer 8";11;58,1481018;3,5743117;6,8e-06;6,8e-06;6,8e-06;0,2781163;2011-11-01
"1008";2011;"Layer 8";12;58,1561394;3,5742888;6,9e-06;6,9e-06;6,9e-06;0,2780957;2011-12-01
"1009";2012;"Layer 8";1;58,1631927;3,5742657;7e-06;7e-06;7e-06;0,2780728;2012-01-01
"1010";2012;"Layer 8";2;58,1681366;3,5742352;7,1e-06;7,1e-06;7,1e-06;0,2780427;2012-02-01
"1011";2012;"Layer 8";3;58,17062;3,5741935;7,1e-06;7,1e-06;7,1e-06;0,2780014;2012-03-01
"1012";2012;"Layer 8";4;58,1726913;3,5741386;7,2e-06;7,2e-06;7,2e-06;0,2779595;2012-04-01
"1013";2012;"Layer 8";5;58,1680374;3,5740435;7,3e-06;7,3e-06;7,3e-06;0,2778862;2012-05-01
"1014";2012;"Layer 8";6;58,1617966;3,5739379;7,4e-06;7,4e-06;7,4e-06;0,2778047;2012-06-01
"1015";2012;"Layer 8";7;58,135582;3,5737014;7,5e-06;7,5e-06;7,5e-06;0,2776216;2012-07-01
"1016";2012;"Layer 8";8;58,1206017;3,5735273;7,6e-06;7,6e-06;7,6e-06;0,2774872;2012-08-01
"1017";2012;"Layer 8";9;58,1335297;3,5735271;7,7e-06;7,7e-06;7,7e-06;0,2774878;2012-09-01
"1018";2012;"Layer 8";10;58,145752;3,5735271;7,8e-06;7,8e-06;7,8e-06;0,2774885;2012-10-01
"1019";2012;"Layer 8";11;58,152523;3,5734911;7,9e-06;7,9e-06;7,9e-06;0,2774599;2012-11-01
"1020";2012;"Layer 8";12;58,1605301;3,5734675;8e-06;8e-06;8e-06;0,2774392;2012-12-01
"1021";2013;"Layer 8";1;58,1675529;3,5734437;8,1e-06;8,1e-06;8,1e-06;0,2774163;2013-01-01
"1022";2013;"Layer 8";2;58,1724701;3,5734127;8,1e-06;8,1e-06;8,1e-06;0,2773861;2013-02-01
"1023";2013;"Layer 8";3;58,1749306;3,5733707;8,2e-06;8,2e-06;8,2e-06;0,2773448;2013-03-01
"1024";2013;"Layer 8";4;58,1769791;3,5733159;8,3e-06;8,3e-06;8,3e-06;0,2773029;2013-04-01
"1025";2013;"Layer 8";5;58,1723022;3,5732207;8,4e-06;8,4e-06;8,4e-06;0,2772296;2013-05-01
"1026";2013;"Layer 8";6;58,1660423;3,5731151;8,5e-06;8,5e-06;8,5e-06;0,2771482;2013-06-01
"1027";2013;"Layer 8";7;58,1398087;3,5728786;8,6e-06;8,6e-06;8,6e-06;0,2769655;2013-07-01
"1028";2013;"Layer 8";8;58,1248093;3,5727046;8,7e-06;8,7e-06;8,7e-06;0,2768313;2013-08-01
"1029";2013;"Layer 8";9;58,1377258;3,5727043;8,8e-06;8,8e-06;8,8e-06;0,2768319;2013-09-01
"1030";2013;"Layer 8";10;58,1499367;3,5727043;8,8e-06;8,8e-06;8,8e-06;0,2768325;2013-10-01
"1031";2013;"Layer 8";11;58,1566963;3,5726683;8,9e-06;8,9e-06;8,9e-06;0,2768039;2013-11-01
"1032";2013;"Layer 8";12;58,1646919;3,5726449;9e-06;9e-06;9e-06;0,2767833;2013-12-01
"1033";2014;"Layer 8";1;58,1717072;3,5726213;9,1e-06;9,1e-06;9,1e-06;0,2767603;2014-01-01
"1034";2014;"Layer 8";2;58,1766167;3,5725906;9,2e-06;9,2e-06;9,2e-06;0,2767302;2014-02-01
"1035";2014;"Layer 8";3;58,1790695;3,5725486;9,3e-06;9,3e-06;9,3e-06;0,276689;2014-03-01
"1036";2014;"Layer 8";4;58,1811142;3,5724938;9,4e-06;9,4e-06;9,4e-06;0,2766472;2014-04-01
"1037";2014;"Layer 8";5;58,1764297;3,5723987;9,5e-06;9,5e-06;9,5e-06;0,276574;2014-05-01
"1038";2014;"Layer 8";6;58,1701622;3,572293;9,6e-06;9,6e-06;9,6e-06;0,2764929;2014-06-01
"1039";2014;"Layer 8";7;58,1439247;3,5720568;9,6e-06;9,6e-06;9,6e-06;0,2763106;2014-07-01
"1040";2014;"Layer 8";8;58,1289215;3,5718827;9,7e-06;9,7e-06;9,7e-06;0,2761767;2014-08-01
"1041";2014;"Layer 8";9;58,1418343;3,5718825;9,8e-06;9,8e-06;9,8e-06;0,2761772;2014-09-01
"1042";2014;"Layer 8";10;58,1540413;3,5718825;9,9e-06;9,9e-06;9,9e-06;0,2761779;2014-10-01
"1043";2014;"Layer 8";11;58,1607971;3,5718465;1e-05;1e-05;1e-05;0,2761493;2014-11-01
"1044";2014;"Layer 8";12;58,1687927;3,5718238;1,01e-05;1,01e-05;1,01e-05;0,2761287;2014-12-01
"1045";2015;"Layer 8";1;58,1758041;3,5718009;1,02e-05;1,02e-05;1,02e-05;0,2761058;2015-01-01
"1046";2015;"Layer 8";2;58,1807098;3,5717707;1,03e-05;1,03e-05;1,03e-05;0,2760757;2015-02-01
"1047";2015;"Layer 8";3;58,1831589;3,5717294;1,04e-05;1,04e-05;1,04e-05;0,2760345;2015-03-01
"1048";2015;"Layer 8";4;58,1851959;3,5716746;1,05e-05;1,05e-05;1,05e-05;0,2759928;2015-04-01
"1049";2015;"Layer 8";5;58,1805115;3,5715795;1,06e-05;1,06e-05;1,06e-05;0,2759199;2015-05-01
"1050";2015;"Layer 8";6;58,1742439;3,5714738;1,06e-05;1,06e-05;1,06e-05;0,2758389;2015-06-01
"1051";2015;"Layer 8";7;58,1480026;3,5712376;1,07e-05;1,07e-05;1,07e-05;0,275657;2015-07-01
"1052";2015;"Layer 8";8;58,1329956;3,5710635;1,08e-05;1,08e-05;1,08e-05;0,2755234;2015-08-01
"1053";2015;"Layer 8";9;58,1459084;3,5710633;1,09e-05;1,09e-05;1,09e-05;0,2755239;2015-09-01
"1054";2015;"Layer 8";10;58,1581154;3,5710633;1,1e-05;1,1e-05;1,1e-05;0,2755246;2015-10-01
"1055";2015;"Layer 8";11;58,1648712;3,5710273;1,11e-05;1,11e-05;1,11e-05;0,2754961;2015-11-01
"1056";2015;"Layer 8";12;58,1728668;3,5710039;1,12e-05;1,12e-05;1,12e-05;0,2754755;2015-12-01
