"";"YEAR";"Month";"DW_F";"N_F";"Ca_F";"Mg_F";"K_F";"S_F";"P_F";"DW_Brk";"N_Brk";"Ca_Brk";"Mg_Brk";"K_Brk";"S_Brk";"P_Brk";"DW_Brh";"N_Brh";"Ca_Brh";"Mg_Brh";"K_Brh";"S_Brh";"P_Brh";"DW_Bol";"N_Bol";"Ca_Bol";"Mg_Bol";"K_Bol";"S_Bol";"P_Bol"
"3";2005;1;3764,765625;48,1368675;12,4919052;3,5524704;17,0589809;2,8930714;4,9174294;2341,1010742;5,3470788;5,9632525;1,1292592;4,0821757;0,2577298;1,5234725;4038,7075195;16,2703972;14,2619858;1,3930136;5,8141494;0,3770472;"      1.4617612";28611,640625;9,0500669;14,3370647;1,5872747;6,265728;1,0772655;1,2176834
"4";2005;2;3700,4755859;47,3148384;12,2785835;3,491806;16,7676678;2,843667;4,833456;2351,1870117;5,3729119;5,9824185;1,1326383;4,1010242;0,2597296;1,5277969;4042,9663086;16,2776833;14,268919;1,3941424;5,8186932;0,377546;"      1.4628029";28668,3476562;9,0680037;14,3654795;1,5904207;6,2781463;1,0794008;1,2200968
"5";2005;3;3700,6787109;47,31744;12,2792578;3,4919977;16,768589;2,843823;4,8337212;2452,0483398;5,6312413;6,174068;1,1664288;4,2895103;0,2797274;1,5710369;4085,552002;16,3505421;14,3382635;1,4054297;5,8641224;0,3825331;"      1.4732181";29235,4101562;9,2473698;14,6496305;1,6218793;6,4023285;1,1007514;1,2442306
"6";2005;4;3733,3786621;47,7355461;12,3877592;3,5228534;16,9167595;2,8689513;4,8764334;2694,1152344;6,2512302;6,6340299;1,2475262;4,7418776;0,327722;1,6748136;4187,7583008;16,5253983;14,5046902;1,4325194;5,9731526;0,3945025;"      1.4982146";30596,3652344;9,6778488;15,3315935;1,6973804;6,700366;1,151993;1,3021514
"7";2005;5;3409,5090332;43,5944977;11,3131227;3,2172465;15,449235;2,6200705;4,4534039;3400,1437988;8,0595331;7,9755826;1,4840599;6,0612826;0,4677063;1,9774956;4485,8588867;17,0353966;14,9901047;1,5115311;6,2911611;0,4294131;"      1.5711213";34565,8164062;10,9334145;17,3206539;1,9175918;7,5696454;1,3014477;1,4710873
"8";2005;6;3688,597168;47,1629562;12,2391691;3,4805973;16,7138443;2,8345387;4,8179407;3722,8999023;8,8861866;8,5888634;1,5921893;6,6644387;0,5316991;2,1158645;4622,1337891;17,2685375;15,2120066;1,5476508;6,4365358;0,4453722;"      1.6044502";36380,421875;11,5073872;18,2299366;2,0182598;7,9670296;1,3697702;1,5483152
"9";2005;7;3709,4567871;47,4296722;12,3083849;3,5002806;16,808363;2,8505685;4,8451872;4045,6555176;9,7128391;9,2021446;1,7003191;7,2675953;0,5956918;2,2542329;4758,4086914;17,5016785;15,4339085;1,5837703;6,5819116;0,4613314;"      1.6377789";38195,0234375;12,0813608;19,1392231;2,118928;8,3644142;1,4380925;1,6255431
"10";2005;8;3669,1091309;46,913784;12,1745062;3,4622083;16,6255398;2,8195632;4,7924862;4328,0668945;10,4361601;9,7387657;1,7949326;7,7953572;0,6516855;2,3753057;4877,6489258;17,7056808;15,6280737;1,6153752;6,709115;0,4752957;"      1.6669415";39782,8046875;12,5835867;19,934845;2,2070124;8,7121258;1,4978745;1,6931175
"11";2005;9;3539,8410645;45,2609367;11,7455797;3,3402295;16,0397968;2,7202256;4,6236396;4328,0668945;10,4361601;9,7387657;1,7949326;7,7953572;0,6516855;2,3753057;4877,6489258;17,7056808;15,6280737;1,6153752;6,709115;0,4752957;"      1.6669415";39782,8046875;12,5835867;19,934845;2,2070124;8,7121258;1,4978745;1,6931175
"12";2005;10;3300,0078125;42,1944008;10,9497871;3,1139205;14,9530611;2,5359235;4,3103766;4328,0668945;10,4361601;9,7387657;1,7949326;7,7953572;0,6516855;2,3753057;4877,6489258;17,7056808;15,6280737;1,6153752;6,709115;0,4752957;"      1.6669415";39782,8046875;12,5835867;19,934845;2,2070124;8,7121258;1,4978745;1,6931175
"13";2005;11;3529,2419434;45,1254196;11,7104111;3,3302281;15,9917717;2,7120807;4,6097956;4338,1533203;10,4619923;9,7579317;1,7983116;7,8142066;0,6536853;2,3796299;4881,9077148;17,712965;15,6350079;1,6165038;6,7136579;0,4757944;"      1.6679831";39839,5117188;12,6015224;19,9632607;2,2101581;8,7245445;1,5000095;1,6955307
"14";2005;12;3689,534668;47,1749496;12,242281;3,481482;16,7180939;2,8352592;4,6684184;4345,1655273;10,4799528;9,7712555;1,8006611;7,8273106;0,6550756;2,382035;4886,1665039;17,7202492;15,641942;1,6176325;6,7182012;0,4762931;"      1.6685624";39878,9375;12,6139936;19,983017;2,2123456;8,7331781;1,5014939;1,6968731
"15";2006;1;3774,9672852;48,2672997;12,5257559;3,5620973;17,1052074;2,9009109;4,6214924;4345,9599609;10,481987;9,7727652;1,8009269;7,828795;0,6552331;2,3823073;4889,8642578;17,7265759;15,6479635;1,6186128;6,722146;0,4767262;"      1.6686205";39883,5703125;12,6154575;19,9853363;2,2126024;8,7341919;1,5016683;1,6970307
"16";2006;2;3859,692627;49,3506126;12,8068829;3,6420448;17,4891129;2,9660189;4,562737;4347,015625;10,4846916;9,7747707;1,8012809;7,8307691;0,6554425;2,3826694;4893,5625;17,7329044;15,653986;1,6195931;6,7260909;0,4771593;"      1.6686981";39889,7226562;12,6174049;19,9884205;2,212944;8,7355394;1,5019001;1,6972404
"17";2006;3;4086,7214355;52,1624146;13,5601892;3,8562715;18,5178318;3,1404815;4,5975604;4387,7670898;10,5866776;9,8522034;1,8149331;7,9069233;0,6635223;2,3966455;4930,5449219;17,7947292;15,7142076;1,6293954;6,765542;0,4814903;"      1.6716881";40127,2851562;12,6908283;20,1074581;2,2261229;8,7875643;1,5108446;1,7053286
"18";2006;4;4114,1811523;52,514904;13,6513042;3,8821824;18,6422577;3,1615832;4,5880384;4540,6318359;10,9782;10,1426697;1,8661458;8,1925926;0,6938308;2,4490733;5019,3027344;17,9465752;15,8587351;1,6529206;6,8602271;0,4918847;"      1.6829039";41018,4179688;12,9727001;20,5539989;2,2755599;8,9827156;1,5443971;1,7356691
"19";2006;5;3789,9611816;48,3777008;12,5755062;3,5762453;17,1731434;2,9124329;4,2251778;5230,9711914;12,7463207;11,4544096;2,0974233;9,4826775;0,8307043;2,6966629;5278,1796875;18,3894691;16,2802773;1,7215359;7,1363926;0,5222018;"      1.7358710";45042,78125;14,245635;22,5705738;2,4988177;9,8640194;1,6959194;1,8789524
"20";2006;6;4068,5234375;51,9415703;13,4998074;3,8390994;18,4353733;3,126497;4,3344326;5406,7402344;13,1965046;11,7883949;2,1563094;9,8111506;0,8655542;2,7569463;5396,5239258;18,5919342;16,4729824;1,7529027;7,262639;0,536061;"      1.7487670";46067,4375;14,5697403;23,0840206;2,5556619;10,0884113;1,7344991;1,913839
"21";2006;7;4090,2780762;52,2213898;13,57199;3,8596272;18,5339451;3,1432145;4,3833952;5722,3237305;14,0047874;12,3880472;2,2620361;10,4009027;0,9281249;2,8922403;5514,8681641;18,7943993;16,6656876;1,7842698;7,388886;0,5499203;"      1.7777104";47907,1445312;15,1516523;24,0058823;2,6577225;10,491293;1,8037665;1,9921353
"22";2006;8;4049,8725586;51,7071304;13,4379187;3,8215003;18,3508606;3,1121645;4,3600111;5998,4594727;14,7120352;12,9127436;2,3545473;10,9169369;0,9828743;3,010623;5618,4189453;18,9715576;16,8343048;1,811716;7,499352;0,5620472;"      1.8030361";49516,890625;15,6608257;24,8125134;2,7470255;10,8438139;1,8643755;2,0606444
"23";2006;9;3920,0732422;50,0521317;13,0072308;3,6990204;17,7627106;3,0124187;4,2339077;5998,4594727;14,7120352;12,9127436;2,3545473;10,9169369;0,9828743;3,010623;5618,4189453;18,9715576;16,8343048;1,811716;7,499352;0,5620472;"      1.8030361";49516,890625;15,6608257;24,8125134;2,7470255;10,8438139;1,8643755;2,0606444
"24";2006;10;3677,8513184;46,9634857;12,2035131;3,4704571;16,6651497;2,8262813;3,8460181;5998,4594727;14,7120352;12,9127436;2,3545473;10,9169369;0,9828743;3,010623;5618,4189453;18,9715576;16,8343048;1,811716;7,499352;0,5620472;"      1.8030361";49516,890625;15,6608257;24,8125134;2,7470255;10,8438139;1,8643755;2,0606444
"25";2006;11;3746,2543945;47,8422852;12,4304819;3,5350029;16,9750996;2,8788464;3,6692107;6000,1328125;14,7163229;12,9159241;2,355108;10,9200649;0,9832062;3,0111971;5622,1171875;18,9778843;16,8403263;1,8126962;7,5032969;0,5624802;"      1.8031589";49526,6445312;15,6639099;24,8174057;2,7475672;10,8459511;1,8647428;2,0609767
"26";2006;12;3809,6577148;48,6544991;12,6408587;3,594831;17,2623959;2,9275689;3,614584;6001,0864258;14,7187653;12,9177361;2,3554273;10,9218473;0,9833952;3,011524;5625,8154297;18,984211;16,8463497;1,8136766;7,5072412;0,5629134;"      1.8032289";49532,203125;15,6656704;24,8201885;2,7478757;10,8471689;1,8649521;2,061166
"27";2007;1;3828,6806641;48,679142;12,7039795;3,6127813;17,3485928;2,9187272;3,5552671;6001,5273438;14,718873;12,9185743;2,3555751;10,9226704;0,9834514;3,0116754;5629,4018555;18,9848003;16,8521881;1,8146269;7,5110674;0,563184;"      1.8032609";49534,890625;15,6657515;24,821537;2,7480252;10,8477554;1,8650175;2,0612576
"28";2007;2;3787,5222168;48,0563812;12,5674105;3,5483942;17,0066204;2,8583467;3,4820092;6002,0161133;14,7189312;12,9195032;2,355628;10,922802;0,9834562;3,0118427;5632,9882812;18,9850864;16,8580284;1,8149345;7,5116129;0,5632046;"      1.8032964";49537,875;15,6657953;24,8230305;2,7480788;10,8478498;1,865023;2,0613592
"29";2007;3;3877,895752;48,7870178;12,86728;3,5119526;16,8260612;2,8255224;3,4419906;6019,6953125;14,7272902;12,9530964;2,3570151;10,9302702;0,9841746;3,0179062;5668,8500977;18,9964085;16,9164238;1,8171604;7,5202603;0,5640653;"      1.8045835";49645,8007812;15,6720953;24,8771114;2,749481;10,8531914;1,8658558;2,0650337
"30";2007;4;4165,6791992;51,6104317;13,8221788;3,6411362;17,3815689;2,9060805;3,4604113;6061,3774414;14,7718267;13,0322981;2,3646781;10,9697018;0,9879133;3,032202;5754,9179688;19,0578384;17,056572;1,829679;7,5667386;0,5686252;"      1.8076180";49900,2539062;15,7056732;25,0046177;2,7572277;10,8813992;1,8701898;2,0736971
"31";2007;5;4174,7734375;51,8584938;13,852354;3,6728137;17,5419121;2,9365983;3,3970361;6463,5131836;15,8017902;13,7964125;2,4994018;11,7212009;1,0676447;3,1701217;6005,9501953;19,4873123;17,4653397;1,8962152;7,8345356;0,5980235;"      1.8368945";52355,1523438;16,4821739;26,2347488;2,8934166;11,4190025;1,9626198;2,1572795
"32";2007;6;4425,5600586;55,1022835;14,6844921;3,915977;18,7119083;3,1359594;3,5244415;6639,5600586;16,2526855;14,1309261;2,5583811;12,0501919;1,1025494;3,2305005;6120,7080078;19,6836414;17,6522064;1,9266316;7,9569569;0,6114628;"      1.8497113";53429,859375;16,8221111;26,7732773;2,9530375;11,654356;2,0030839;2,1938703
"33";2007;7;4448,7407227;55,4273834;14,7614079;3,9428821;18,8428974;3,1588984;3,5983708;6947,9711914;17,0425987;14,7169514;2,661705;12,6265411;1,1636983;3,3627198;6235,4658203;19,8799725;17,8390713;1,9570482;8,0793781;0,624902;"      1.8777776";55312,6015625;17,4176369;27,7167053;3,0574858;12,0666609;2,0739715;2,2739978
"34";2007;8;4408,277832;54,9511414;14,6271477;3,9119089;18,6967316;3,1351473;3,6058376;7217,8310547;17,7337723;15,229723;2,7521133;13,1308489;1,2172035;3,4761035;6335,8789062;20,0517616;18,0025768;1,9836626;8,1864967;0,6366614;"      1.9018457";56960;17,9387207;28,5422039;3,1488774;12,4274311;2,1359982;2,3427112
"35";2007;9;4278,059082;53,3666916;14,1950665;3,8031497;18,1795006;3,0494614;3,5217726;7217,8310547;17,7337723;15,229723;2,7521133;13,1308489;1,2172035;3,4761035;6335,8789062;20,0517616;18,0025768;1,9836626;8,1864967;0,6366614;"      1.9018457";56960;17,9387207;28,5422039;3,1488774;12,4274311;2,1359982;2,3427112
"36";2007;10;4033,9431152;50,3930893;13,3850632;3,5986865;17,2068882;2,8882403;3,2235913;7217,8310547;17,7337723;15,229723;2,7521133;13,1308489;1,2172035;3,4761035;6335,8789062;20,0517616;18,0025768;1,9836626;8,1864967;0,6366614;"      1.9018457";56960;17,9387207;28,5422039;3,1488774;12,4274311;2,1359982;2,3427112
"37";2007;11;4038,2324219;50,311985;13,3992958;3,6159275;17,2943802;2,8982005;3,0869353;7219,1640625;17,7369709;15,232255;2,7525601;13,1333389;1,2174588;3,4765611;6339,465332;20,0575085;18,008419;1,9846131;8,1903229;0,6370672;"      1.9019428";56968,140625;17,9411335;28,5462856;3,1493292;12,4292126;2,1362941;2,3429883
"38";2007;12;3981,9973145;49,5101624;13,133666;3,5311427;16,8779278;2,8279381;3,0127175;7219,8671875;17,7371063;15,2328892;2,7525942;13,1334572;1,2174695;3,4768019;6343,0517578;20,0579681;18,0111923;1,9847507;8,1906719;0,6370993;"      1.9019940";56972,4296875;17,9412327;28,5473061;3,1493635;12,4292974;2,1363065;2,3431346
"39";2008;1;3951,6018066;49,0551834;12,9215288;3,4738743;16,605444;2,7823813;2,9644392;7220,1181641;17,7371254;15,2329025;2,7526617;13,1334715;1,2174711;3,4768047;6346,3017578;20,058136;18,0113449;1,9847686;8,1907711;0,6371112;"      1.9020141";56974;17,9412479;28,5473251;3,1494331;12,4293079;2,1363084;2,3431358
"40";2008;2;3912,6767578;48,4880066;12,6722212;3,4066007;16,2854805;2,7289069;2,9077368;7220,3618164;17,7371426;15,2329159;2,752727;13,1334858;1,2174727;3,4768076;6349,5517578;20,0583172;18,0114975;1,9847857;8,1908712;0,637124;"      1.9020352";56975,515625;17,941267;28,547348;3,1495004;12,4293184;2,1363103;2,3431377
"41";2008;3;4007,6906738;49,2972145;12,5633841;3,3699467;16,1049709;2,6966093;2,8759484;7233,5683594;17,7418156;15,2389011;2,7535207;13,137723;1,217876;3,4813368;6382,0517578;20,0659981;18,0241184;1,9863311;8,196825;0,6377102;"      1.9028966";57057,9375;17,9448681;28,5571976;3,1503208;12,4324169;2,1367881;2,3459439
"42";2008;4;4309,6518555;52,2849197;13,0080137;3,4693098;16,5287209;2,7565057;2,8902354;7265,0336914;17,7669735;15,2695971;2,7579918;13,1606522;1,2200218;3,4921286;6460,0512695;20,1076546;18,0893288;1,9950997;8,2292719;0,6408523;"      1.9049491";57254,328125;17,9642601;28,6077271;3,1549418;12,4491901;2,1393318;2,3526304
"43";2008;5;4556,9179688;54,2365532;13,9194527;3,7446997;17,8603668;2,9856269;2,9396987;7565,0693359;18,3661842;15,8397074;2,8585098;13,7213507;1,2795098;3,5950313;6687,5493164;20,4111443;18,459774;2,0553982;8,471962;0,6674946;"      1.9245170";59126,9609375;18,4261303;29,5460873;3,2588296;12,8592834;2,2098389;2,4163885
"44";2008;6;4680,3808594;55,3216972;14,3571167;3,8741465;18,4848061;3,0925381;3,0064654;7740,9443359;18,6012058;16,173893;2,9174311;14,0500193;1,3143805;3,6553507;6791,5483398;20,503973;18,6291199;2,082963;8,5829067;0,6796738;"      1.9359871";60224,6640625;18,6072788;30,096138;3,319726;13,0996695;2,2511685;2,4537618
"45";2008;7;4831,9111328;56,8258247;14,8803349;4,0265756;19,2188416;3,2177622;3,1874585;8039,9257812;19,2353535;16,7420006;3,017596;14,6087465;1,3736596;3,7578919;6895,5473633;20,6513176;18,7984676;2,110528;8,6938515;0,6918532;"      1.9554863";62090,71875;19,0960808;31,0312042;3,4232478;13,5083227;2,3214278;2,5172963
"46";2008;8;4789,0566406;56,3124504;14,7682514;4,0000606;19,0945702;3,1977737;3,1962271;8312,9228516;19,8723259;17,2607365;3,1090558;15,1189165;1,4277869;3,8567948;6986,546875;20,7931442;18,9466457;2,1346476;8,7909269;0,7025101;"      1.9742938";63794,6015625;19,5870609;31,8850079;3,5177739;13,8814592;2,3855815;2,5785761
"47";2008;9;4604,4726562;54,0342102;14,2155561;3,8535237;18,3969555;3,0816219;3,0913966;8312,9228516;19,8723259;17,2607365;3,1090558;15,1189165;1,4277869;3,8567948;6986,546875;20,7931442;18,9466457;2,1346476;8,7909269;0,7025101;"      1.9742938";63794,6015625;19,5870609;31,8850079;3,5177739;13,8814592;2,3855815;2,5785761
"48";2008;10;4248,5898438;49,6649513;13,1463833;3,5693476;17,0436611;2,8470857;2,8007348;8312,9228516;19,8723259;17,2607365;3,1090558;15,1189165;1,4277869;3,8567948;6986,546875;20,7931442;18,9466457;2,1346476;8,7909269;0,7025101;"      1.9742938";63794,6015625;19,5870609;31,8850079;3,5177739;13,8814592;2,3855815;2,5785761
"49";2008;11;4073,6835938;47,495388;12,4059229;3,3683777;16,0504875;2,6796281;2,6369915;8313,7900391;19,87257;17,2611141;3,1091199;15,119133;1,4278053;3,8570921;6989,796875;20,7937527;18,9478626;2,1348381;8,7913885;0,7025511;"      1.9743503";63800,0078125;19,587244;31,8856335;3,5178399;13,8816166;2,3856034;2,5787604
"50";2008;12;4020,7373047;46,818428;12,1221275;3,2910042;15,6841707;2,6186841;2,5773997;8314,0683594;19,8725967;17,2611313;3,1091943;15,1191511;1,4278077;3,857096;6993,046875;20,7939758;18,9480362;2,1348577;8,7915115;0,7025668;"      1.9743747";63801,75;19,5872669;31,8856602;3,5179169;13,881629;2,3856063;2,5787625
"51";2009;1;3991,8598633;46,4359436;11,9389677;3,2411072;15,4471025;2,5791562;2,5386951;8314,2529297;19,8726082;17,2611389;3,1092439;15,1191578;1,4278084;3,8570974;6996,0732422;20,7940845;18,9481411;2,1348701;8,7915773;0,7025746;"      1.9743878";63802,9335938;19,5872746;31,8856735;3,5179696;13,8816338;2,385607;2,5787637
"52";2009;2;3954,7255859;45,9537888;11,723525;3,1824379;15,1684389;2,532706;2,4931879;8314,4335938;19,8726196;17,2611485;3,1092923;15,1191664;1,4278092;3,8570988;6999,0991211;20,7942028;18,948246;2,1348822;8,7916441;0,7025828;"      1.9744009";63804,0976562;19,5872841;31,885685;3,5180209;13,8816395;2,3856082;2,5787647
"53";2009;3;4052,8603516;46,8589973;11,6185532;3,147495;14,997283;2,5024896;2,4665458;8324,2822266;19,875248;17,264658;3,1097493;15,1215878;1,4280375;3,8604767;7029,3574219;20,7995987;18,9574871;2,1359935;8,7958899;0,702997;"      1.9750057";63867,3125;19,5893669;31,8916264;3,518507;13,88346;2,3858862;2,5809169
"54";2009;4;4364,2753906;49,9831963;11,9773502;3,2229726;15,316186;2,5465634;2,4767013;8347,8916016;19,8895416;17,2832146;3,1123567;15,1349087;1,4292723;3,8685739;7101,9775391;20,8289661;19,006403;2,1423383;8,8192797;0,7052404;"      1.9764559";64018,8476562;19,6006985;31,9230385;3,5212777;13,8934793;2,3873911;2,5860765
"55";2009;5;4596,6787109;52,0068398;12,8243122;3,4656518;16,3551292;2,7044318;2,4929233;8571,0341797;20,1694508;17,6851768;3,1816614;15,4973049;1,4653248;3,9451048;7313,7861328;21,0064411;19,3333721;2,1943836;9,015646;0,7254535;"      1.9901630";65451,1132812;19,8225784;32,6034279;3,5949392;14,1660604;2,4313352;2,634841
"56";2009;6;4754,0058594;53,508316;13,1782131;3,5520499;16,7192574;2,7563837;2,53333;8679,4570312;20,2552319;17,8378315;3,2058527;15,622324;1,4773574;3,9822903;7410,612793;21,0576096;19,4501991;2,2114756;9,07938;0,7318006;"      1.9968228";66147,0390625;19,8905773;32,8618202;3,6206517;14,2600965;2,4460015;2,6585355
"57";2009;7;4973,2456055;55,6726227;13,8027086;3,7184601;17,4414043;2,8657699;2,668191;8854,7480469;20,4617996;18,1217861;3,2529006;15,8646088;1,5008662;4,0424094;7507,4394531;21,1338291;19,5846138;2,2320361;9,1557779;0,7394709;"      2.0075905";67272,15625;20,0543194;33,3424606;3,6706572;14,4423351;2,4746563;2,6968427
"58";2009;8;5005,9116211;55,8913651;13,9759598;3,7726986;17,6919727;2,9043198;2,6922109;8993,65625;20,7464218;18,3857307;3,2994385;16,1167221;1,5261643;4,0688157;7592,1630859;21,1935177;19,7225723;2,254492;9,2435579;0,7485846;"      2.0167787";68163,7578125;20,2799358;33,7892342;3,7201207;14,6319675;2,5054917;2,7136688
"59";2009;9;4822,4228516;53,7814522;13,2963209;3,5894566;16,8446083;2,7687616;2,584903;8993,65625;20,7464218;18,3857307;3,2994385;16,1167221;1,5261643;4,0688157;7592,1630859;21,1935177;19,7225723;2,254492;9,2435579;0,7485846;"      2.0167787";68163,7578125;20,2799358;33,7892342;3,7201207;14,6319675;2,5054917;2,7136688
"60";2009;10;4335,3212891;48,3491096;11,953289;3,2268939;15,1431732;2,4890952;2,3238075;8993,65625;20,7464218;18,3857307;3,2994385;16,1167221;1,5261643;4,0688157;7592,1630859;21,1935177;19,7225723;2,254492;9,2435579;0,7485846;"      2.0167787";68163,7578125;20,2799358;33,7892342;3,7201207;14,6319675;2,5054917;2,7136688
"61";2009;11;4166,5419922;46,3934898;11,2766562;3,0436943;14,2939796;2,3505871;2,1951938;8993,9033203;20,7464676;18,3857441;3,299504;16,1167469;1,5261675;4,0688205;7595,1894531;21,1938877;19,7227173;2,2545085;9,2437162;0,7486078;"      2.0168102";68165,3359375;20,2799721;33,7892532;3,7201905;14,6319847;2,5054955;2,7136714
"62";2009;12;4115,6455078;45,7910652;11,0354652;2,9783669;13,9885979;2,300488;2,1486998;8994,1123047;20,7464828;18,3857536;3,2995601;16,1167564;1,5261685;4,0688219;7598,215332;21,1940384;19,7228374;2,2545226;9,2437963;0,7486177;"      2.0168257";68166,6796875;20,2799835;33,7892723;3,7202499;14,6319914;2,505497;2,7136726
"63";2010;1;4087,8122559;45,4534149;10,8790922;2,9360313;13,7902336;2,2678993;2,1184292;8994,2617188;20,7464886;18,3857574;3,2995999;16,1167622;1,5261691;4,0688229;7601,0166016;21,1941166;19,7229195;2,2545319;9,243844;0,7486233;"      2.0168347";68167,671875;20,2799873;33,7892799;3,720294;14,6319952;2,5054975;2,7136734
"64";2010;2;4051,9135742;45,0239525;10,6949854;2,8862035;13,5568266;2,2295613;2,082798;8994,4072266;20,7464943;18,3857632;3,299639;16,1167641;1,5261695;4,0688238;7603,8183594;21,1942043;19,7230015;2,2545414;9,2438917;0,748629;"      2.0168440";68168,640625;20,2799931;33,7892876;3,7203367;14,6319971;2,5054979;2,7136738
"65";2010;3;4151,5532227;45,9830322;10,6036634;2,8560984;13,4120636;2,2045078;2,0625515;9002,3339844;20,7482471;18,388155;3,299948;16,1183834;1,5263208;4,0715423;7631,8354492;21,1983376;19,7302494;2,2554047;9,247159;0,7489451;"      2.0173054";68221,390625;20,2814331;33,7934875;3,7206776;14,6332617;2,5056896;2,7154701
"66";2010;4;4467,1938477;49,1743126;10,9151459;2,9199204;13,682127;2,2418823;2,0724046;9021,4306641;20,7578392;18,4010506;3,301723;16,1274166;1,5271536;4,0780921;7699,0761719;21,2208977;19,7691555;2,260349;9,2653151;0,750677;"      2.0184174";68348,46875;20,2893162;33,8161163;3,7226329;14,6403055;2,506742;2,7197971
"67";2010;5;4731,0922852;51,658226;11,7504387;3,1412838;14,6324034;2,3838041;2,0973251;9200,2285156;20,9386368;18,6873112;3,3489552;16,3726406;1,5511143;4,1394143;7895,1948242;21,353363;20,0382366;2,301337;9,4188604;0,7662007;"      2.0288289";69538,328125;20,4379063;34,3184929;3,7746818;14,8315401;2,5370219;2,7603083
"68";2010;6;4900,4282227;53,3242874;12,0610762;3,2117;14,9289131;2,4254043;2,1313229;9283,3632812;20,9896393;18,7858124;3,3638747;16,449297;1,5583842;4,1679273;7984,8491211;21,3901024;20,1292648;2,3140662;9,4660501;0,7708315;"      2.0336699";70091,578125;20,4798183;34,4913521;3,7911234;14,8913193;2,5462093;2,7791448
"69";2010;7;5138,5683594;55,7122345;12,6120367;3,34815;15,5189648;2,5129733;2,2407959;9413,1494141;21,2555695;18,9603539;3,3911731;16,5890999;1,5717026;4,1872606;8074,5039062;21,4429703;20,2325878;2,328985;9,5211802;0,7762656;"      2.0412891";70955,265625;20,6983738;34,7976646;3,8212051;15,0003443;2,56304;2,7919168
"70";2010;8;5191,4140625;56,1820564;12,7847414;3,3930316;15,7060966;2,5397959;2,258337;9504,5664062;21,4428787;19,1022224;3,4143367;16,7091331;1,5833744;4,1993632;8152,9516602;21,4802074;20,3369179;2,3447108;9,5799799;0,7821816;"      2.0472138";71563,625;20,8523121;35,0466385;3,8467309;15,0939512;2,57779;2,7999125
"71";2010;9;4946,3691406;53,5301514;12,1812763;3,2328737;14,9647388;2,4199126;2,1517389;9504,5664062;21,4428787;19,1022224;3,4143367;16,7091331;1,5833744;4,1993632;8152,9516602;21,4802074;20,3369179;2,3447108;9,5799799;0,7821816;"      2.0472138";71563,625;20,8523121;35,0466385;3,8467309;15,0939512;2,57779;2,7999125
"72";2010;10;4478,5454102;48,4673157;11,0291805;2,9271111;13,549386;2,1910393;1,9482294;9504,5664062;21,4428787;19,1022224;3,4143367;16,7091331;1,5833744;4,1993632;8152,9516602;21,4802074;20,3369179;2,3447108;9,5799799;0,7821816;"      2.0472138";71563,625;20,8523121;35,0466385;3,8467309;15,0939512;2,57779;2,7999125
"73";2010;11;4313,8237305;46,6397591;10,4430037;2,7711499;12,8343039;2,0760882;1,8465853;9504,7617188;21,4429073;19,102232;3,4143889;16,7091465;1,583376;4,1993656;8155,7529297;21,4804726;20,3370266;2,3447232;9,5800877;0,7821968;"      2.0472345";71564,921875;20,8523369;35,0466537;3,8467891;15,0939617;2,5777922;2,7999136
"74";2010;12;4264,215332;46,0812683;10,2335253;2,7153902;12,5770216;2,0345488;1,8098874;9504,9326172;21,4429169;19,1022377;3,4144349;16,7091541;1,5833769;4,1993666;8158,5546875;21,4805851;20,337122;2,3447337;9,5801468;0,7822037;"      2.0472455";71566,0625;20,8523445;35,0466652;3,8468397;15,0939665;2,5777931;2,7999148
"75";2011;1;4236,8173828;45,7676735;10,0965872;2,6789486;12,4085865;2,007324;1,7858218;9505,0595703;21,4429245;19,1022396;3,4144351;16,709156;1,5833772;4,1994104;8161,2446289;21,480648;20,3371906;2,3447421;9,5801849;0,7822081;"      2.0472527";71566,921875;20,8523502;35,046669;3,8468401;15,0939693;2,5777934;2,7999439
"76";2011;2;4201,4375;45,3665314;9,9352255;2,6360202;12,2102118;1,9752671;1,7574663;9505,1855469;21,4429283;19,1022434;3,4144688;16,7091599;1,5833775;4,1994109;8163,9345703;21,4807224;20,3372593;2,3447497;9,580225;0,7822126;"      2.0472600";71567,78125;20,8523521;35,0466766;3,8468778;15,0939722;2,5777936;2,7999442
"77";2011;3;4301,3286133;46,3503304;9,8561592;2,6104748;12,089426;1,9547576;1,7424982;9512,0224609;21,4442711;19,1040936;3,4147072;16,7103977;1,5834925;4,201756;8190,8305664;21,4842453;20,3435001;2,3454905;9,5830069;0,7824801;"      2.0476518";71614,1328125;20,8534756;35,0499878;3,8471453;15,0949554;2,5779419;2,8015227
"78";2011;4;4618,2084961;49,5680122;10,1409969;2,6686001;12,3363972;1,9892265;1,7531757;9528,5507812;21,4516506;19,1141853;3,4160819;16,7173748;1,5841336;4,2074246;8255,3818359;21,5034962;20,3772736;2,3497388;9,5985594;0,7839587;"      2.0485983";71726,2109375;20,8596573;35,0680313;3,8486893;15,1004992;2,5787673;2,8053386
"79";2011;5;4900,8369141;52,3226929;10,9756241;2,8829801;13,261673;2,1272891;1,788991;9682,671875;21,5887547;19,3421497;3,4527545;16,906744;1,6024357;4,2602835;8443,65625;21,6153736;20,6159191;2,3851817;9,7306156;0,7971645;"      2.0574241";72771,2265625;20,9744644;35,4756546;3,8898652;15,250967;2,6023338;2,8409183
"80";2011;6;5075,5332031;54,0677147;11,2610455;2,945986;13,5283623;2,1648347;1,8212601;9752,3740234;21,6252747;19,4158058;3,4636469;16,9624672;1,6076771;4,2841892;8529,7246094;21,6454964;20,6938629;2,3958223;9,7698936;0,8009872;"      2.0614154";73243,8359375;21,0050468;35,6073647;3,9020941;15,2952423;2,6090822;2,8570096
"81";2011;7;5322,5541992;56,5640106;11,7630939;3,0661073;14,0475082;2,2413583;1,9179872;9858,6123047;21,8429546;19,5420094;3,482789;17,0601158;1,6168896;4,2975855;8615,7929688;21,6880531;20,7814808;2,4080913;9,8150539;0,8053957;"      2.0676069";73964,1875;21,1873264;35,8330269;3,9235878;15,3728352;2,6209445;2,8660271
"82";2011;8;5383,6889648;57,1444244;11,919076;3,10321;14,202528;2,2631464;1,9338584;9929,1269531;21,9874363;19,636097;3,4974825;17,1358109;1,6241373;4,3051062;8691,1025391;21,7162991;20,8675938;2,4205065;9,8612032;0,8099675;"      2.0721891";74442,3046875;21,3083134;36,0012665;3,9400852;15,4329796;2,6302762;2,8710895
"83";2011;9;5143,8769531;54,5989761;11,3881502;2,9649801;13,5698872;2,1623363;1,8477162;9929,1269531;21,9874363;19,636097;3,4974825;17,1358109;1,6241373;4,3051062;8691,1025391;21,7162991;20,8675938;2,4205065;9,8612032;0,8099675;"      2.0721891";74442,3046875;21,3083134;36,0012665;3,9400852;15,4329796;2,6302762;2,8710895
"84";2011;10;4684,7666016;49,725811;10,3717155;2,7003446;12,3587236;1,9693397;1,6828005;9929,1269531;21,9874363;19,636097;3,4974825;17,1358109;1,6241373;4,3051062;8691,1025391;21,7162991;20,8675938;2,4205065;9,8612032;0,8099675;"      2.0721891";74442,3046875;21,3083134;36,0012665;3,9400852;15,4329796;2,6302762;2,8710895
"85";2011;11;4521,0834961;47,9599152;9,8507881;2,5644033;11,7417469;1,8715335;1,5997419;9929,2978516;21,9874573;19,6361027;3,4975281;17,1358204;1,6241385;4,3051081;8693,7919922;21,7165241;20,8676834;2,420517;9,8612871;0,8099792;"      2.0722048";74443,453125;21,3083324;36,0012817;3,9401369;15,4329872;2,6302779;2,8710907
"86";2011;12;4471,6821289;47,4217148;9,6641998;2,5156891;11,5194416;1,8361597;1,5697364;9929,4492188;21,9874668;19,6361065;3,4975686;17,1358261;1,624139;4,305109;8696,4824219;21,7166195;20,8677673;2,4205265;9,8613367;0,8099849;"      2.0722136";74444,484375;21,3083382;36,0012894;3,9401822;15,432992;2,6302786;2,8710911
"87";2012;1;4444,2392578;47,1194496;9,5417452;2,4837239;11,373354;1,8128916;1,5499898;9929,5595703;21,9874687;19,6361103;3,4975691;17,1358299;1,6241393;4,3051467;8698,8359375;21,7166729;20,8678226;2,4205329;9,8613663;0,8099881;"      2.0722194";74445,2421875;21,3083401;36,0012932;3,9401824;15,4329929;2,6302788;2,8711174
"88";2012;2;4408,8071289;46,7316208;9,3973351;2,446039;11,2011604;1,7854706;1,5267012;9929,6728516;21,9874744;19,6361122;3,4975693;17,1358318;1,6241397;4,3051858;8701,1894531;21,7167282;20,867878;2,4205394;9,8613968;0,8099916;"      2.0722251";74446,0234375;21,3083439;36,0013008;3,9401832;15,4329939;2,6302791;2,8711438
"89";2012;3;4508,2426758;47,7241058;9,3287668;2,4242871;11,0997267;1,7685307;1,5155932;9935,90625;21,9886074;19,6376858;3,497771;17,1368771;1,6242361;4,307323;8724,7236328;21,7195873;20,8729649;2,4211416;9,8636475;0,8102072;"      2.0725415";74488,96875;21,309309;36,004158;3,9404132;15,433836;2,6304057;2,8726058
"90";2012;4;4825,0463867;50,9492874;9,5987921;2,4795606;11,3356094;1,8017778;1,5271802;9951,0097656;21,9948578;19,6463184;3,4989398;17,1427937;1,624779;4,3125033;8781,2060547;21,7352028;20,900629;2,4245999;9,8762827;0,8114066;"      2.0733075";74593,015625;21,3146267;36,0198364;3,9417467;15,4386158;2,6311162;2,8761485
"91";2012;5;5100,5854492;53,6788177;10,3978109;2,6821914;12,2130795;1,9329901;1,5676552;10091,3066406;22,1067505;19,8431473;3,5301185;17,303175;1,6401781;4,3606205;8945,9462891;21,8229656;21,0986938;2,4535644;9,9837856;0,8220869;"      2.0804241";75559,5;21,4098225;36,3774185;3,9773133;15,5680857;2,6512613;2,9090543
"92";2012;6;5278,0634766;55,4669189;10,6662779;2,7408166;12,4626026;1,9684014;1,5990487;10152,9052734;22,1355152;19,9028625;3,5388079;17,3474998;1,6443266;4,3817468;9021,2558594;21,8464546;21,1612606;2,4619691;10,014719;0,8250825;"      2.0835488";75983,84375;21,4342957;36,4859047;3,9872262;15,6038675;2,6566882;2,9235022
"93";2012;7;5530,324707;58,0274277;11,133338;2,850328;12,9360695;2,0380549;1,6874661;10245,3603516;22,324955;20,0028572;3,5536714;17,4231167;1,6514199;4,3920665;9096,5644531;21,8792629;21,2310619;2,4715476;10,0498791;0,8284952;"      2.0883441";76620,765625;21,5954647;36,6675644;4,0041819;15,6649122;2,6659677;2,9305599
"94";2012;8;5595,3496094;58,6632881;11,2760429;2,8827903;13,0724878;2,0572157;1,7026244;10304,1484375;22,4454098;20,0728893;3,5643041;17,4776707;1,6565958;4,3974414;9162,4609375;21,9001236;21,2983284;2,4809771;10,0847864;0,8319221;"      2.0917809";77025,75;21,6979427;36,7947845;4,0163107;15,708951;2,6727386;2,9342353
"95";2012;9;5359,3950195;56,1894684;10,8005352;2,7612236;12,521224;1,9704634;1,6308252;10304,1484375;22,4454098;20,0728893;3,5643041;17,4776707;1,6565958;4,3974414;9162,4609375;21,9001236;21,2983284;2,4809771;10,0847864;0,8319221;"      2.0917809";77025,75;21,6979427;36,7947845;4,0163107;15,708951;2,6727386;2,9342353
"96";2012;10;4906,5473633;51,4416809;9,8879318;2,5279112;11,4632282;1,8039669;1,4930269;10304,1484375;22,4454098;20,0728893;3,5643041;17,4776707;1,6565958;4,3974414;9162,4609375;21,9001236;21,2983284;2,4809771;10,0847864;0,8319221;"      2.0917809";77025,75;21,6979427;36,7947845;4,0163107;15,708951;2,6727386;2,9342353
"97";2012;11;4743,5698242;49,7143631;9,4172802;2,4073253;10,9205484;1,7189645;1,4231552;10304,3017578;22,4454269;20,0728951;3,5643454;17,4776783;1,6565969;4,3974428;9164,8144531;21,9002991;21,2984028;2,4809854;10,0848503;0,8319305;"      2.0917923";77026,8046875;21,697958;36,794796;4,0163579;15,7089577;2,6727397;2,934236
"98";2012;12;4694,2641602;49,1883583;9,2483406;2,3640213;10,7247095;1,688186;1,3978903;10304,4394531;22,4454346;20,0728989;3,5643823;17,4776821;1,6565973;4,3974428;9167,1679688;21,9003754;21,2984695;2,480993;10,0848875;0,8319348;"      2.0917993";77027,75;21,6979637;36,7948074;4,0164003;15,7089615;2,6727407;2,9342368
"99";2013;1;4666,6025391;48,8911018;9,1367149;2,3354106;10,5951529;1,6678071;1,3811572;10304,5400391;22,4454365;20,0729027;3,5643823;17,4776821;1,6565975;4,3974771;9169,4091797;21,900423;21,2985191;2,480999;10,0849152;0,8319377;"      2.0918043";77028,453125;21,6979675;36,7948112;4,0164008;15,7089624;2,6727409;2,9342604
"100";2013;2;4630,9072266;48,5091095;9,0049849;2,3016562;10,4423361;1,6437738;1,3614062;10304,6425781;22,4454403;20,0729065;3,5643826;17,4776859;1,6565976;4,3975124;9171,6503906;21,9004745;21,2985706;2,4810047;10,0849419;0,8319407;"      2.0918090";77029,171875;21,6979694;36,7948189;4,0164008;15,7089634;2,6727412;2,9342852
"101";2013;3;4729,8564453;49,5048599;8,9450388;2,2829194;10,3559389;1,6295419;1,3530741;10310,4726562;22,4464493;20,0743084;3,5645623;17,4786129;1,656683;4,3995123;9194,0634766;21,9030666;21,303194;2,4815512;10,0869741;0,8321349;"      2.0920944";77069,9140625;21,6988411;36,7974052;4,0166092;15,7097235;2,6728544;2,9356723
"102";2013;4;5046,5400391;52,7339287;9,2070007;2,3368194;10,5866919;1,6623178;1,3654425;10324,6210938;22,4520168;20,0820465;3,5656056;17,4838867;1,6571665;4,4043655;9247,8564453;21,9172039;21,3284035;2,4846897;10,098424;0,8332207;"      2.0927863";77168,7890625;21,7036457;36,8116646;4,0178165;15,7140436;2,6734962;2,9390383
"103";2013;5;5319,5380859;55,4669228;9,9973135;2,5363121;11,4532413;1,7923524;1,4109991;10455,7910156;22,5498753;20,2595444;3,5934422;17,6266689;1,6708159;4,4493523;9404,7519531;21,9953899;21,5103436;2,5110319;10,1959152;0,8428639;"      2.0992024";78085,3359375;21,7880936;37,1387367;4,0500259;15,8309565;2,691608;2,9702446
"104";2013;6;5498,4335938;57,2785912;10,2580671;2,5932496;11,6967878;1,8272196;1,4424782;10512,4335938;22,5744686;20,3114719;3,6009266;17,6647549;1,6743697;4,4687791;9476,4755859;22,0161915;21,5666924;2,5185292;10,2234459;0,8455219;"      2.1019731";78481,125;21,8093147;37,2344284;4,0586853;15,8621445;2,6963234;2,9837201
"105";2013;7;5753,4726562;59,8740921;10,7050819;2,6970546;12,1458902;1,8933127;1,5263879;10596,7128906;22,7471523;20,3972454;3,6135237;17,7287197;1,6803492;4,4774799;9548,1992188;22,0450287;21,6292439;2,5270109;10,2545204;0,8485277;"      2.1061976";79070,015625;21,9583321;37,3924789;4,0732617;15,9145174;2,704258;2,9897559
"106";2013;8;5820,4472656;60,5395927;10,8425493;2,7279308;12,2767372;1,9118847;1,541868;10648,9746094;22,8542385;20,4551029;3,6221681;17,7729397;1,6845225;4,4818101;9610,9570312;22,0629101;21,6887836;2,5352228;10,284832;0,8514878;"      2.1091633";79435,203125;22,0507431;37,4990921;4,0832634;15,9507284;2,7097957;2,9927588
"107";2013;9;5586,6328125;58,1076393;10,4069901;2,6183465;11,7835665;1,8350818;1,4799292;10648,9746094;22,8542385;20,4551029;3,6221681;17,7729397;1,6845225;4,4818101;9610,9570312;22,0629101;21,6887836;2,5352228;10,284832;0,8514878;"      2.1091633";79435,203125;22,0507431;37,4990921;4,0832634;15,9507284;2,7097957;2,9927588
"108";2013;10;5136,9560547;53,4304657;9,5693159;2,4075918;10,8350887;1,6873732;1,3608074;10648,9746094;22,8542385;20,4551029;3,6221681;17,7729397;1,6845225;4,4818101;9610,9570312;22,0629101;21,6887836;2,5352228;10,284832;0,8514878;"      2.1091633";79435,203125;22,0507431;37,4990921;4,0832634;15,9507284;2,7097957;2,9927588
"109";2013;11;4973,9384766;51,7224159;9,1351175;2,2981238;10,3459406;1,6115316;1,3001024;10649,1171875;22,8542557;20,4551086;3,622206;17,7729454;1,6845233;4,481811;9613,1982422;22,0630684;21,6888504;2,5352302;10,2848873;0,8514948;"      2.1091726";79436,203125;22,0507545;37,4990997;4,0833073;15,9507313;2,7097967;2,9927597
"110";2013;12;4924,4951172;51,2020531;8,9789772;2,2587407;10,1691608;1,5840365;1,2781298;10649,2421875;22,8542595;20,4551125;3,6222064;17,7729473;1,6845237;4,481854;9615,4394531;22,063139;21,6889114;2,5352371;10,2849197;0,8514985;"      2.1091790";79437,0703125;22,0507584;37,4991074;4,0833082;15,9507351;2,7097969;2,992789
"111";2014;1;4896,6108398;50,9071426;8,8755054;2,2326431;10,051878;1,5657805;1,2635373;10649,3349609;22,8542614;20,4551163;3,6222067;17,7729492;1,6845238;4,481885;9617,5693359;22,0631809;21,6889553;2,5352423;10,2849436;0,851501;"      2.1091833";79437,7265625;22,0507603;37,4991112;4,0833082;15,950736;2,7097971;2,9928117
"112";2014;2;4860,6489258;50,5278664;8,7533255;2,2018349;9,9134493;1,5442368;1,2463002;10649,4287109;22,8542652;20,4551182;3,6222067;17,7729511;1,6845239;4,4819179;9619,6982422;22,0632267;21,6890011;2,5352476;10,2849674;0,8515037;"      2.1091876";79438,390625;22,0507641;37,499115;4,0833087;15,950737;2,7097974;2,9928343
"113";2014;3;4959,0805664;51,5235863;8,6995401;2,1852882;9,8378983;1,5319483;1,2398733;10654,9228516;22,855175;20,4563866;3,6223691;17,7737846;1,6846007;4,4838018;9640,9912109;22,0655823;21,6932144;2,5357449;10,2868118;0,8516794;"      2.1094460";79477,3359375;22,0515594;37,5014839;4,0834994;15,9514294;2,7099009;2,9941604
"114";2014;4;5275,4838867;54,7530746;8,9537458;2,237776;10,0630579;1,5641092;1,2526364;10668,2695312;22,860199;20,4634018;3,6233118;17,7785454;1,6850368;4,4883785;9692,09375;22,078434;21,716238;2,5386019;10,2972193;0,8526657;"      2.1100740";79571,9453125;22,0559578;37,5145988;4,0846062;15,9553852;2,7104881;2,9973814
"115";2014;5;5551,5795898;57,5367432;9,7448673;2,4365931;10,9284706;1,6942972;1,3023868;10791,9326172;22,9481258;20,6254063;3,6485023;17,9074593;1,6973194;4,5307913;9841,1445312;22,1492214;21,8835697;2,5626225;10,3859158;0,8614099;"      2.1158934";80448,546875;22,1329327;37,81744;4,1141753;16,0624695;2,7270219;3,0272272
"116";2014;6;5731,1088867;59,3607101;9,9983931;2,4919724;11,1661415;1,7285465;1,3336711;10844,71875;22,9697113;20,6716061;3,6551116;17,9410343;1,7004453;4,5488954;9909,28125;22,1678333;21,9346771;2,5693719;10,410655;0,8637932;"      2.1183772";80822,7265625;22,1518288;37,9038048;4,1219325;16,0903606;2,73123;3,0399673
"117";2014;7;5988,0786133;61,9801865;10,428688;2,5911891;11,5955524;1,7917787;1,4139724;10922,7041016;23,1295013;20,7470589;3,6660917;17,9966965;1,7056365;4,5564551;9977,4189453;22,1935043;21,9911728;2,5769618;10,4384165;0,8664722;"      2.1221457";81375,53125;22,2917156;38,0448532;4,1348219;16,1365967;2,7382176;3,0452874
"118";2014;8;6055,7041016;62,6585846;10,5603008;2,6205275;11,7206154;1,8096793;1,4295039;10969,9794922;23,226366;20,7963219;3,6733615;18,033802;1,7091256;4,560081;10037,0390625;22,2090645;22,0444126;2,5842154;10,4651318;0,8690713;"      2.1247540";81710,6484375;22,3765144;38,13694;4,1433554;16,1674213;2,7429147;3,0478384
"119";2014;9;5823,4467773;60,2554131;10,1552753;2,5200207;11,2710886;1,7402716;1,3746774;10969,9794922;23,226366;20,7963219;3,6733615;18,033802;1,7091256;4,560081;10037,0390625;22,2090645;22,0444126;2,5842154;10,4651318;0,8690713;"      2.1247540";81710,6484375;22,3765144;38,13694;4,1433554;16,1674213;2,7429147;3,0478384
"120";2014;10;5375,918457;55,6248169;9,3748503;2,3263588;10,4049129;1,6065329;1,2690344;10969,9794922;23,226366;20,7963219;3,6733615;18,033802;1,7091256;4,560081;10037,0390625;22,2090645;22,0444126;2,5842154;10,4651318;0,8690713;"      2.1247540";81710,6484375;22,3765144;38,13694;4,1433554;16,1674213;2,7429147;3,0478384
"121";2014;11;5212,7021484;53,9274902;8,9684744;2,2253177;9,956049;1,5375178;1,2149596;10970,1132812;23,2263794;20,7963276;3,6733978;18,0338078;1,7091262;4,5600815;10039,1689453;22,2092037;22,0444717;2,5842226;10,4651775;0,8690771;"      2.1247625";81711,59375;22,376524;38,1369514;4,1433978;16,1674271;2,7429154;3,0478392
"122";2014;12;5163,0703125;53,4097672;8,8220911;2,1889045;9,7935972;1,5124663;1,195366;10970,2285156;23,2263851;20,7963314;3,673398;18,0338116;1,7091266;4,5601211;10041,2978516;22,2092667;22,0445271;2,5842285;10,4652071;0,8690805;"      2.1247680";81712,40625;22,3765316;38,1369591;4,1433978;16,167429;2,7429156;3,0478666
"123";2015;1;5134,8271484;53,1141853;8,7245426;2,1646388;9,6852188;1,4957411;1,1822838;10970,3164062;23,226387;20,7963314;3,673398;18,0338116;1,7091267;4,5601511;10043,3154297;22,2093067;22,044569;2,5842335;10,4652281;0,8690828;"      2.1247718";81713,0390625;22,3765316;38,1369591;4,1433983;16,1674309;2,7429161;3,0478885
"124";2015;2;5098,4331055;52,7340164;8,6092939;2,1359768;9,55723;1,4759929;1,1668209;10970,4052734;23,2263889;20,7963352;3,6733985;18,0338154;1,7091268;4,5601811;10045,3330078;22,2093506;22,0446129;2,5842383;10,465251;0,8690852;"      2.1247756";81713,6875;22,3765335;38,1369629;4,1433992;16,1674328;2,7429163;3,0479105
"125";2015;3;5196,3305664;53,7276917;8,560564;2,1211314;9,489994;1,4651773;1,1617988;10975,671875;23,2272377;20,7975216;3,6735499;18,0345917;1,7091984;4,5619879;10065,5048828;22,211525;22,0485115;2,5846977;10,4669504;0,869247;"      2.1250136";81752,0390625;22,3772964;38,1392441;4,1435814;16,1680946;2,7430155;3,0492163
"126";2015;4;5512,512207;56,9570541;8,8116264;2,173094;9,7131901;1,4972275;1,1749618;10988,4726562;23,2319279;20,8041058;3,6744318;18,0390377;1,7096058;4,5663781;10113,9179688;22,2233753;22,0698414;2,5873358;10,4765491;0,8701569;"      2.1255918";81845,25;22,3815174;38,1518822;4,1446452;16,1718884;2,7435789;3,0523903
"127";2015;5;5772,6894531;59,5901756;9,5714073;2,3637817;10,5440855;1,6225516;1,2246941;11106,9970703;23,3113899;20,9563961;3,6979785;18,1593304;1,7210478;4,607028;10255,1230469;22,2866116;22,2253227;2,6095297;10,5583591;0,8782086;"      2.1309431";82708,359375;22,4529781;38,4443398;4,1730394;16,2745399;2,7594013;3,0817764
"128";2015;6;5951,6025391;61,4116402;9,8181725;2,4176245;10,775631;1,6561022;1,2554674;11156,6884766;23,3306694;20,9983368;3,703938;18,189558;1,7238592;4,6240706;10319,6738281;22,303339;22,2720127;2,6156545;10,5807734;0,8803657;"      2.1331866";83070,21875;22,4703178;38,5248833;4,1802254;16,300333;2,763289;3,0940964
"129";2015;7;6210,1020508;64,0495224;10,2356873;2,5132773;11,1896439;1,7171355;1,3327334;11229,6835938;23,4802399;21,0661602;3,7137282;18,2391148;1,7284756;4,6307826;10384,2246094;22,3263969;22,3234119;2,6225038;10,6057901;0,8827769;"      2.1365726";83601,78125;22,604826;38,6551285;4,1920309;16,3426247;2,7696724;3,0989482
"130";2015;8;6278,7543945;64,7425003;10,363965;2,5417142;11,3114042;1,7347064;1,3482828;11273,2919922;23,5695915;21,1094437;3,7200511;18,2713261;1,7314973;4,6339192;10440,7070312;22,3401699;22,3714561;2,6289828;10,6296053;0,8850887;"      2.1388907";83919,3359375;22,6851845;38,7382545;4,1996551;16,3701115;2,7738512;3,1012163
"131";2015;9;6047,6518555;62,3595238;9,9824991;2,4481611;10,8950653;1,6708568;1,2986566;11273,2919922;23,5695915;21,1094437;3,7200511;18,2713261;1,7314973;4,6339192;10440,7070312;22,3401699;22,3714561;2,6289828;10,6296053;0,8850887;"      2.1388907";83919,3359375;22,6851845;38,7382545;4,1996551;16,3701115;2,7738512;3,1012163
"132";2015;10;5601,6337891;57,7604637;9,2462826;2,2676079;10,091548;1,5476304;1,2028799;11273,2919922;23,5695915;21,1094437;3,7200511;18,2713261;1,7314973;4,6339192;10440,7070312;22,3401699;22,3714561;2,6289828;10,6296053;0,8850887;"      2.1388907";83919,3359375;22,6851845;38,7382545;4,1996551;16,3701115;2,7738512;3,1012163
"133";2015;11;5438,2036133;56,0693359;8,8614626;2,1730511;9,6734734;1,483773;1,1536757;11273,4189453;23,5696049;21,1094475;3,7200847;18,2713299;1,7314979;4,6339197;10442,7246094;22,3402958;22,3715115;2,628989;10,6296463;0,8850939;"      2.1388981";83920,25;22,685194;38,7382584;4,1996961;16,3701172;2,7738519;3,101217
"134";2015;12;5388,4033203;55,552906;8,7226439;2,1389258;9,5219774;1,4605683;1,1358303;11273,5253906;23,5696087;21,1094513;3,7200851;18,2713337;1,7314984;4,6339564;10444,7421875;22,3403549;22,3715611;2,6289947;10,629673;0,8850967;"      2.1389029";83921,0234375;22,6851978;38,738266;4,1996965;16,3701172;2,7738521;3,1012433
