YEAR;Month;C mol/m²;N mol/m²;Ca mol/m²;Mg mol/m²;K mol/m²;S mol/m²;P mol/m²;C mmol/m²/month;N mmol/m²/month;Ca mmol/m²/month;Mg mmol/m²/month;K mmol/m²/month;S mmol/m²/month;P mmol/m²/month;MB C mol/m²;MB N mol/m²;MB Ca mol/m²;MB Mg mol/m²;MB K mol/m²;MB S mol/m²;MB P mol/m²;
        2005;           1;    194.9599915;     10.5655804;      0.0000000;      0.0000000;      0.0000000;      0.0000000;      1.3136184;     25.1988163;      1.3278167;      0.0000000;      0.0000000;      0.0000000;      0.0000000;      0.1696610;      9.7270222;      0.5270057;      0.0000000;      0.0000000;      0.0000000;      0.0000000;      0.0655172
        2005;           2;    195.4183502;     10.5904064;      0.0000000;      0.0000000;      0.0000000;      0.0000000;      1.3167045;     28.1674557;      1.4842441;      0.0000000;      0.0000000;      0.0000000;      0.0000000;      0.1896483;      9.2439594;      0.5006996;      0.0000000;      0.0000000;      0.0000000;      0.0000000;      0.0622415
        2005;           3;    195.8292999;     10.6126509;      0.0000000;      0.0000000;      0.0000000;      0.0000000;      1.3194691;     51.5721321;      2.7175169;      0.0000000;      0.0000000;      0.0000000;      0.0000000;      0.3472288;      8.7879181;      0.4757467;      0.0000000;      0.0000000;      0.0000000;      0.0000000;      0.0591297
        2005;           4;    196.2144623;     10.6334782;      0.0000000;      0.0000000;      0.0000000;      0.0000000;      1.3220578;     54.5880814;      2.8764305;      0.0000000;      0.0000000;      0.0000000;      0.0000000;      0.3675336;      8.3549891;      0.4519274;      0.0000000;      0.0000000;      0.0000000;      0.0000000;      0.0561735
        2005;           5;    196.5343170;     10.6507339;      0.0000000;      0.0000000;      0.0000000;      0.0000000;      1.3242031;     98.4668045;      5.1885257;      0.0000000;      0.0000000;      0.0000000;      0.0000000;      0.6629593;      7.9481487;      0.4292366;      0.0000000;      0.0000000;      0.0000001;      0.0000000;      0.0533654
        2005;           6;    196.9145813;     10.6712523;      0.0000000;      0.0000000;      0.0000000;      0.0000000;      1.3267548;     17.3001480;      0.9115924;      0.0000000;      0.0000000;      0.0000000;      0.0000000;      0.1164779;      7.5539093;      0.4076572;      0.0000000;      0.0000000;      0.0000001;      0.0000000;      0.0506973
        2005;           7;    197.2923431;     10.6916275;      0.0000000;      0.0000000;      0.0000000;      0.0000000;      1.3292897;      0.0000000;      0.0000000;      0.0000000;      0.0000000;      0.0000000;      0.0000000;      0.0000000;      7.1775866;      0.3871298;      0.0000000;      0.0000000;      0.0000001;      0.0000000;      0.0481624
        2005;           8;    197.6512909;     10.7109776;      0.0000000;      0.0000000;      0.0000000;      0.0000000;      1.3316978;      0.0000000;      0.0000000;      0.0000000;      0.0000000;      0.0000000;      0.0000000;      0.0000000;      6.8199425;      0.3676473;      0.0000000;      0.0000000;      0.0000001;      0.0000000;      0.0457543
        2005;           9;    197.9923401;     10.7293539;      0.0000000;      0.0000000;      0.0000000;      0.0000000;      1.3339856;      0.0000000;      0.0000000;      0.0000000;      0.0000000;      0.0000000;      0.0000000;      0.0000000;      6.4800568;      0.3491475;      0.0000000;      0.0000000;      0.0000001;      0.0000000;      0.0434666
        2005;          10;    198.3163910;     10.7468119;      0.0000000;      0.0000000;      0.0000000;      0.0000000;      1.3361589;      0.0000000;      0.0000000;      0.0000000;      0.0000000;      0.0000000;      0.0000000;      0.0000000;      6.1570544;      0.3317000;      0.0000000;      0.0000000;      0.0000001;      0.0000000;      0.0412933
        2005;          11;    198.5959320;     10.7618465;      0.0000000;      0.0000000;      0.0000000;      0.0000000;      1.3380302;     28.6996708;      1.5121926;      0.0000000;      0.0000000;      0.0000000;      0.0000000;      0.1932209;      5.8565745;      0.3152205;      0.0000000;      0.0000000;      0.0000001;      0.0000000;      0.0392290
        2005;          12;    198.8682861;     10.7764883;      0.0000000;      0.0000000;      0.0000000;      0.0000000;      1.3398522;     20.7061901;      1.0910023;      0.0000000;      0.0000000;      0.0000000;      0.0000000;      0.1394034;      5.5681496;      0.2995203;      0.0000000;      0.0000000;      0.0000002;      0.0000000;      0.0372677
        2006;           1;    199.1165619;     10.7898207;      0.0000000;      0.0000000;      0.0000001;      0.0000000;      1.3415108;     30.3942928;      1.6014472;      0.0000000;      0.0000000;      0.0000000;      0.0000000;      0.2046261;      5.2946572;      0.2846127;      0.0000000;      0.0000000;      0.0000002;      0.0000000;      0.0354046
        2006;           2;    199.3565826;     10.8027058;      0.0000000;      0.0000000;      0.0000001;      0.0000000;      1.3431135;     24.8684349;      1.3102797;      0.0000000;      0.0000000;      0.0000000;      0.0000000;      0.1674221;      5.0330567;      0.2704237;      0.0000000;      0.0000000;      0.0000002;      0.0000000;      0.0336345
        2006;           3;    199.5771484;     10.8145332;      0.0000000;      0.0000000;      0.0000001;      0.0000000;      1.3445842;     31.3102760;      1.6496714;      0.0000000;      0.0000000;      0.0000000;      0.0000000;      0.2107884;      4.7855358;      0.2569537;      0.0000000;      0.0000000;      0.0000002;      0.0000000;      0.0319530
        2006;           4;    199.7626953;     10.8244505;      0.0000000;      0.0000000;      0.0000001;      0.0000000;      1.3458177;     54.0562553;      2.8480744;      0.0000000;      0.0000000;      0.0000000;      0.0000000;      0.3639157;      4.5525594;      0.2440660;      0.0000000;      0.0000000;      0.0000002;      0.0000000;      0.0303557
        2006;           5;    199.9012604;     10.8317928;      0.0000000;      0.0000000;      0.0000001;      0.0000000;      1.3467319;     89.5881195;      4.7200885;      0.0000000;      0.0000000;      0.0000000;      0.0000000;      0.6031147;      4.3348045;      0.2317416;      0.0000000;      0.0000000;      0.0000002;      0.0000000;      0.0288384
        2006;           6;    200.1179657;     10.8433657;      0.0000000;      0.0000000;      0.0000001;      0.0000000;      1.3481731;      0.1024220;      0.0053962;      0.0000000;      0.0000000;      0.0000000;      0.0000000;      0.0006895;      4.1192861;      0.2200006;      0.0000000;      0.0000000;      0.0000002;      0.0000000;      0.0273965
        2006;           7;    200.3239899;     10.8543577;      0.0000000;      0.0000000;      0.0000001;      0.0000000;      1.3495430;      0.0000000;      0.0000000;      0.0000000;      0.0000000;      0.0000000;      0.0000000;      0.0000000;      3.9144130;      0.2088446;      0.0000000;      0.0000000;      0.0000002;      0.0000000;      0.0260266
        2006;           8;    200.5197601;     10.8647928;      0.0000000;      0.0000000;      0.0000001;      0.0000000;      1.3508443;      0.0000000;      0.0000000;      0.0000000;      0.0000000;      0.0000000;      0.0000000;      0.0000000;      3.7196741;      0.1982664;      0.0000000;      0.0000000;      0.0000002;      0.0000000;      0.0247253
        2006;           9;    200.7057953;     10.8746996;      0.0000000;      0.0000000;      0.0000001;      0.0000000;      1.3520806;      0.0000000;      0.0000000;      0.0000000;      0.0000000;      0.0000000;      0.0000000;      0.0000000;      3.5345743;      0.1882264;      0.0000000;      0.0000000;      0.0000002;      0.0000000;      0.0234890
        2006;          10;    200.8825684;     10.8841114;      0.0000000;      0.0000000;      0.0000001;      0.0000000;      1.3532550;      0.0000000;      0.0000000;      0.0000000;      0.0000000;      0.0000000;      0.0000000;      0.0000000;      3.3586409;      0.1788216;      0.0000000;      0.0000000;      0.0000002;      0.0000000;      0.0223146
        2006;          11;    201.0152588;     10.8911266;      0.0000000;      0.0000000;      0.0000001;      0.0000000;      1.3541306;     35.6638222;      1.8788224;      0.0000000;      0.0000000;      0.0000000;      0.0000000;      0.2400727;      3.1985288;      0.1699925;      0.0000000;      0.0000000;      0.0000002;      0.0000000;      0.0211993
        2006;          12;    201.1533508;     10.8984337;      0.0000000;      0.0000000;      0.0000002;      0.0000000;      1.3550419;     22.0800114;      1.1631881;      0.0000000;      0.0000000;      0.0000000;      0.0000000;      0.1486306;      3.0431612;      0.1615558;      0.0000000;      0.0000000;      0.0000002;      0.0000000;      0.0201395
        2007;           1;    201.2876434;     10.9055367;      0.0000000;      0.0000000;      0.0000002;      0.0000000;      1.3559275;     18.0175095;      0.9491575;      0.0000000;      0.0000000;      0.0000000;      0.0000000;      0.1212824;      2.8939505;      0.1535167;      0.0000000;      0.0000000;      0.0000002;      0.0000000;      0.0191327
        2007;           2;    201.4027863;     10.9116020;      0.0000000;      0.0000000;      0.0000002;      0.0000000;      1.3566835;     29.7880898;      1.5692029;      0.0000000;      0.0000000;      0.0000000;      0.0000000;      0.2005116;      2.7534933;      0.1458990;      0.0000000;      0.0000000;      0.0000002;      0.0000000;      0.0181763
        2007;           3;    201.4946594;     10.9164038;      0.0000000;      0.0000000;      0.0000002;      0.0000000;      1.3572819;     46.0801430;      2.4274104;      0.0000000;      0.0000000;      0.0000000;      0.0000000;      0.3101733;      2.6212802;      0.1386750;      0.0000000;      0.0000000;      0.0000002;      0.0000000;      0.0172677
        2007;           4;    201.5792999;     10.9208040;      0.0000000;      0.0000000;      0.0000002;      0.0000000;      1.3578306;     46.7156639;      2.4608474;      0.0000000;      0.0000000;      0.0000000;      0.0000000;      0.3144464;      2.4959228;      0.1316889;      0.0000000;      0.0000000;      0.0000002;      0.0000000;      0.0164046
        2007;           5;    201.6266174;     10.9231586;      0.0000000;      0.0000000;      0.0000002;      0.0000000;      1.3581259;     77.9364243;      4.1053963;      0.0000000;      0.0000000;      0.0000000;      0.0000000;      0.5245872;      2.3798656;      0.1249597;      0.0000000;      0.0000000;      0.0000002;      0.0000000;      0.0155848
        2007;           6;    201.7335510;     10.9287395;      0.0000000;      0.0000000;      0.0000002;      0.0000000;      1.3588231;     12.1887407;      0.6420442;      0.0000000;      0.0000000;      0.0000000;      0.0000000;      0.0820405;      2.2633107;      0.1185717;      0.0000000;      0.0000000;      0.0000002;      0.0000000;      0.0148057
        2007;           7;    201.8467712;     10.9346600;      0.0000000;      0.0000000;      0.0000002;      0.0000000;      1.3595634;      0.0000000;      0.0000000;      0.0000000;      0.0000000;      0.0000000;      0.0000000;      0.0000000;      2.1512976;      0.1124839;      0.0000000;      0.0000000;      0.0000002;      0.0000000;      0.0140654
        2007;           8;    201.9543915;     10.9402771;      0.0000000;      0.0000000;      0.0000003;      0.0000000;      1.3602666;      0.0000000;      0.0000000;      0.0000000;      0.0000000;      0.0000000;      0.0000000;      0.0000000;      2.0447698;      0.1067207;      0.0000000;      0.0000000;      0.0000002;      0.0000000;      0.0133622
        2007;           9;    202.0566864;     10.9456062;      0.0000000;      0.0000000;      0.0000003;      0.0000000;      1.3609346;      0.0000000;      0.0000000;      0.0000000;      0.0000000;      0.0000000;      0.0000000;      0.0000000;      1.9434646;      0.1012553;      0.0000000;      0.0000000;      0.0000002;      0.0000000;      0.0126940
        2007;          10;    202.1539001;     10.9506693;      0.0000000;      0.0000000;      0.0000003;      0.0000000;      1.3615693;      0.0000000;      0.0000000;      0.0000000;      0.0000000;      0.0000000;      0.0000000;      0.0000000;      1.8471315;      0.0961996;      0.0000000;      0.0000000;      0.0000002;      0.0000000;      0.0120593
        2007;          11;    202.2261200;     10.9543800;      0.0000000;      0.0000000;      0.0000003;      0.0000000;      1.3620353;     20.3281727;      1.0706842;      0.0000000;      0.0000000;      0.0000000;      0.0000000;      0.1368149;      1.7583907;      0.0914383;      0.0000000;      0.0000000;      0.0000002;      0.0000000;      0.0114566
        2007;          12;    202.2918243;     10.9577351;      0.0000000;      0.0000000;      0.0000003;      0.0000000;      1.3624562;     22.5484772;      1.1876049;      0.0000000;      0.0000000;      0.0000000;      0.0000000;      0.1517560;      1.6768545;      0.0869566;      0.0000000;      0.0000000;      0.0000003;      0.0000000;      0.0108841
        2008;           1;    202.3598022;     10.9612160;      0.0000000;      0.0000000;      0.0000003;      0.0000000;      1.3628923;     16.0586205;      0.8457749;      0.0000000;      0.0000000;      0.0000000;      0.0000000;      0.1080762;      1.5964552;      0.0826548;      0.0000000;      0.0000000;      0.0000003;      0.0000000;      0.0103400
        2008;           2;    202.4141541;     10.9639606;      0.0000000;      0.0000000;      0.0000003;      0.0000000;      1.3632364;     25.6646080;      1.3516769;      0.0000000;      0.0000000;      0.0000000;      0.0000000;      0.1727227;      1.5202736;      0.0785710;      0.0000000;      0.0000000;      0.0000003;      0.0000000;      0.0098232
        2008;           3;    202.4611816;     10.9663105;      0.0000000;      0.0000000;      0.0000004;      0.0000000;      1.3635310;     29.1955338;      1.5376114;      0.0000000;      0.0000000;      0.0000000;      0.0000000;      0.1964827;      1.4481598;      0.0746897;      0.0000000;      0.0000000;      0.0000003;      0.0000000;      0.0093322
        2008;           4;    202.4979401;     10.9680967;      0.0000000;      0.0000000;      0.0000004;      0.0000000;      1.3637558;     35.8928375;      1.8902965;      0.0000000;      0.0000000;      0.0000000;      0.0000000;      0.2415508;      1.3804125;      0.0708837;      0.0000000;      0.0000000;      0.0000003;      0.0000000;      0.0088659
        2008;           5;    202.4841461;     10.9671221;      0.0000000;      0.0000000;      0.0000004;      0.0000000;      1.3636383;     83.2904816;      4.3864098;      0.0000000;      0.0000000;      0.0000000;      0.0000000;      0.5605170;      1.3204442;      0.0671926;      0.0000000;      0.0000000;      0.0000003;      0.0000000;      0.0084230
        2008;           6;    202.4745789;     10.9663601;      0.0000000;      0.0000000;      0.0000004;      0.0000000;      1.3635473;     76.0527496;      4.0051560;      0.0000000;      0.0000000;      0.0000000;      0.0000000;      0.5118003;      1.2632478;      0.0637845;      0.0000000;      0.0000000;      0.0000003;      0.0000000;      0.0080023
        2008;           7;    202.5378113;     10.9695406;      0.0000000;      0.0000000;      0.0000004;      0.0000000;      1.3639474;      0.0000000;      0.0000000;      0.0000000;      0.0000000;      0.0000000;      0.0000000;      0.0000000;      1.2014591;      0.0604349;      0.0000000;      0.0000000;      0.0000003;      0.0000000;      0.0076022
        2008;           8;    202.5979462;     10.9725552;      0.0000000;      0.0000000;      0.0000004;      0.0000000;      1.3643275;      0.0000000;      0.0000000;      0.0000000;      0.0000000;      0.0000000;      0.0000000;      0.0000000;      1.1426224;      0.0572734;      0.0000000;      0.0000000;      0.0000003;      0.0000000;      0.0072221
        2008;           9;    202.6551361;     10.9754124;      0.0000000;      0.0000000;      0.0000004;      0.0000000;      1.3646886;      0.0000000;      0.0000000;      0.0000000;      0.0000000;      0.0000000;      0.0000000;      0.0000000;      1.0866039;      0.0542794;      0.0000000;      0.0000000;      0.0000003;      0.0000000;      0.0068610
        2008;          10;    202.7095184;     10.9781265;      0.0000000;      0.0000000;      0.0000005;      0.0000000;      1.3650317;      0.0000000;      0.0000000;      0.0000000;      0.0000000;      0.0000000;      0.0000000;      0.0000000;      1.0332750;      0.0515748;      0.0000000;      0.0000000;      0.0000003;      0.0000000;      0.0065179
        2008;          11;    202.7189484;     10.9784012;      0.0000000;      0.0000000;      0.0000005;      0.0000000;      1.3650705;     42.6437721;      2.2454906;      0.0000000;      0.0000000;      0.0000000;      0.0000000;      0.2869470;      0.9894530;      0.0491080;      0.0000000;      0.0000000;      0.0000003;      0.0000000;      0.0061924
        2008;          12;    202.7516174;     10.9799347;      0.0000000;      0.0000000;      0.0000005;      0.0000000;      1.3652649;     17.1046314;      0.9006575;      0.0000000;      0.0000000;      0.0000000;      0.0000000;      0.1150938;      0.9458435;      0.0467349;      0.0000000;      0.0000000;      0.0000003;      0.0000000;      0.0058831
        2009;           1;    202.7790375;     10.9811859;      0.0000000;      0.0000000;      0.0000005;      0.0000000;      1.3654237;     20.1184750;      1.0593305;      0.0000000;      0.0000000;      0.0000000;      0.0000000;      0.1353708;      0.9030533;      0.0444599;      0.0000000;      0.0000000;      0.0000003;      0.0000000;      0.0055892
        2009;           2;    202.8009338;     10.9821424;      0.0000000;      0.0000000;      0.0000005;      0.0000000;      1.3655453;     23.4378948;      1.2340863;      0.0000000;      0.0000000;      0.0000000;      0.0000000;      0.1577032;      0.8614789;      0.0422848;      0.0000000;      0.0000000;      0.0000003;      0.0000000;      0.0053099
        2009;           3;    202.8158722;     10.9827232;      0.0000000;      0.0000000;      0.0000005;      0.0000000;      1.3656198;     28.3705730;      1.4937769;      0.0000000;      0.0000000;      0.0000000;      0.0000000;      0.1908893;      0.8229070;      0.0402265;      0.0000000;      0.0000000;      0.0000003;      0.0000000;      0.0050446
        2009;           4;    202.8141174;     10.9823923;      0.0000000;      0.0000000;      0.0000006;      0.0000000;      1.3655813;     43.1806908;      2.2735155;      0.0000000;      0.0000000;      0.0000000;      0.0000000;      0.2905326;      0.7871785;      0.0381512;      0.0000000;      0.0000000;      0.0000003;      0.0000000;      0.0047927
        2009;           5;    202.7682037;     10.9796457;      0.0000000;      0.0000000;      0.0000006;      0.0000000;      1.3652432;     85.8030396;      4.5175333;      0.0000000;      0.0000000;      0.0000000;      0.0000000;      0.5772972;      0.7577229;      0.0361020;      0.0000000;      0.0000000;      0.0000003;      0.0000000;      0.0045535
        2009;           6;    202.6908112;     10.9751711;      0.0000000;      0.0000000;      0.0000006;      0.0000000;      1.3646901;    115.9715500;      6.1057577;      0.0000000;      0.0000000;      0.0000000;      0.0000000;      0.7802594;      0.7329267;      0.0343074;      0.0000000;      0.0000000;      0.0000003;      0.0000000;      0.0043265
        2009;           7;    202.7275543;     10.9768782;      0.0000000;      0.0000000;      0.0000006;      0.0000000;      1.3649064;      0.0000000;      0.0000000;      0.0000000;      0.0000000;      0.0000000;      0.0000000;      0.0000000;      0.6981458;      0.0324342;      0.0000000;      0.0000000;      0.0000003;      0.0000000;      0.0041102
        2009;           8;    202.7625427;     10.9784927;      0.0000000;      0.0000000;      0.0000006;      0.0000000;      1.3651119;      0.0000000;      0.0000000;      0.0000000;      0.0000000;      0.0000000;      0.0000000;      0.0000000;      0.6649173;      0.0306752;      0.0000000;      0.0000000;      0.0000003;      0.0000000;      0.0039047
        2009;           9;    202.7958679;     10.9800196;      0.0000000;      0.0000000;      0.0000006;      0.0000000;      1.3653072;      0.0000000;      0.0000000;      0.0000000;      0.0000000;      0.0000000;      0.0000000;      0.0000000;      0.6331825;      0.0290131;      0.0000000;      0.0000000;      0.0000003;      0.0000000;      0.0037094
        2009;          10;    202.8276062;     10.9814711;      0.0000000;      0.0000000;      0.0000007;      0.0000000;      1.3654927;      0.0000000;      0.0000000;      0.0000000;      0.0000000;      0.0000000;      0.0000000;      0.0000000;      0.6028832;      0.0275771;      0.0000000;      0.0000000;      0.0000003;      0.0000000;      0.0035240
        2009;          11;    202.8249664;     10.9810619;      0.0000000;      0.0000000;      0.0000007;      0.0000000;      1.3654459;     33.1237221;      1.7436956;      0.0000000;      0.0000000;      0.0000000;      0.0000000;      0.2228326;      0.5793353;      0.0262913;      0.0000000;      0.0000000;      0.0000003;      0.0000000;      0.0033481
        2009;          12;    202.8393555;     10.9815788;      0.0000000;      0.0000000;      0.0000007;      0.0000000;      1.3655136;     14.8009853;      0.7791325;      0.0000000;      0.0000000;      0.0000000;      0.0000000;      0.0995683;      0.5546082;      0.0250346;      0.0000000;      0.0000000;      0.0000004;      0.0000000;      0.0031809
        2010;           1;    202.8311310;     10.9808712;      0.0000000;      0.0000000;      0.0000007;      0.0000000;      1.3654284;     36.2681732;      1.9091311;      0.0000000;      0.0000000;      0.0000000;      0.0000000;      0.2439758;      0.5329270;      0.0238677;      0.0000000;      0.0000000;      0.0000004;      0.0000000;      0.0030222
        2010;           2;    202.8213348;     10.9800806;      0.0000000;      0.0000000;      0.0000007;      0.0000000;      1.3653325;     36.7176666;      1.9327445;      0.0000000;      0.0000000;      0.0000000;      0.0000000;      0.2469942;      0.5113072;      0.0227438;      0.0000000;      0.0000000;      0.0000004;      0.0000000;      0.0028713
        2010;           3;    202.8100586;     10.9792109;      0.0000000;      0.0000000;      0.0000007;      0.0000000;      1.3652260;     37.1264534;      1.9542147;      0.0000000;      0.0000000;      0.0000000;      0.0000000;      0.2497385;      0.4912176;      0.0216769;      0.0000000;      0.0000000;      0.0000004;      0.0000000;      0.0027280
        2010;           4;    202.7919617;     10.9779654;      0.0000000;      0.0000000;      0.0000008;      0.0000000;      1.3650732;     42.9670677;      2.2615905;      0.0000000;      0.0000000;      0.0000000;      0.0000000;      0.2890201;      0.4726706;      0.0205356;      0.0000000;      0.0000000;      0.0000004;      0.0000000;      0.0025919
        2010;           5;    202.7531128;     10.9755793;      0.0000000;      0.0000000;      0.0000008;      0.0000000;      1.3647796;     62.8605499;      3.3086102;      0.0000000;      0.0000000;      0.0000000;      0.0000000;      0.4228250;      0.4562856;      0.0193223;      0.0000000;      0.0000000;      0.0000004;      0.0000000;      0.0024627
        2010;           6;    202.6701965;     10.9707851;      0.0000000;      0.0000000;      0.0000008;      0.0000000;      1.3641864;    106.4112701;      5.6007156;      0.0000000;      0.0000000;      0.0000000;      0.0000000;      0.7157477;      0.4464608;      0.0183620;      0.0000000;      0.0000000;      0.0000004;      0.0000000;      0.0023402
        2010;           7;    202.5953369;     10.9664097;      0.0000000;      0.0000000;      0.0000008;      0.0000000;      1.3636453;     97.7725830;      5.1458907;      0.0000000;      0.0000000;      0.0000000;      0.0000000;      0.6576248;      0.4355502;      0.0174261;      0.0000000;      0.0000000;      0.0000004;      0.0000000;      0.0022238
        2010;           8;    202.6172180;     10.9672737;      0.0000000;      0.0000000;      0.0000008;      0.0000000;      1.3637565;      0.0000000;      0.0000000;      0.0000000;      0.0000000;      0.0000000;      0.0000000;      0.0000000;      0.4156842;      0.0164181;      0.0000000;      0.0000000;      0.0000004;      0.0000000;      0.0021126
        2010;           9;    202.6380920;     10.9680882;      0.0000000;      0.0000000;      0.0000009;      0.0000000;      1.3638622;      0.0000000;      0.0000000;      0.0000000;      0.0000000;      0.0000000;      0.0000000;      0.0000000;      0.3966204;      0.0154694;      0.0000000;      0.0000000;      0.0000004;      0.0000000;      0.0020069
        2010;          10;    202.6580048;     10.9688625;      0.0000000;      0.0000000;      0.0000009;      0.0000000;      1.3639625;      0.0000000;      0.0000000;      0.0000000;      0.0000000;      0.0000000;      0.0000000;      0.0000000;      0.3783377;      0.0147133;      0.0000000;      0.0000000;      0.0000004;      0.0000000;      0.0019066
        2010;          11;    202.6455231;     10.9678822;      0.0000000;      0.0000000;      0.0000009;      0.0000000;      1.3638439;     31.8017788;      1.6735682;      0.0000000;      0.0000000;      0.0000000;      0.0000000;      0.2138786;      0.3671394;      0.0140875;      0.0000000;      0.0000000;      0.0000004;      0.0000000;      0.0018116
        2010;          12;    202.6364594;     10.9670877;      0.0000000;      0.0000000;      0.0000009;      0.0000000;      1.3637475;     27.7828255;      1.4620292;      0.0000000;      0.0000000;      0.0000000;      0.0000000;      0.1868449;      0.3558211;      0.0134828;      0.0000000;      0.0000000;      0.0000004;      0.0000000;      0.0017214
        2011;           1;    202.6305847;     10.9664726;      0.0000000;      0.0000000;      0.0000009;      0.0000000;      1.3636729;     23.8814430;      1.2566891;      0.0000000;      0.0000000;      0.0000000;      0.0000000;      0.1606032;      0.3421960;      0.0128651;      0.0000000;      0.0000000;      0.0000004;      0.0000000;      0.0016356
        2011;           2;    202.6272125;     10.9660006;      0.0000000;      0.0000000;      0.0000010;      0.0000000;      1.3636158;     20.6436558;      1.0862800;      0.0000000;      0.0000000;      0.0000000;      0.0000000;      0.1388254;      0.3281174;      0.0122613;      0.0000000;      0.0000000;      0.0000004;      0.0000000;      0.0015539
        2011;           3;    202.6108551;     10.9648285;      0.0000000;      0.0000000;      0.0000010;      0.0000000;      1.3634712;     33.0395164;      1.7385094;      0.0000000;      0.0000000;      0.0000000;      0.0000000;      0.2221801;      0.3167678;      0.0117121;      0.0000000;      0.0000000;      0.0000004;      0.0000000;      0.0014765
        2011;           4;    202.5935822;     10.9636049;      0.0000000;      0.0000000;      0.0000010;      0.0000000;      1.3633205;     33.3606644;      1.7553607;      0.0000000;      0.0000000;      0.0000000;      0.0000000;      0.2243340;      0.3054735;      0.0110447;      0.0000000;      0.0000000;      0.0000004;      0.0000000;      0.0014029
        2011;           5;    202.5548706;     10.9612074;      0.0000000;      0.0000000;      0.0000010;      0.0000000;      1.3630253;     54.2967033;      2.8568892;      0.0000000;      0.0000000;      0.0000000;      0.0000000;      0.3651094;      0.2961386;      0.0102816;      0.0000000;      0.0000000;      0.0000004;      0.0000000;      0.0013330
        2011;           6;    202.4789886;     10.9567833;      0.0000000;      0.0000000;      0.0000011;      0.0000000;      1.3624781;     91.2174835;      4.7993855;      0.0000000;      0.0000000;      0.0000000;      0.0000000;      0.6133615;      0.2913453;      0.0097257;      0.0000000;      0.0000000;      0.0000004;      0.0000000;      0.0012669
        2011;           7;    202.4935303;     10.9572544;      0.0000000;      0.0000000;      0.0000011;      0.0000000;      1.3625407;      0.0985148;      0.0051832;      0.0000000;      0.0000000;      0.0000000;      0.0000000;      0.0006624;      0.2779887;      0.0090656;      0.0000000;      0.0000000;      0.0000004;      0.0000000;      0.0012035
        2011;           8;    202.5074921;     10.9576998;      0.0000000;      0.0000000;      0.0000011;      0.0000000;      1.3626009;      0.0000000;      0.0000000;      0.0000000;      0.0000000;      0.0000000;      0.0000000;      0.0000000;      0.2651704;      0.0084606;      0.0000000;      0.0000000;      0.0000004;      0.0000000;      0.0011434
        2011;           9;    202.5207977;     10.9581156;      0.0000000;      0.0000000;      0.0000011;      0.0000000;      1.3626581;      0.0000000;      0.0000000;      0.0000000;      0.0000000;      0.0000000;      0.0000000;      0.0000000;      0.2528849;      0.0078962;      0.0000000;      0.0000000;      0.0000004;      0.0000000;      0.0010862
        2011;          10;    202.5334930;     10.9585104;      0.0000000;      0.0000000;      0.0000011;      0.0000000;      1.3627125;      0.0000000;      0.0000000;      0.0000000;      0.0000000;      0.0000000;      0.0000000;      0.0000000;      0.2411163;      0.0075085;      0.0000000;      0.0000000;      0.0000004;      0.0000000;      0.0010319
        2011;          11;    202.5286713;     10.9579630;      0.0000000;      0.0000000;      0.0000011;      0.0000000;      1.3626490;     17.1124477;      0.9002372;      0.0000000;      0.0000000;      0.0000000;      0.0000000;      0.1150527;      0.2335233;      0.0071940;      0.0000000;      0.0000000;      0.0000004;      0.0000000;      0.0009805
        2011;          12;    202.5238495;     10.9574203;      0.0000000;      0.0000000;      0.0000012;      0.0000000;      1.3625853;     16.7360287;      0.8804111;      0.0000000;      0.0000000;      0.0000000;      0.0000000;      0.1125193;      0.2265558;      0.0068990;      0.0000000;      0.0000000;      0.0000004;      0.0000000;      0.0009317
        2012;           1;    202.5137939;     10.9565983;      0.0000000;      0.0000000;      0.0000012;      0.0000000;      1.3624864;     21.6314697;      1.1379094;      0.0000000;      0.0000000;      0.0000000;      0.0000000;      0.1454289;      0.2201874;      0.0066224;      0.0000000;      0.0000000;      0.0000004;      0.0000000;      0.0008854
        2012;           2;    202.4986725;     10.9555082;      0.0000000;      0.0000000;      0.0000012;      0.0000000;      1.3623534;     26.3214512;      1.3845867;      0.0000000;      0.0000000;      0.0000000;      0.0000000;      0.1769557;      0.2128718;      0.0063406;      0.0000000;      0.0000000;      0.0000004;      0.0000000;      0.0008413
        2012;           3;    202.4826660;     10.9543734;      0.0000000;      0.0000000;      0.0000012;      0.0000000;      1.3622147;     26.8785000;      1.4138529;      0.0000000;      0.0000000;      0.0000000;      0.0000000;      0.1806965;      0.2066076;      0.0060772;      0.0000000;      0.0000000;      0.0000004;      0.0000000;      0.0007995
        2012;           4;    202.4383698;     10.9517012;      0.0000000;      0.0000000;      0.0000012;      0.0000000;      1.3618848;     54.9707642;      2.8914788;      0.0000000;      0.0000000;      0.0000000;      0.0000000;      0.3695444;      0.2030468;      0.0057237;      0.0000000;      0.0000000;      0.0000004;      0.0000000;      0.0007598
        2012;           5;    202.3733368;     10.9478865;      0.0000000;      0.0000000;      0.0000013;      0.0000000;      1.3614140;     75.6506882;      3.9791462;      0.0000000;      0.0000000;      0.0000000;      0.0000000;      0.5085546;      0.2016837;      0.0052671;      0.0000000;      0.0000000;      0.0000004;      0.0000000;      0.0007223
        2012;           6;    202.2974243;     10.9434681;      0.0000000;      0.0000000;      0.0000013;      0.0000000;      1.3608682;     86.5016861;      4.5497699;      0.0000000;      0.0000000;      0.0000000;      0.0000000;      0.5814851;      0.2013349;      0.0049563;      0.0000000;      0.0000000;      0.0000004;      0.0000000;      0.0006866
        2012;           7;    202.3075256;     10.9437046;      0.0000000;      0.0000000;      0.0000013;      0.0000000;      1.3609023;      0.0313393;      0.0016483;      0.0000000;      0.0000000;      0.0000000;      0.0000000;      0.0002107;      0.1926180;      0.0045353;      0.0000000;      0.0000000;      0.0000004;      0.0000000;      0.0006523
        2012;           8;    202.3172150;     10.9439230;      0.0000000;      0.0000000;      0.0000013;      0.0000000;      1.3609350;      0.0000000;      0.0000000;      0.0000000;      0.0000000;      0.0000000;      0.0000000;      0.0000000;      0.1841992;      0.0041575;      0.0000000;      0.0000000;      0.0000004;      0.0000000;      0.0006197
        2012;           9;    202.3264771;     10.9441233;      0.0000000;      0.0000000;      0.0000013;      0.0000000;      1.3609660;      0.0000000;      0.0000000;      0.0000000;      0.0000000;      0.0000000;      0.0000000;      0.0000000;      0.1760802;      0.0038088;      0.0000000;      0.0000000;      0.0000004;      0.0000000;      0.0005887
        2012;          10;    202.3351593;     10.9443035;      0.0000000;      0.0000000;      0.0000014;      0.0000000;      1.3609940;      0.2191693;      0.0115264;      0.0000000;      0.0000000;      0.0000000;      0.0000000;      0.0014732;      0.1691021;      0.0036397;      0.0000000;      0.0000000;      0.0000004;      0.0000000;      0.0005594
        2012;          11;    202.3033600;     10.9422894;      0.0000000;      0.0000000;      0.0000014;      0.0000000;      1.3607481;     40.7337379;      2.1421862;      0.0000000;      0.0000000;      0.0000000;      0.0000000;      0.2737891;      0.1697996;      0.0035889;      0.0000000;      0.0000000;      0.0000004;      0.0000000;      0.0005319
        2012;          12;    202.2885284;     10.9411964;      0.0000000;      0.0000000;      0.0000014;      0.0000000;      1.3606158;     23.5996170;      1.2410690;      0.0000000;      0.0000000;      0.0000000;      0.0000000;      0.1586195;      0.1666365;      0.0034834;      0.0000000;      0.0000000;      0.0000004;      0.0000000;      0.0005055
        2013;           1;    202.2814941;     10.9405346;      0.0000000;      0.0000000;      0.0000014;      0.0000000;      1.3605369;     15.4860325;      0.8143653;      0.0000000;      0.0000000;      0.0000000;      0.0000000;      0.1040834;      0.1607541;      0.0033398;      0.0000000;      0.0000000;      0.0000004;      0.0000000;      0.0004804
        2013;           2;    202.2627411;     10.9392452;      0.0000000;      0.0000000;      0.0000014;      0.0000000;      1.3603796;     26.9824886;      1.4188929;      0.0000000;      0.0000000;      0.0000000;      0.0000000;      0.1813482;      0.1561807;      0.0032187;      0.0000000;      0.0000000;      0.0000004;      0.0000000;      0.0004565
        2013;           3;    202.2324371;     10.9373350;      0.0000000;      0.0000000;      0.0000015;      0.0000000;      1.3601445;     38.3541412;      2.0168271;      0.0000000;      0.0000000;      0.0000000;      0.0000000;      0.2577707;      0.1531684;      0.0031175;      0.0000000;      0.0000000;      0.0000004;      0.0000000;      0.0004339
        2013;           4;    202.1827393;     10.9343662;      0.0000000;      0.0000000;      0.0000015;      0.0000000;      1.3597779;     57.7358818;      3.0359254;      0.0000000;      0.0000000;      0.0000000;      0.0000000;      0.3880227;      0.1526629;      0.0029161;      0.0000000;      0.0000000;      0.0000004;      0.0000000;      0.0004126
        2013;           5;    202.1090088;     10.9300766;      0.0000000;      0.0000000;      0.0000015;      0.0000000;      1.3592480;     81.8547440;      4.3040533;      0.0000000;      0.0000000;      0.0000000;      0.0000000;      0.5501040;      0.1542035;      0.0026024;      0.0000000;      0.0000000;      0.0000004;      0.0000000;      0.0003924
        2013;           6;    202.1074524;     10.9296904;      0.0000000;      0.0000000;      0.0000015;      0.0000000;      1.3592046;      9.3808460;      0.4932459;      0.0000000;      0.0000000;      0.0000000;      0.0000000;      0.0630423;      0.1487015;      0.0023099;      0.0000000;      0.0000000;      0.0000004;      0.0000000;      0.0003729
        2013;           7;    202.1149445;     10.9297962;      0.0000000;      0.0000000;      0.0000015;      0.0000000;      1.3592232;      0.0000000;      0.0000000;      0.0000000;      0.0000000;      0.0000000;      0.0000000;      0.0000000;      0.1424518;      0.0020166;      0.0000000;      0.0000000;      0.0000004;      0.0000000;      0.0003543
        2013;           8;    202.1221161;     10.9298887;      0.0000000;      0.0000000;      0.0000016;      0.0000000;      1.3592410;      0.0000000;      0.0000000;      0.0000000;      0.0000000;      0.0000000;      0.0000000;      0.0000000;      0.1363960;      0.0017607;      0.0000000;      0.0000000;      0.0000003;      0.0000000;      0.0003366
        2013;           9;    202.1289825;     10.9299688;      0.0000000;      0.0000000;      0.0000016;      0.0000000;      1.3592578;      0.0000000;      0.0000000;      0.0000000;      0.0000000;      0.0000000;      0.0000000;      0.0000000;      0.1305363;      0.0015282;      0.0000000;      0.0000000;      0.0000003;      0.0000000;      0.0003197
        2013;          10;    202.1355591;     10.9300451;      0.0000000;      0.0000000;      0.0000016;      0.0000000;      1.3592738;      0.0000000;      0.0000000;      0.0000000;      0.0000000;      0.0000000;      0.0000000;      0.0000000;      0.1248735;      0.0014586;      0.0000000;      0.0000000;      0.0000003;      0.0000000;      0.0003037
        2013;          11;    202.1121674;     10.9285040;      0.0000000;      0.0000000;      0.0000016;      0.0000000;      1.3590877;     29.9332390;      1.5736758;      0.0000000;      0.0000000;      0.0000000;      0.0000000;      0.2011384;      0.1244467;      0.0014668;      0.0000000;      0.0000000;      0.0000003;      0.0000000;      0.0002889
        2013;          12;    202.1056976;     10.9278803;      0.0000000;      0.0000000;      0.0000016;      0.0000000;      1.3590151;     12.9453821;      0.6805579;      0.0000000;      0.0000000;      0.0000000;      0.0000000;      0.0869855;      0.1229514;      0.0014583;      0.0000000;      0.0000000;      0.0000004;      0.0000000;      0.0002746
        2014;           1;    202.0908966;     10.9268093;      0.0000000;      0.0000000;      0.0000016;      0.0000000;      1.3588860;     21.2325802;      1.1161994;      0.0000000;      0.0000000;      0.0000000;      0.0000000;      0.1426676;      0.1221463;      0.0014593;      0.0000000;      0.0000000;      0.0000004;      0.0000000;      0.0002612
        2014;           2;    202.0738220;     10.9256172;      0.0000000;      0.0000000;      0.0000017;      0.0000000;      1.3587412;     23.4816360;      1.2344012;      0.0000000;      0.0000000;      0.0000000;      0.0000000;      0.1577762;      0.1218248;      0.0014670;      0.0000000;      0.0000000;      0.0000004;      0.0000000;      0.0002484
        2014;           3;    202.0373688;     10.9233761;      0.0000000;      0.0000000;      0.0000017;      0.0000000;      1.3584652;     42.8780289;      2.2539890;      0.0000000;      0.0000000;      0.0000000;      0.0000000;      0.2880968;      0.1220725;      0.0014764;      0.0000000;      0.0000000;      0.0000004;      0.0000000;      0.0002363
        2014;           4;    201.9896698;     10.9205189;      0.0000000;      0.0000000;      0.0000017;      0.0000000;      1.3581129;     54.1525841;      2.8465910;      0.0000000;      0.0000000;      0.0000000;      0.0000000;      0.3638421;      0.1225045;      0.0013468;      0.0000000;      0.0000000;      0.0000004;      0.0000000;      0.0002248
        2014;           5;    201.8923035;     10.9149504;      0.0000000;      0.0000000;      0.0000017;      0.0000000;      1.3574241;    104.1232071;      5.4732099;      0.0000000;      0.0000000;      0.0000000;      0.0000000;      0.6995701;      0.1284842;      0.0011532;      0.0000000;      0.0000000;      0.0000004;      0.0000000;      0.0002142
        2014;           6;    201.7929993;     10.9092569;      0.0000000;      0.0000000;      0.0000017;      0.0000000;      1.3567197;    106.3635941;      5.5908146;      0.0000000;      0.0000000;      0.0000000;      0.0000000;      0.7146045;      0.1341599;      0.0010801;      0.0000000;      0.0000000;      0.0000004;      0.0000000;      0.0002041
        2014;           7;    201.7997894;     10.9093018;      0.0000000;      0.0000000;      0.0000018;      0.0000000;      1.3567300;      0.0000005;      0.0000000;      0.0000000;      0.0000000;      0.0000000;      0.0000000;      0.0000000;      0.1291313;      0.0008543;      0.0000000;      0.0000000;      0.0000004;      0.0000000;      0.0001939
        2014;           8;    201.8063202;     10.9093370;      0.0000000;      0.0000000;      0.0000018;      0.0000000;      1.3567396;      0.0000000;      0.0000000;      0.0000000;      0.0000000;      0.0000000;      0.0000000;      0.0000000;      0.1241862;      0.0006619;      0.0000000;      0.0000000;      0.0000004;      0.0000000;      0.0001842
        2014;           9;    201.8126068;     10.9093628;      0.0000000;      0.0000000;      0.0000018;      0.0000000;      1.3567488;      0.0000000;      0.0000000;      0.0000000;      0.0000000;      0.0000000;      0.0000000;      0.0000000;      0.1193372;      0.0004891;      0.0000000;      0.0000000;      0.0000004;      0.0000000;      0.0001750
        2014;          10;    201.8186646;     10.9093885;      0.0000000;      0.0000000;      0.0000018;      0.0000000;      1.3567575;      0.0049655;      0.0002610;      0.0000000;      0.0000000;      0.0000000;      0.0000000;      0.0000334;      0.1149746;      0.0004826;      0.0000000;      0.0000000;      0.0000004;      0.0000000;      0.0001663
        2014;          11;    201.7914581;     10.9076118;      0.0000000;      0.0000000;      0.0000018;      0.0000000;      1.3565412;     33.4295235;      1.7569020;      0.0000000;      0.0000000;      0.0000000;      0.0000000;      0.2245681;      0.1181441;      0.0005861;      0.0000000;      0.0000000;      0.0000004;      0.0000000;      0.0001584
        2014;          12;    201.7680054;     10.9060383;      0.0000000;      0.0000000;      0.0000019;      0.0000000;      1.3563491;     29.7552357;      1.5637531;      0.0000000;      0.0000000;      0.0000000;      0.0000000;      0.1998805;      0.1197452;      0.0006632;      0.0000000;      0.0000000;      0.0000004;      0.0000000;      0.0001509
        2015;           1;    201.7459259;     10.9045448;      0.0000000;      0.0000000;      0.0000019;      0.0000000;      1.3561665;     28.2915096;      1.4867859;      0.0000000;      0.0000000;      0.0000000;      0.0000000;      0.1900431;      0.1179391;      0.0006866;      0.0000000;      0.0000000;      0.0000004;      0.0000000;      0.0001436
        2015;           2;    201.7093811;     10.9022722;      0.0000000;      0.0000000;      0.0000019;      0.0000000;      1.3558861;     42.7777290;      2.2480073;      0.0000000;      0.0000000;      0.0000000;      0.0000000;      0.2873445;      0.1182694;      0.0007395;      0.0000000;      0.0000000;      0.0000004;      0.0000000;      0.0001367
        2015;           3;    201.6635742;     10.8994999;      0.0000000;      0.0000000;      0.0000019;      0.0000000;      1.3555430;     52.0454407;      2.7349570;      0.0000000;      0.0000000;      0.0000000;      0.0000000;      0.3495881;      0.1187185;      0.0007855;      0.0000000;      0.0000000;      0.0000004;      0.0000000;      0.0001302
        2015;           4;    201.6240234;     10.8970604;      0.0000000;      0.0000000;      0.0000020;      0.0000000;      1.3552418;     45.7956314;      2.4064662;      0.0000000;      0.0000000;      0.0000000;      0.0000000;      0.3076003;      0.1186442;      0.0006792;      0.0000000;      0.0000000;      0.0000004;      0.0000000;      0.0001240
        2015;           5;    201.5376740;     10.8920689;      0.0000000;      0.0000000;      0.0000020;      0.0000000;      1.3546239;     92.8391724;      4.8783679;      0.0000000;      0.0000000;      0.0000000;      0.0000000;      0.6235662;      0.1232196;      0.0004928;      0.0000000;      0.0000000;      0.0000004;      0.0000000;      0.0001183
        2015;           6;    201.5427704;     10.8920221;      0.0000000;      0.0000000;      0.0000020;      0.0000000;      1.3546222;      1.1406071;      0.0599330;      0.0000000;      0.0000000;      0.0000000;      0.0000000;      0.0076608;      0.1186733;      0.0002939;      0.0000000;      0.0000000;      0.0000004;      0.0000000;      0.0001124
        2015;           7;    201.5487823;     10.8920279;      0.0000000;      0.0000000;      0.0000020;      0.0000000;      1.3546278;      0.0000000;      0.0000000;      0.0000000;      0.0000000;      0.0000000;      0.0000000;      0.0000000;      0.1140953;      0.0001012;      0.0000000;      0.0000000;      0.0000004;      0.0000000;      0.0001068
        2015;           8;    201.5545502;     10.8920336;      0.0000000;      0.0000000;      0.0000020;      0.0000000;      1.3546332;      0.0000000;      0.0000000;      0.0000000;      0.0000000;      0.0000000;      0.0000000;      0.0000000;      0.1096107;      0.0001144;      0.0000000;      0.0000000;      0.0000004;      0.0000000;      0.0001014
        2015;           9;    201.5600891;     10.8920403;      0.0000000;      0.0000000;      0.0000021;      0.0000000;      1.3546383;      0.0000000;      0.0000000;      0.0000000;      0.0000000;      0.0000000;      0.0000000;      0.0000000;      0.1052283;      0.0001251;      0.0000000;      0.0000000;      0.0000004;      0.0000000;      0.0000963
        2015;          10;    201.5653992;     10.8920469;      0.0000000;      0.0000000;      0.0000021;      0.0000000;      1.3546431;      0.0000000;      0.0000000;      0.0000000;      0.0000000;      0.0000000;      0.0000000;      0.0000000;      0.1009551;      0.0001275;      0.0000000;      0.0000000;      0.0000004;      0.0000000;      0.0000915
        2015;          11;    201.5458221;     10.8907108;      0.0000000;      0.0000000;      0.0000021;      0.0000000;      1.3544803;     24.9192410;      1.3091893;      0.0000000;      0.0000000;      0.0000000;      0.0000000;      0.1673480;      0.1013398;      0.0001964;      0.0000000;      0.0000000;      0.0000004;      0.0000000;      0.0000872
        2015;          12;    201.5240173;     10.8892536;      0.0000000;      0.0000000;      0.0000021;      0.0000000;      1.3543016;     27.2431087;      1.4312413;      0.0000000;      0.0000000;      0.0000000;      0.0000000;      0.1829500;      0.1032108;      0.0002845;      0.0000000;      0.0000000;      0.0000004;      0.0000000;      0.0000832
