"";"YEAR";"Month";"C";"N";"Ca";"Mg";"K";"S";"P";"Date"
"1";"        2005";"           1";5938,9897461;155,3585968;125,0915909;23,3605175;22,3102684;18,9295635;13,6449213;2005-01-01
"2";"        2005";"           2";5944,6157227;155,3399963;124,457016;23,2541409;22,3446255;18,8435078;13,6459522;2005-02-01
"3";"        2005";"           3";5946,6674805;155,2487793;123,6251221;23,1108704;22,3431511;18,7275543;13,6415768;2005-03-01
"4";"        2005";"           4";5941,5947266;155,0597534;122,7391052;22,9531002;22,278656;18,5998039;13,6290293;2005-04-01
"5";"        2005";"           5";5943,3520508;154,9328918;121,6734772;22,7692318;22,272625;18,4509888;13,6227341;2005-05-01
"6";"        2005";"           6";5945,3364258;154,8235321;120,7103195;22,6034412;22,2720375;18,3168106;13,6175795;2005-06-01
"7";"        2005";"           7";5960,7509766;155,019455;120,7136536;22,6153393;22,409729;18,3265858;13,6345377;2005-07-01
"8";"        2005";"           8";5986,3623047;155,368042;120,8835144;22,6636543;22,6418266;18,3659344;13,6639748;2005-08-01
"9";"        2005";"           9";6020,1855469;155,7192078;120,3102951;22,5884476;22,9267387;18,3053665;13,6970587;2005-09-01
"10";"        2005";"          10";6156,7631836;157,4674835;120,374794;22,6983414;24,1280994;18,3955727;13,8484478;2005-10-01
"11";"        2005";"          11";6201,9858398;158,0022736;120,053772;22,674366;24,5082779;18,3765697;13,89643;2005-11-01
"12";"        2005";"          12";6211,3095703;158,0594788;119,57724;22,5971851;24,5669651;18,3141727;13,9037342;2005-12-01
"13";"        2006";"           1";6212,2524414;157,9922333;118,9622574;22,4896622;24,5462723;18,2271271;13,9009438;2006-01-01
"14";"        2006";"           2";6217,4990234;157,9906158;118,4288025;22,3995876;24,5672455;18,154253;13,9032593;2006-02-01
"15";"        2006";"           3";6221,5439453;157,9668427;117,8392487;22,2988071;24,5753689;18,0726967;13,9039392;2006-03-01
"16";"        2006";"           4";6214,6972656;157,7770691;117,0357895;22,1526852;24,4795437;17,9543381;13,8914013;2006-04-01
"17";"        2006";"           5";6214,9648438;157,6614227;116,0942993;21,9874992;24,440115;17,8206501;13,8858747;2006-05-01
"18";"        2006";"           6";6211,7963867;157,4934692;115,0821152;21,8075695;24,3693638;17,6750221;13,8762541;2006-06-01
"19";"        2006";"           7";6227,5913086;157,6972046;115,0982208;21,8217735;24,5075798;17,6867123;13,8935108;2006-07-01
"20";"        2006";"           8";6254,1586914;158,0588531;115,274147;21,871809;24,7465935;17,7275314;13,9233503;2006-08-01
"21";"        2006";"           9";6286,9360352;158,4138794;114,7508163;21,8030796;25,0032787;17,6723213;13,955534;2006-09-01
"22";"        2006";"          10";6428,1386719;160,2517548;114,9683914;21,941515;26,2235756;17,7860813;14,1091595;2006-10-01
"23";"        2006";"          11";6472,3540039;160,7834167;114,6482315;21,9161282;26,5711136;17,7662983;14,1552877;2006-11-01
"24";"        2006";"          12";6480,6430664;160,8396912;114,2076035;21,8438835;26,6094913;17,7075367;14,1621208;2006-12-01
"25";"        2007";"           1";6483,6611328;160,830658;113,7754669;21,7694149;26,6045113;17,6470146;14,1633902;2007-01-01
"26";"        2007";"           2";6486,7441406;160,812973;113,2480621;21,6781502;26,5939407;17,5728512;14,164403;2007-02-01
"27";"        2007";"           3";6486,6806641;160,7423553;112,6017303;21,56357;26,5487499;17,4797783;14,1615238;2007-03-01
"28";"        2007";"           4";6479,3950195;160,5734406;111,9123383;21,4361801;26,4396095;17,3763676;14,1505346;2007-04-01
"29";"        2007";"           5";6487,1733398;160,5947876;111,3818893;21,346571;26,4553223;17,303896;14,1549463;2007-05-01
"30";"        2007";"           6";6496,1269531;160,6313324;110,9410858;21,2731113;26,4809628;17,244751;14,1601887;2007-06-01
"31";"        2007";"           7";6506,3774414;160,7191162;110,7440796;21,2442818;26,5398464;17,2216473;14,1685324;2007-07-01
"32";"        2007";"           8";6523,5092773;160,8849335;110,5413589;21,218811;26,6500854;17,2013931;14,1833992;2007-08-01
"33";"        2007";"           9";6556,5874023;161,1959229;110,078743;21,1566277;26,8536987;17,1517639;14,2115574;2007-09-01
"34";"        2007";"          10";6700,0678711;162,8731384;110,2626114;21,2805462;27,9492531;17,2545719;14,3507814;2007-10-01
"35";"        2007";"          11";6745,6420898;163,3631897;110,00457;21,2628651;28,2548923;17,2402382;14,3929052;2007-11-01
"36";"        2007";"          12";6753,1269531;163,3936768;109,5881348;21,1921406;28,2599163;17,1828671;14,3973207;2007-12-01
"37";"        2008";"           1";6756,0043945;163,3763733;109,2065659;21,1248283;28,2354736;17,1282635;14,3976002;2008-01-01
"38";"        2008";"           2";6759,1533203;163,3527527;108,7480392;21,0437851;28,2042503;17,0625191;14,3977175;2008-02-01
"39";"        2008";"           3";6761,5820312;163,3178711;108,2643204;20,9577503;28,1650257;16,9927197;14,397028;2008-03-01
"40";"        2008";"           4";6755,1298828;163,166626;107,6896973;20,849514;28,0485458;16,9049053;14,3870573;2008-04-01
"41";"        2008";"           5";6769,425293;163,2795258;107,4263382;20,8098907;28,1115456;16,8731766;14,3976984;2008-05-01
"42";"        2008";"           6";6763,0571289;163,0635376;106,5553207;20,6464291;27,9430943;16,7411728;14,3837252;2008-06-01
"43";"        2008";"           7";6781,2475586;163,2665863;106,6272812;20,6701469;28,076292;16,7608471;14,4002762;2008-07-01
"44";"        2008";"           8";6768,0800781;162,9377289;105,5164337;20,4588604;27,8285809;16,5900059;14,3779573;2008-08-01
"45";"        2008";"           9";6822,4052734;163,5454559;105,7492752;20,533041;28,2295227;16,6514549;14,4272308;2008-09-01
"46";"        2008";"          10";6966,7880859;165,0764771;105,8878479;20,6409874;29,2134266;16,7427292;14,553462;2008-10-01
"47";"        2008";"          11";7009,4111328;165,4693909;105,5590897;20,6046982;29,4405231;16,7137737;14,5875664;2008-11-01
"48";"        2008";"          12";7018,1069336;165,5069885;105,2253265;20,547924;29,4427872;16,6678944;14,5922003;2008-12-01
"49";"        2009";"           1";7018,7451172;165,4494476;104,8243484;20,4740887;29,3805847;16,6080971;14,5892706;2009-01-01
"50";"        2009";"           2";7021,690918;165,4155426;104,4145508;20,4000111;29,332922;16,5481319;14,5883427;2009-02-01
"51";"        2009";"           3";7023,4379883;165,3634033;103,9686584;20,3185902;29,2716122;16,4821987;14,5860853;2009-03-01
"52";"        2009";"           4";7014,0449219;165,1698914;103,3815002;20,2045994;29,1128273;16,3897514;14,5727825;2009-04-01
"53";"        2009";"           5";7010,5878906;164,9984741;102,6557617;20,0673904;28,9597683;16,278986;14,5619783;2009-05-01
"54";"        2009";"           6";7020,9042969;165,0337219;102,3476562;20,0151405;28,9646149;16,2373981;14,5664482;2009-06-01
"55";"        2009";"           7";7029,9228516;165,0796814;102,1557922;19,9839611;28,9834251;16,2126694;14,5712423;2009-07-01
"56";"        2009";"           8";7052,4228516;165,2869415;102,1350937;19,9918499;29,1161518;16,2199383;14,5886469;2009-08-01
"57";"        2009";"           9";7086,3598633;165,5320587;101,7791977;19,9428101;29,2533035;16,1818218;14,6109467;2009-09-01
"58";"        2009";"          10";7233,2373047;166,9391174;101,933342;20,0476265;30,1650715;16,2720776;14,7278395;2009-10-01
"59";"        2009";"          11";7277,8393555;167,3097687;101,6819611;20,0233898;30,3792477;16,2534771;14,7602148;2009-11-01
"60";"        2009";"          12";7286,9731445;167,3396759;101,3930817;19,9735699;30,3735905;16,2134209;14,7642403;2009-12-01
"61";"        2010";"           1";7281,8266602;167,1924896;100,8886948;19,8756447;30,2373009;16,1341057;14,7546072;2010-01-01
"62";"        2010";"           2";7280,0244141;167,0812836;100,4047089;19,7833958;30,1263695;16,0594749;14,74788;2010-02-01
"63";"        2010";"           3";7278,3979492;166,9724731;99,9249191;19,692091;30,0180359;15,9856071;14,7413425;2010-03-01
"64";"        2010";"           4";7267,7871094;166,7637634;99,3751678;19,5829411;29,841568;15,8970871;14,7268286;2010-04-01
"65";"        2010";"           5";7266,7983398;166,6228943;98,7905807;19,471302;29,7057076;15,8072109;14,7181931;2010-05-01
"66";"        2010";"           6";7257,1586914;166,3609161;98,0361404;19,3231049;29,4827518;15,6877403;14,7004757;2010-06-01
"67";"        2010";"           7";7273,6748047;166,5047302;98,0471649;19,3330669;29,5766926;15,6966257;14,7125168;2010-07-01
"68";"        2010";"           8";7283,1430664;166,5056458;97,716301;19,2745724;29,5545559;15,6501427;14,7145357;2010-08-01
"69";"        2010";"           9";7301,7822266;166,5020142;97,0462646;19,1557941;29,506094;15,555707;14,7182398;2010-09-01
"70";"        2010";"          10";7448,5942383;167,7791443;97,1827087;19,2511444;30,3444653;15,639924;14,8255272;2010-10-01
"71";"        2010";"          11";7493,9946289;168,119751;96,9821472;19,2342281;30,5448742;15,6279087;14,855629;2010-11-01
"72";"        2010";"          12";7497,7163086;168,0626373;96,6057892;19,1637306;30,47299;15,5711203;14,8531208;2010-12-01
"73";"        2011";"           1";7495,4072266;167,9536591;96,2266541;19,0899048;30,3680363;15,511425;14,8462334;2011-01-01
"74";"        2011";"           2";7497,8349609;167,8964081;95,8946838;19,027422;30,3011036;15,4610653;14,8434448;2011-02-01
"75";"        2011";"           3";7496,4672852;167,7863007;95,4768295;18,9466972;30,1927967;15,3958349;14,8367186;2011-03-01
"76";"        2011";"           4";7487,3422852;167,6006012;95,0233154;18,8554764;30,033638;15,3218527;14,8238115;2011-04-01
"77";"        2011";"           5";7487,0058594;167,4631042;94,5189896;18,7578144;29,9008904;15,2434158;14,8153172;2011-05-01
"78";"        2011";"           6";7488,1064453;167,3495483;94,0776291;18,672884;29,7910328;15,1754799;14,8085651;2011-06-01
"79";"        2011";"           7";7491,7036133;167,302948;93,810463;18,6227818;29,7397213;15,1355619;14,8063564;2011-07-01
"80";"        2011";"           8";7521,4599609;167,571167;93,947937;18,6623898;29,9268227;15,169219;14,8283396;2011-08-01
"81";"        2011";"           9";7557,2407227;167,7783051;93,7034454;18,6305637;30,0430202;15,1459637;14,8476849;2011-09-01
"82";"        2011";"          10";7705,7631836;168,9615173;93,8497009;18,7230568;30,82798;15,2293987;14,9478893;2011-10-01
"83";"        2011";"          11";7752,1665039;169,2765961;93,685997;18,7110519;31,0143738;15,221983;14,9760752;2011-11-01
"84";"        2011";"          12";7759,4799805;169,2553253;93,4151611;18,6612968;30,9712162;15,181921;14,9762259;2011-12-01
"85";"        2012";"           1";7757,2490234;169,1413574;93,0711212;18,5931377;30,8605862;15,126647;14,9689236;2012-01-01
"86";"        2012";"           2";7756,8808594;169,03685;92,711235;18,5227394;30,754961;15,0696192;14,9625645;2012-02-01
"87";"        2012";"           3";7756,6464844;168,9333649;92,3525467;18,4526634;30,6507206;15,0128593;14,9562864;2012-03-01
"88";"        2012";"           4";7740,8979492;168,6591644;91,8090515;18,3398495;30,4181671;14,9209948;14,9366646;2012-04-01
"89";"        2012";"           5";7735,1401367;168,4427185;91,2444458;18,2265701;30,2210541;14,8296337;14,9221792;2012-05-01
"90";"        2012";"           6";7722,8041992;168,1485596;90,5858459;18,0923214;29,9671192;14,7210732;14,901721;2012-06-01
"91";"        2012";"           7";7732,1831055;168,1733551;90,455368;18,0705566;29,9713573;14,7041616;14,9048252;2012-07-01
"92";"        2012";"           8";7760,6308594;168,4042816;90,5526199;18,1012745;30,1317749;14,730546;14,9240389;2012-08-01
"93";"        2012";"           9";7821,7104492;168,9152985;90,8132629;18,1774483;30,4924107;14,7953939;14,9662399;2012-09-01
"94";"        2012";"          10";7971,0644531;170,0057068;90,9476242;18,2640877;31,2139225;14,8737173;15,0595627;2012-10-01
"95";"        2012";"          11";8013,8178711;170,2395935;90,7249603;18,2371159;31,3368015;14,8543882;15,0816793;2012-11-01
"96";"        2012";"          12";8017,7128906;170,1652985;90,4120102;18,1767139;31,2502327;14,8054485;15,0778027;2012-12-01
"97";"        2013";"           1";8017,5395508;170,0745697;90,1349487;18,1217804;31,157917;14,7608366;15,0721855;2013-01-01
"98";"        2013";"           2";8016,1923828;169,9526367;89,7867203;18,0523148;31,0373173;14,7043829;15,0644455;2013-02-01
"99";"        2013";"           3";8011,4736328;169,786911;89,3760681;17,9691601;30,8818302;14,6367216;15,0534115;2013-03-01
"100";"        2013";"           4";7993,8583984;169,4933624;88,8460999;17,8572159;30,6312675;14,5453024;15,0322008;2013-04-01
"101";"        2013";"           5";7984,4296875;169,2297974;88,2650528;17,7380104;30,3950462;14,4488125;15,0140514;2013-05-01
"102";"        2013";"           6";7964,2182617;168,8392334;87,5268784;17,5836296;30,0630112;14,3234158;14,9861507;2013-06-01
"103";"        2013";"           7";7985,3056641;169,0058441;87,6131897;17,608984;30,1808243;14,3450394;14,9999895;2013-07-01
"104";"        2013";"           8";7995,1264648;168,9832458;87,374115;17,5653591;30,1424427;14,310483;15,0000343;2013-08-01
"105";"        2013";"           9";8007,8164062;168,8491211;86,7751617;17,4514008;29,9960022;14,2194452;14,9934521;2013-09-01
"106";"        2013";"          10";8160,5522461;169,8880463;86,9584885;17,5471535;30,7015362;14,3050766;15,0830946;2013-10-01
"107";"        2013";"          11";8206,2949219;170,1295776;86,8110886;17,535408;30,8431416;14,2980623;15,1058102;2013-11-01
"108";"        2013";"          12";8214,7841797;170,1062622;86,6074829;17,4981022;30,8048668;14,2679167;15,1056957;2013-12-01
"109";"        2014";"           1";8211,3779297;169,9730377;86,3055649;17,4364719;30,6829357;14,2176523;15,0967512;2014-01-01
"110";"        2014";"           2";8210,7714844;169,8574829;86,0059586;17,3764477;30,5736904;14,1687737;15,0893641;2014-02-01
"111";"        2014";"           3";8203,9726562;169,664856;85,6035538;17,2935123;30,4030533;14,1010771;15,0761223;2014-03-01
"112";"        2014";"           4";8186,199707;169,3747101;85,1243057;17,1910095;30,1612968;14,0171595;15,0549583;2014-04-01
"113";"        2014";"           5";8173,0600586;169,0681305;84,5438309;17,0697975;29,8993034;13,9187155;15,0333071;2014-05-01
"114";"        2014";"           6";8154,7612305;168,7075195;83,9101562;16,9361877;29,5999355;13,8100185;15,00739;2014-06-01
"115";"        2014";"           7";8153,4057617;168,5881195;83,634964;16,8807278;29,4966908;13,7652426;14,999444;2014-07-01
"116";"        2014";"           8";8183,9335938;168,8125916;83,7500076;16,9153862;29,6591454;13,794858;15,0183258;2014-08-01
"117";"        2014";"           9";8198,2138672;168,6872711;83,2389526;16,8186646;29,5331268;13,7176218;15,0122633;2014-09-01
"118";"        2014";"          10";8343,1953125;169,5540314;83,3056946;16,8869171;30,1299839;13,7803717;15,0891113;2014-10-01
"119";"        2014";"          11";8388,0625;169,7595825;83,1669617;16,8759785;30,2566624;13,7738342;15,1091509;2014-11-01
"120";"        2014";"          12";8388,6328125;169,6359253;82,8657684;16,8156757;30,14464;13,7246237;15,1012878;2014-12-01
"121";"        2015";"           1";8381,8535156;169,4620056;82,5444412;16,7485161;29,9970627;13,6696463;15,0891018;2015-01-01
"122";"        2015";"           2";8374,0625;169,2589722;82,1695023;16,670269;29,8260784;13,6055965;15,0748806;2015-02-01
"123";"        2015";"           3";8363,9208984;169,0269775;81,7599411;16,5842419;29,6338863;13,5351477;15,0584297;2015-03-01
"124";"        2015";"           4";8347,5917969;168,7591705;81,3502426;16,4958763;29,4186554;13,4626455;15,0387383;2015-04-01
"125";"        2015";"           5";8354,1367188;168,6879425;81,1136093;16,4505806;29,351963;13,4264145;15,0349073;2015-05-01
"126";"        2015";"           6";8374,4990234;168,7897186;81,0979767;16,4549599;29,4212704;13,4310322;15,0442905;2015-06-01
"127";"        2015";"           7";8394,9433594;168,9279022;81,1636505;16,47579;29,522522;13,4489317;15,0560703;2015-07-01
"128";"        2015";"           8";8400,7890625;168,8451233;80,9125137;16,42729;29,4477749;13,4100513;15,0513706;2015-08-01
"129";"        2015";"           9";8429,8193359;168,8811951;80,6563568;16,386343;29,4574814;13,3784533;15,0575314;2015-09-01
"130";"        2015";"          10";8576,3867188;169,6936035;80,7515182;16,4595051;30,0382366;13,4449825;15,1302938;2015-10-01
"131";"        2015";"          11";8623,3876953;169,8997345;80,657608;16,457695;30,1761265;13,4458027;15,1503706;2015-11-01
"132";"        2015";"          12";8624,3320312;169,7777252;80,3857269;16,4028454;30,0689659;13,4009218;15,1425247;2015-12-01
"133";"        2016";"           1";8617,3242188;169,6022644;80,0865631;16,3395042;29,9222431;13,3489265;15,1300888;2016-01-01
"134";"        2016";"           2";8609,5869141;169,4008636;79,741806;16,2666988;29,7550926;13,2891722;15,1158524;2016-02-01
"135";"        2016";"           3";8601,5664062;169,1950836;79,393013;16,1930408;29,5860348;13,2287188;15,1012688;2016-03-01
"136";"        2016";"           4";8576,7773438;168,8349762;78,8996048;16,0839005;29,2992001;13,1388807;15,0742846;2016-04-01
"137";"        2016";"           5";8587,8164062;168,8113861;78,7438202;16,0561447;29,2738304;13,1169786;15,0740471;2016-05-01
"138";"        2016";"           6";8590,4091797;168,6996613;78,4921494;16,0058651;29,1799583;13,076436;15,0668898;2016-06-01
"139";"        2016";"           7";8572,2675781;168,385849;78,0387268;15,9071684;28,9324245;12,9956827;15,0436735;2016-07-01
"140";"        2016";"           8";8603,1220703;168,5865784;78,1462784;15,9402752;29,0856476;13,0240116;15,0608387;2016-08-01
"141";"        2016";"           9";8624,2294922;168,5184631;77,8136292;15,8802843;29,025713;12,9764853;15,058814;2016-09-01
"142";"        2016";"          10";8777,3310547;169,3406677;78,0097275;15,9755278;29,6477528;13,0609941;15,1324015;2016-10-01
"143";"        2016";"          11";8816,5673828;169,4385834;77,8309174;15,9529915;29,7122307;13,044529;15,1440639;2016-11-01
"144";"        2016";"          12";8822,5908203;169,3716431;77,6492157;15,9180565;29,6556416;13,0159636;15,1403637;2016-12-01
"145";"        2017";"           1";8815,4423828;169,195816;77,3732605;15,8590107;29,513485;12,9673729;15,1277628;2017-01-01
"146";"        2017";"           2";8810,8613281;169,0309448;77,0975113;15,8010035;29,3808708;12,9196873;15,1162004;2017-02-01
"147";"        2017";"           3";8798,8730469;168,7821655;76,7271729;15,7210169;29,1832752;12,8538322;15,0981102;2017-03-01
"148";"        2017";"           4";8777,9521484;168,4724884;76,3207169;15,6304693;28,9405594;12,7791529;15,0748158;2017-04-01
"149";"        2017";"           5";8761,6757812;168,1394501;75,8398666;15,5261679;28,6804104;12,6938715;15,0503874;2017-05-01
"150";"        2017";"           6";8747,4814453;167,8384399;75,4052277;15,4322281;28,448576;12,6170979;15,0283175;2017-06-01
"151";"        2017";"           7";8764,9433594;167,9268036;75,429039;15,4433403;28,5177937;12,6269522;15,0362711;2017-07-01
"152";"        2017";"           8";8796,7333984;168,1266785;75,543869;15,4782238;28,6744957;12,6567488;15,0534077;2017-08-01
"153";"        2017";"           9";8825,265625;168,1313019;75,3330765;15,4451962;28,6818008;12,6313257;15,0568705;2017-09-01
"154";"        2017";"          10";8980,8193359;168,9233856;75,5655441;15,5480146;29,3076477;12,7219315;15,1281414;2017-10-01
"155";"        2017";"          11";9026,7255859;169,0780182;75,4875488;15,5480843;29,4292393;12,7240229;15,1441126;2017-11-01
"156";"        2017";"          12";9029,4648438;168,9723511;75,281517;15,5065718;29,3462772;12,6898966;15,137289;2017-12-01
"157";"        2018";"           1";9019,8740234;168,7715759;74,9972534;15,4445124;29,187891;12,6386776;15,1225929;2018-01-01
"158";"        2018";"           2";9016,4082031;168,6194153;74,7562027;15,3936234;29,0696259;12,5967464;15,1118803;2018-02-01
"159";"        2018";"           3";9010,6748047;168,4413452;74,4872971;15,3362226;28,9319744;12,5494261;15,099144;2018-03-01
"160";"        2018";"           4";8989,3613281;168,1334686;74,1045227;15,2498446;28,6931038;12,4780283;15,0757933;2018-04-01
"161";"        2018";"           5";8973,4404297;167,8086243;73,6621475;15,1528521;28,4436531;12,3985806;15,0517721;2018-05-01
"162";"        2018";"           6";8952,5742188;167,4390411;73,1821671;15,0465851;28,1635761;12,3113976;15,0241365;2018-06-01
"163";"        2018";"           7";8970,1201172;167,5218506;73,2077103;15,0579948;28,2318802;12,3214712;15,0316725;2018-07-01
"164";"        2018";"           8";9002,1640625;167,71315;73,321434;15,0926895;28,3867302;12,3511047;15,0482035;2018-08-01
"165";"        2018";"           9";9029,125;167,68927;73,1133423;15,0590944;28,3821907;12,325037;15,0493402;2018-09-01
"166";"        2018";"          10";9187,4580078;168,4543762;73,3833084;15,1698885;29,0174389;12,4220533;15,1186628;2018-10-01
"167";"        2018";"          11";9230,6992188;168,5631714;73,2880249;15,1649227;29,1147041;12,4198313;15,1310148;2018-11-01
"168";"        2018";"          12";9232,4951172;168,4455719;73,0876236;15,1238813;29,0273495;12,3859873;15,1231546;2018-12-01
"169";"        2019";"           1";9228,1494141;168,302536;72,8828201;15,0797758;28,9185886;12,3495417;15,1128731;2019-01-01
"170";"        2019";"           2";9222,2041016;168,1244812;72,631958;15,0255804;28,7838707;12,3047514;15,100008;2019-02-01
"171";"        2019";"           3";9210,8378906;167,8879547;72,320343;14,9569178;28,6044979;12,247962;15,082531;2019-03-01
"172";"        2019";"           4";9191,0595703;167,6020966;71,9804993;14,8795147;28,3861542;12,1838608;15,06073;2019-04-01
"173";"        2019";"           5";9190,2626953;167,440506;71,7340012;14,8278208;28,2684689;12,1418085;15,0493937;2019-05-01
"174";"        2019";"           6";9192,3662109;167,3184814;71,5339584;14,7868528;28,1819477;12,1086111;15,0410957;2019-06-01
"175";"        2019";"           7";9200,03125;167,2913818;71,4522476;14,7724619;28,1681271;12,09725;15,0399599;2019-07-01
"176";"        2019";"           8";9214,9990234;167,2923737;71,376564;14,7618341;28,1802883;12,0892639;15,0415039;2019-08-01
"177";"        2019";"           9";9242,6953125;167,2675171;71,1965714;14,733799;28,1843357;12,0676508;15,0425215;2019-09-01
"178";"        2019";"          10";9400,1171875;167,9731445;71,4648895;14,843339;28,8031502;12,1634426;15,1074305;2019-10-01
"179";"        2019";"          11";9444,9462891;168,0843048;71,4012299;14,8450947;28,914072;12,1666746;15,1199703;2019-11-01
"180";"        2019";"          12";9446,1074219;167,9593811;71,208931;14,8051634;28,8250084;12,1336489;15,1114531;2019-12-01
"181";"        2020";"           1";9442,4912109;167,8249512;71,0258942;14,7655401;28,7258835;12,1008339;15,1017685;2020-01-01
"182";"        2020";"           2";9437,8085938;167,6613617;70,805336;14,7177258;28,6058712;12,0612364;15,0899496;2020-02-01
"183";"        2020";"           3";9431,9335938;167,4841766;70,571373;14,6667366;28,4762306;12,0189991;15,0770521;2020-03-01
"184";"        2020";"           4";9415,1552734;167,234726;70,2828979;14,6006136;28,2874184;11,9641428;15,0579996;2020-04-01
"185";"        2020";"           5";9425,7607422;167,1899719;70,1712875;14,580596;28,2644806;11,9482975;15,0558863;2020-05-01
"186";"        2020";"           6";9404,125;166,8251343;69,7404175;14,4827919;27,9914627;11,8677568;15,0282373;2020-06-01
"187";"        2020";"           7";9424,6210938;166,9279175;69,7986908;14,5019073;28,081461;11,8841896;15,0374517;2020-07-01
"188";"        2020";"           8";9391,6513672;166,4371948;69,2427673;14,3742476;27,7168655;11,7788582;14,999877;2020-08-01
"189";"        2020";"           9";9453,1591797;166,7494354;69,4272537;14,433732;27,9934616;11,8298664;15,0277891;2020-09-01
"190";"        2020";"          10";9608,6103516;167,3923187;69,6846085;14,5397167;28,5903664;11,922514;15,0882273;2020-10-01
"191";"        2020";"          11";9648,3955078;167,4407196;69,5823669;14,5312099;28,6617966;11,9170847;15,0958891;2020-11-01
"192";"        2020";"          12";9652,0751953;167,3409271;69,4296494;14,5001793;28,5972023;11,8913813;15,0893354;2020-12-01
"193";"        2021";"           1";9645,7001953;167,1802063;69,2314911;14,4561491;28,4800148;11,8548231;15,0775023;2021-01-01
"194";"        2021";"           2";9641,5498047;167,0236206;69,0314789;14,4125261;28,369091;11,8186245;15,0661726;2021-02-01
"195";"        2021";"           3";9635,515625;166,8468475;68,8118362;14,3641663;28,2432709;11,7784843;15,0532389;2021-03-01
"196";"        2021";"           4";9615,4609375;166,5695496;68,5084686;14,2934408;28,0347004;11,7197008;15,031848;2021-04-01
"197";"        2021";"           5";9599,2548828;166,256073;68,1446381;14,2110348;27,8064346;11,6518669;15,0082273;2021-05-01
"198";"        2021";"           6";9604,7109375;166,1670532;68,0060425;14,1835098;27,7540188;11,6296587;15,0024662;2021-06-01
"199";"        2021";"           7";9610,8183594;166,1211395;67,9233932;14,1680555;27,7315807;11,6173058;14,9998112;2021-07-01
"200";"        2021";"           8";9633,9462891;166,1968384;67,9438095;14,1800375;27,8106766;11,6280069;15,0073633;2021-08-01
"201";"        2021";"           9";9663,2451172;166,1755829;67,8143005;14,1622877;27,834568;11,6146774;15,0087042;2021-09-01
"202";"        2021";"          10";9819,2832031;166,7909851;68,0923386;14,2724304;28,4366875;11,7105942;15,0672674;2021-10-01
"203";"        2021";"          11";9861,6650391;166,8571625;68,0305557;14,2730131;28,5322285;11,7126093;15,0763817;2021-11-01
"204";"        2021";"          12";9866,3359375;166,7674255;67,8986206;14,2464695;28,4789104;11,6905832;15,0705872;2021-12-01
"205";"        2022";"           1";9852,1845703;166,5335083;67,6378937;14,1862316;28,3048286;11,6404572;15,0528078;2022-01-01
"206";"        2022";"           2";9841,8144531;166,3183594;67,3915329;14,1304026;28,150032;11,594018;15,036706;2022-02-01
"207";"        2022";"           3";9831,6845703;166,1042023;67,1472321;14,0751619;27,9977169;11,5480738;15,0206823;2022-03-01
"208";"        2022";"           4";9811,0751953;165,8272705;66,8557968;14,0064754;27,7914257;11,4908991;14,9991827;2022-04-01
"209";"        2022";"           5";9799,8847656;165,5675812;66,5601654;13,9397688;27,6088734;11,4360456;14,9797211;2022-05-01
"210";"        2022";"           6";9776,7724609;165,2016754;66,1679153;13,8488073;27,3449459;11,3609352;14,951602;2022-06-01
"211";"        2022";"           7";9794,0634766;165,264267;66,1966858;13,8605719;27,4098835;11,3712368;14,9576416;2022-07-01
"212";"        2022";"           8";9798,1240234;165,1508331;66,0439606;13,8294487;27,3460541;11,3460112;14,9499817;2022-08-01
"213";"        2022";"           9";9805,7431641;164,9177551;65,7337494;13,7660532;27,2153416;11,2945871;14,9342155;2022-09-01
"214";"        2022";"          10";9960,1289062;165,4896088;66,0124435;13,875617;27,8099785;11,3900166;14,9896059;2022-10-01
"215";"        2022";"          11";10003,7421875;165,5608368;65,9773178;13,8821926;27,9217663;11,3969927;14,9991636;2022-11-01
"216";"        2022";"          12";10001,1806641;165,4024963;65,7912674;13,8416233;27,8194332;11,3632269;14,9877691;2022-12-01
"217";"        2023";"           1";9992,0341797;165,2204132;65,5936508;13,7964354;27,6922646;11,3255901;14,9740295;2023-01-01
"218";"        2023";"           2";9988,5390625;165,0742035;65,4265213;13,759676;27,5976715;11,2949953;14,9633732;2023-02-01
"219";"        2023";"           3";9979,6279297;164,8751678;65,2098923;13,7106152;27,4625912;11,2541409;14,9484463;2023-03-01
"220";"        2023";"           4";9962,1738281;164,6336823;64,9641876;13,6525764;27,2882633;11,2057772;14,929656;2023-04-01
"221";"        2023";"           5";9952,8798828;164,3963623;64,7052841;13,5941563;27,1292229;11,157753;14,9118748;2023-05-01
"222";"        2023";"           6";9946,1787109;164,1922302;64,4808731;13,5440531;26,9961662;11,116621;14,8966932;2023-06-01
"223";"        2023";"           7";9945,1230469;164,0773926;64,3493423;13,5156565;26,9270954;11,0934181;14,8883944;2023-07-01
"224";"        2023";"           8";9978,0009766;164,237793;64,4634857;13,5507069;27,0805511;11,1233463;14,9029293;2023-08-01
"225";"        2023";"           9";10010,2880859;164,2366486;64,390831;13,5456076;27,1382694;11,1204557;14,9059153;2023-09-01
"226";"        2023";"          10";10164,9189453;164,7825317;64,6847763;13,6581392;27,7372303;11,2183285;14,9595337;2023-10-01
"227";"        2023";"          11";10209,5800781;164,8562012;64,6693649;13,6689901;27,859642;11,2288246;14,9693413;2023-11-01
"228";"        2023";"          12";10212,4091797;164,7497101;64,5411911;13,6423178;27,8008556;11,2065887;14,962101;2023-12-01
"229";"        2024";"           1";10203,9404297;164,5769958;64,3591919;13,6004019;27,6815624;11,1716146;14,9490499;2024-01-01
"230";"        2024";"           2";10197,0517578;164,4012146;64,1716232;13,5578547;27,5644741;11,1361189;14,935936;2024-02-01
"231";"        2024";"           3";10190,3046875;164,2253876;63,984684;13,5155401;27,4486256;11,1008196;14,9228201;2024-03-01
"232";"        2024";"           4";10164,4970703;163,9115448;63,678299;13,4414339;27,2166576;11,0389633;14,8980408;2024-04-01
"233";"        2024";"           5";10148,5009766;163,6161957;63,376049;13,3711901;27,0136433;10,9809771;14,875432;2024-05-01
"234";"        2024";"           6";10124,0830078;163,2521362;63,0148277;13,2857866;26,7581806;10,9102869;14,847106;2024-06-01
"235";"        2024";"           7";10131,2509766;163,2150269;62,9613304;13,2766047;26,7515659;10,90308;14,8450851;2024-07-01
"236";"        2024";"           8";10161,8671875;163,348877;63,0560112;13,3067522;26,8884373;10,9289083;14,8575058;2024-08-01
"237";"        2024";"           9";10228,5234375;163,6616669;63,2868919;13,3777418;27,1998253;10,989501;14,8860989;2024-09-01
"238";"        2024";"          10";10382,5839844;164,1799011;63,5881195;13,4911776;27,7967587;11,0880051;14,9376383;2024-10-01
"239";"        2024";"          11";10422,0595703;164,201416;63,5375481;13,4923944;27,8828602;11,0903692;14,9432211;2024-11-01
"240";"        2024";"          12";10420,5458984;164,0569;63,3802376;13,457778;27,7943993;11,0614214;14,9328299;2024-12-01
"241";"        2025";"           1";10415,2880859;163,9165039;63,2339211;13,4243708;27,7014427;11,0334902;14,9223499;2025-01-01
"242";"        2025";"           2";10407,5302734;163,7360687;63,0480995;13,3816433;27,5807724;10,9977694;14,908782;2025-02-01
"243";"        2025";"           3";10395,2197266;163,5131989;62,8238106;13,3291893;27,4273491;10,9539185;14,8917465;2025-03-01
"244";"        2025";"           4";10367,7402344;163,1911469;62,5158615;13,2538605;27,1874084;10,8909531;14,8661642;2025-04-01
"245";"        2025";"           5";10347,5800781;162,8643951;62,1934509;13,1775646;26,9594822;10,8278036;14,8408422;2025-05-01
"246";"        2025";"           6";10313,6044922;162,4223633;61,7708435;13,0755091;26,6425686;10,7430849;14,8059559;2025-06-01
"247";"        2025";"           7";10336,4013672;162,5272827;61,8503532;13,0998945;26,7487507;10,7638931;14,8155651;2025-07-01
"248";"        2025";"           8";10341,8671875;162,4290314;61,7395821;13,0777035;26,7071323;10,7459488;14,8089437;2025-08-01
"249";"        2025";"           9";133925,25;218,2977753;150,7854156;23,2877216;66,4641876;17,6817932;21,2075005;2025-09-01
"250";"        2025";"          10";132980,6875;217,6341095;148,2221069;23,0204716;65,0437469;17,4458828;21,1820927;2025-10-01
"251";"        2025";"          11";132269,375;217,0994415;146,2967529;22,8132343;63,9585495;17,2638912;21,1592865;2025-11-01
"252";"        2025";"          12";131774,28125;216,7155151;144,9592438;22,6667442;63,198143;17,135685;21,1420898;2025-12-01
"253";"        2026";"           1";131172,125;216,2351227;143,336853;22,4856434;62,2663765;16,9778023;21,1195755;2026-01-01
"254";"        2026";"           2";130552,6484375;215,7390442;141,6773834;22,2995377;61,314743;16,8160686;21,0960464;2026-02-01
"255";"        2026";"           3";129771,125;215,1113586;139,6000366;22,0652866;60,1257324;16,6132965;21,0658798;2026-03-01
"256";"        2026";"           4";128922,8828125;214,4269409;137,3646698;21,8115788;58,8488884;16,3946438;21,0324631;2026-04-01
"257";"        2026";"           5";127833,140625;213,5448761;134,5269165;21,4870644;57,2326469;16,1165066;20,9886322;2026-05-01
"258";"        2026";"           6";126676,96875;212,6034088;131,5551758;21,144146;55,5451279;15,8243723;20,940855;2026-06-01
"259";"        2026";"           7";126129,2109375;212,1521454;130,1554718;20,9814701;54,7513618;15,6862783;20,9175491;2026-07-01
"260";"        2026";"           8";126118,875;212,1438904;130,1291809;20,9784832;54,7367668;15,6837416;20,917141;2026-08-01
"261";"        2026";"           9";124960,96875;211,1921692;127,2143707;20,6374416;53,0895424;15,3958778;20,8673096;2026-09-01
"262";"        2026";"          10";123946,203125;210,3531799;124,6936264;20,3401031;51,6703682;15,1463251;20,8225632;2026-10-01
"263";"        2026";"          11";123318,5859375;209,8289948;123,1470947;20,1562347;50,800724;14,9926119;20,7941303;2026-11-01
"264";"        2026";"          12";122726,3984375;209,332077;121,6996307;19,9831352;49,9877968;14,8483791;20,7668552;2026-12-01
"265";"        2027";"           1";122151,5078125;208,8482056;120,3059692;19,8156452;49,2065773;14,7092762;20,7400284;2027-01-01
"266";"        2027";"           2";121478,484375;208,281311;118,6906967;19,6205025;48,3031769;14,5477943;20,7082806;2027-02-01
"267";"        2027";"           3";120754,890625;207,6700134;116,9729385;19,4116955;47,344593;14,3756981;20,6736336;2027-03-01
"268";"        2027";"           4";120078,2890625;207,0957184;115,3833923;19,2172184;46,4593124;14,2160368;20,6406746;2027-04-01
"269";"        2027";"           5";119576,8671875;206,6688995;114,2150726;19,0736065;45,8102303;14,0984974;20,6159515;2027-05-01
"270";"        2027";"           6";119401,3046875;206,519516;113,807579;19,0234489;45,5844841;14,0575075;20,6072731;2027-06-01
"271";"        2027";"           7";119379,1796875;206,5016022;113,7566299;19,0172729;45,5567627;14,0524645;20,6062584;2027-07-01
"272";"        2027";"           8";118855,71875;206,0545959;112,5512924;18,8681507;44,8887138;13,9309158;20,580061;2027-08-01
"273";"        2027";"           9";118152,5546875;205,4550629;110,9515305;18,6692772;44,0047302;13,769433;20,5446205;2027-09-01
"274";"        2027";"          10";117270,046875;204,7078247;108,976181;18,4226131;42,9195938;13,5701199;20,5000725;2027-10-01
"275";"        2027";"          11";116753,484375;204,26474;107,8298569;18,2782478;42,29002;13,4538746;20,4732609;2027-11-01
"276";"        2027";"          12";116240,9375;203,8216705;106,7019653;18,1352577;41,6704483;13,3390684;20,4461575;2027-12-01
"277";"        2028";"           1";115733,1875;203,3818054;105,594986;17,994257;41,0635605;13,2261953;20,4190369;2028-01-01
"278";"        2028";"           2";115143,5078125;202,8708801;104,3236084;17,8315144;40,3681488;13,0963449;20,3872738;2028-02-01
"279";"        2028";"           3";114547,125;202,3528748;103,0521851;17,6678524;39,674263;12,9662104;20,3547821;2028-03-01
"280";"        2028";"           4";113793,40625;201,69664;101,4678955;17,4625359;38,8114052;12,8036146;20,3131771;2028-04-01
"281";"        2028";"           5";113431,65625;201,3813629;100,7140656;17,3644676;38,4025993;12,7261763;20,2930508;2028-05-01
"282";"        2028";"           6";112948,3203125;200,9590759;99,7159729;17,2340088;37,8617783;12,6234274;20,2659035;2028-06-01
"283";"        2028";"           7";112225,109375;200,3259583;98,2431107;17,040266;37,0648727;12,4713984;20,224823;2028-07-01
"284";"        2028";"           8";112213,171875;200,3183899;98,2199936;17,0374851;37,0538368;12,4692392;20,2243977;2028-08-01
"285";"        2028";"           9";111445,203125;199,6487122;96,6824188;16,8341217;36,2264061;12,3103895;20,1805573;2028-09-01
"286";"        2028";"          10";110757,3671875;199,0596924;95,3302307;16,6551552;35,5071678;12,1712675;20,1418629;2028-10-01
"287";"        2028";"          11";110158,46875;198,5358124;94,164566;16,4990482;34,8844185;12,050293;20,1069241;2028-11-01
"288";"        2028";"          12";109788,8046875;198,2089539;93,4503326;16,4027424;34,5027237;11,9758396;20,0849247;2028-12-01
"289";"        2029";"           1";109334,5859375;197,8065643;92,5811005;16,2850113;34,0387039;11,8850422;20,0576782;2029-01-01
"290";"        2029";"           2";108862,0546875;197,3879547;91,6863632;16,1633205;33,5623055;11,7914467;20,0291672;2029-02-01
"291";"        2029";"           3";108262,8203125;196,8564606;90,5663528;16,0101547;32,9670792;11,6740131;19,9927063;2029-03-01
"292";"        2029";"           4";107654,6953125;196,3149261;89,4447403;15,8557644;32,3721161;11,5560379;19,9552345;2029-04-01
"293";"        2029";"           5";106878,28125;195,6253815;88,0381317;15,6610165;31,6291695;11,4078445;19,9071388;2029-05-01
"294";"        2029";"           6";106170,484375;194,9947205;86,7769241;15,4851017;30,9653835;11,274539;19,8627243;2029-06-01
"295";"        2029";"           7";106099,7890625;194,9335938;86,6523666;15,4678507;30,9011574;11,2615137;19,8584328;2029-07-01
"296";"        2029";"           8";106100,1328125;194,938324;86,6547394;15,4685478;30,9044952;11,2620859;19,858839;2029-08-01
"297";"        2029";"           9";105523,796875;194,4281921;85,6457825;15,3272266;30,3778419;11,1554718;19,8226643;2029-09-01
"298";"        2029";"          10";104920,859375;193,911438;84,6122742;15,1830502;29,8482304;11,0472517;19,7860146;2029-10-01
"299";"        2029";"          11";104476;193,5188293;83,8542557;15,0759182;29,4562664;10,9669628;19,7578278;2029-11-01
"300";"        2029";"          12";104088,890625;193,1712036;83,1987991;14,98246;29,1156101;10,897027;19,732666;2029-12-01
"301";"        2030";"           1";103639,453125;192,766449;82,4455261;14,8745356;28,7244511;10,8164444;19,703207;2030-01-01
"302";"        2030";"           2";103226,8671875;192,3952179;81,7614517;14,7761745;28,3704987;10,7431898;19,6760635;2030-02-01
"303";"        2030";"           3";102776,8515625;191,9897003;81,0233459;14,6695747;27,9893169;10,6639824;19,6462612;2030-03-01
"304";"        2030";"           4";102218,203125;191,4839478;80,1184082;14,5380621;27,5220814;10,5665169;19,6088543;2030-04-01
"305";"        2030";"           5";101515,8125;190,8504791;79,0008011;14,3748426;26,9479446;10,4459982;19,5617065;2030-05-01
"306";"        2030";"           6";100770,375;190,1765137;77,8362503;14,203516;26,351757;10,3199806;19,5111389;2030-06-01
"307";"        2030";"           7";100704,8515625;190,1200104;77,7356491;14,1888962;26,3020153;10,3092909;19,5069046;2030-07-01
"308";"        2030";"           8";100705,3125;190,1262207;77,7387619;14,1897974;26,3063297;10,3100281;19,5074329;2030-08-01
"309";"        2030";"           9";100151,0703125;189,6300812;76,8898468;14,0645227;25,8769836;10,2183256;19,4699764;2030-09-01
"310";"        2030";"          10";99620,5;189,1782532;76,0980988;13,9488382;25,4890652;10,1342154;19,4359016;2030-10-01
"311";"        2030";"          11";99169,359375;188,7762909;75,4259109;13,8488588;25,1528683;10,0614786;19,405241;2030-11-01
"312";"        2030";"          12";98800,1484375;188,4403076;74,8785324;13,7666388;24,8769035;10,0017033;19,3794441;2030-12-01
"313";"        2031";"           1";98461,734375;188,1343842;74,382309;13,6920166;24,6284409;9,9475889;19,3558903;2031-01-01
"314";"        2031";"           2";98048,8828125;187,7614594;73,7832642;13,6016169;24,329195;9,8821602;19,3270626;2031-02-01
"315";"        2031";"           3";97558,234375;187,3166656;73,0795364;13,4948559;23,9778957;9,8050518;19,2925186;2031-03-01
"316";"        2031";"           4";97067,7109375;186,8680878;72,3835983;13,3885403;23,6300659;9,7284098;19,2574844;2031-04-01
"317";"        2031";"           5";96629,9609375;186,4732819;71,7723465;13,2951727;23,3284168;9,661355;19,2265491;2031-05-01
"318";"        2031";"           6";96257,0625;186,137146;71,2572021;13,2162323;23,075367;9,6047916;19,2001076;2031-06-01
"319";"        2031";"           7";96062,359375;185,9633942;70,9907684;13,1754427;22,9459095;9,5756416;19,1864109;2031-07-01
"320";"        2031";"           8";95831,8203125;185,7599487;70,6781311;13,1276417;22,7952728;9,5415545;19,1703568;2031-08-01
"321";"        2031";"           9";95329,0546875;185,3162079;70,004097;13,0241661;22,4704247;9,4678822;19,1352215;2031-09-01
"322";"        2031";"          10";94817,859375;184,9140778;69,348732;12,926466;22,178793;9,3992872;19,1034985;2031-10-01
"323";"        2031";"          11";94419,265625;184,5692596;68,8306732;12,8467188;21,9347019;9,3429127;19,0759792;2031-11-01
"324";"        2031";"          12";94069,8671875;184,2516785;68,3746109;12,7752314;21,7135067;9,2922316;19,0504646;2031-12-01
"325";"        2032";"           1";93766,90625;183,9801636;67,9842072;12,714139;21,5266685;9,2490587;19,0286083;2032-01-01
"326";"        2032";"           2";93401,9375;183,653244;67,5184097;12,641016;21,3042488;9,1974659;19,0022049;2032-02-01
"327";"        2032";"           3";93018,8125;183,309082;67,0340652;12,5646667;21,0732918;9,1436815;18,9743156;2032-03-01
"328";"        2032";"           4";92604,0625;182,9288177;66,5123367;12,4816265;20,8217945;9,0851765;18,9433632;2032-04-01
"329";"        2032";"           5";92342,3359375;182,7028503;66,1918488;12,4314156;20,6746769;9,0501013;18,9249554;2032-05-01
"330";"        2032";"           6";91698,9375;182,1170654;65,4025192;12,3051157;20,2976208;8,9614973;18,8769722;2032-06-01
"331";"        2032";"           7";91677,65625;182,112442;65,3828888;12,3029423;20,29533;8,9602318;18,8766289;2032-07-01
"332";"        2032";"           8";90867,359375;181,3710022;64,408226;12,1456842;19,8302174;8,850214;18,8155136;2032-08-01
"333";"        2032";"           9";90816,625;181,3688049;64,3667679;12,141861;19,8316746;8,8483324;18,8154144;2032-09-01
"334";"        2032";"          10";90312,65625;181,0285797;63,8227654;12,0613279;19,6312504;8,7943306;18,7874107;2032-10-01
"335";"        2032";"          11";89881,3359375;180,6700134;63,3343163;11,9840126;19,4184742;8,7412033;18,7576122;2032-11-01
"336";"        2032";"          12";89587,53125;180,4080353;62,997097;11,9293318;19,2640343;8,703373;18,7357388;2032-12-01
"337";"        2033";"           1";89275,2890625;180,1333618;62,643383;11,8720694;19,104332;8,6638823;18,7127514;2033-01-01
"338";"        2033";"           2";88944,6484375;179,8423157;62,2715988;11,8122501;18,9375877;8,6227503;18,6881466;2033-02-01
"339";"        2033";"           3";88589,0859375;179,5272827;61,8747978;11,7480526;18,7592545;8,5786362;18,6614494;2033-03-01
"340";"        2033";"           4";88167,78125;179,1392365;61,4037361;11,6703558;18,5408974;8,5250225;18,6285667;2033-04-01
"341";"        2033";"           5";87614,5625;178,6413269;60,7985649;11,5710888;18,2669182;8,4569101;18,5861435;2033-05-01
"342";"        2033";"           6";87334,6328125;178,4029083;60,5010719;11,5233412;18,1404572;8,4245424;18,5656281;2033-06-01
"343";"        2033";"           7";87149,984375;178,2478943;60,3069878;11,4923506;18,0595989;8,403615;18,5522385;2033-07-01
"344";"        2033";"           8";87045,59375;178,1821594;60,2068329;11,4782219;18,0293674;8,394599;18,5463524;2033-08-01
"345";"        2033";"           9";86632,703125;177,8543243;59,7859383;11,4122601;17,8635368;8,3505297;18,5177784;2033-09-01
"346";"        2033";"          10";86174,0390625;177,6287384;59,3820076;11,3605633;17,7776299;8,3194132;18,4966183;2033-10-01
"347";"        2033";"          11";85803,9296875;177,3515167;59,0200348;11,3047791;17,6452713;8,2826719;18,4720821;2033-11-01
"348";"        2033";"          12";85542,890625;177,127121;58,7547913;11,2613134;17,5336571;8,2533636;18,4524784;2033-12-01
"349";"        2034";"           1";85168,640625;176,7953186;58,3738022;11,1978598;17,3684673;8,2103901;18,4235363;2034-01-01
"350";"        2034";"           2";84794,828125;176,4702911;57,9999352;11,135951;17,2104702;8,1686783;18,3950329;2034-02-01
"351";"        2034";"           3";84421,4140625;176,1455536;57,6303139;11,074584;17,0551414;8,1274042;18,3664646;2034-03-01
"352";"        2034";"           4";84025,671875;175,7830963;57,2350082;11,0072718;16,8805161;8,0817795;18,3346863;2034-04-01
"353";"        2034";"           5";83567,8984375;175,375473;56,7876015;10,9318037;16,6901684;8,0310726;18,2987099;2034-05-01
"354";"        2034";"           6";83003,3515625;174,8459167;56,233345;10,8357258;16,4420471;7,9660668;18,2521248;2034-06-01
"355";"        2034";"           7";82951,3828125;174,8163757;56,1911621;10,8299456;16,4338665;7,9627266;18,2492981;2034-07-01
"356";"        2034";"           8";82653,1796875;174,5509949;55,9083099;10,7819643;16,3167114;7,9307766;18,2256794;2034-08-01
"357";"        2034";"           9";82043,90625;174,0106659;55,3391914;10,6850815;16,081604;7,8663383;18,1774387;2034-09-01
"358";"        2034";"          10";81604,875;173,7719879;55,001873;10,6393995;16,0267735;7,84056;18,1540279;2034-10-01
"359";"        2034";"          11";81276,3359375;173,5177917;54,7185097;10,5938053;15,93256;7,8114891;18,1306324;2034-11-01
"360";"        2034";"          12";80962,25;173,2288666;54,4294357;10,5433779;15,8104258;7,7778239;18,1046829;2034-12-01
"361";"        2035";"           1";80668,2421875;172,9597931;54,1617966;10,4967203;15,6987991;7,7467647;18,0804443;2035-01-01
"362";"        2035";"           2";80393,28125;172,7151947;53,9166527;10,4544716;15,6010265;7,7188869;18,0582581;2035-02-01
"363";"        2035";"           3";80061,5703125;172,4129791;53,6202354;10,4027195;15,4793358;7,6845593;18,0308952;2035-03-01
"364";"        2035";"           4";79728,109375;172,0959167;53,3189926;10,3490095;15,3491678;7,6485877;18,002306;2035-04-01
"365";"        2035";"           5";79325,3046875;171,7230225;52,9629211;10,2861671;15,2020836;7,6069527;17,9684486;2035-05-01
"366";"        2035";"           6";78967,0390625;171,3825989;52,6462936;10,2294998;15,0682592;7,5693398;17,9375782;2035-06-01
"367";"        2035";"           7";78739,7109375;171,1685486;52,4479256;10,1941338;14,9865417;7,5459881;17,9180775;2035-07-01
"368";"        2035";"           8";78747,1640625;171,206665;52,4692917;10,2002974;15,0138903;7,5512428;17,9210567;2035-08-01
"369";"        2035";"           9";78426,109375;170,9368134;52,2066574;10,1557789;14,9250069;7,5230637;17,8959026;2035-09-01
"370";"        2035";"          10";78029,59375;170,7129669;51,9381142;10,1187487;14,9034843;7,5042014;17,872961;2035-10-01
"371";"        2035";"          11";77737,90625;170,4809418;51,7102051;10,0809383;14,835948;7,4808741;17,8509426;2035-11-01
"372";"        2035";"          12";77498,3359375;170,2575836;51,5085945;10,0448046;14,7555456;7,4571648;17,8303528;2035-12-01
"373";"        2036";"           1";77232,8125;170,0048981;51,2842751;10,0041733;14,6634607;7,4303365;17,8071079;2036-01-01
"374";"        2036";"           2";76947,1640625;169,7355499;51,0460472;9,9611425;14,5676737;7,4020505;17,782238;2036-02-01
"375";"        2036";"           3";76660,71875;169,4651031;50,808918;9,9182348;14,4727907;7,3738723;17,7572174;2036-03-01
"376";"        2036";"           4";76274,765625;169,0792542;50,4819527;9,8573809;14,3295984;7,333127;17,7218323;2036-04-01
"377";"        2036";"           5";75841,1171875;168,6562958;50,1234818;9,7913198;14,1806202;7,2894669;17,6827469;2036-05-01
"378";"        2036";"           6";75348,375;168,1606598;49,714962;9,7147884;14,0040112;7,2385325;17,6370621;2036-06-01
"379";"        2036";"           7";75213,8515625;168,0359802;49,6099281;9,6959105;13,9667091;7,226531;17,6253128;2036-07-01
"380";"        2036";"           8";75202,09375;168,0514526;49,614502;9,698719;13,9865999;7,2296758;17,6262016;2036-08-01
"381";"        2036";"           9";75217,90625;168,1258392;49,6580582;9,7110634;14,0434685;7,2405725;17,631918;2036-09-01
"382";"        2036";"          10";74855,6171875;167,9122772;49,4404106;9,6808767;14,0490122;7,2273722;17,6091366;2036-10-01
"383";"        2036";"          11";74543,375;167,6437836;49,2106476;9,6408329;13,98141;7,2028685;17,5832634;2036-11-01
"384";"        2036";"          12";74284,5703125;167,3898926;49,005352;9,6026039;13,8993626;7,1778255;17,5594769;2036-12-01
"385";"        2037";"           1";74067,171875;167,1767426;48,8341599;9,5707254;13,8316736;7,1569862;17,5394611;2037-01-01
"386";"        2037";"           2";73795,8203125;166,9091644;48,62117;9,5309067;13,7468109;7,1309056;17,5143318;2037-02-01
"387";"        2037";"           3";73483,328125;166,5968323;48,3756943;9,4846687;13,6468372;7,1004572;17,4850273;2037-03-01
"388";"        2037";"           4";73111,7421875;166,2105255;48,0786667;9,4276075;13,5168724;7,0622387;17,4490242;2037-04-01
"389";"        2037";"           5";72675,75;165,7657318;47,7382431;9,362731;13,3754206;7,0193772;17,4072723;2037-05-01
"390";"        2037";"           6";72139,4375;165,2038422;47,3182602;9,2815228;13,1934042;6,9652462;17,3546734;2037-06-01
"391";"        2037";"           7";72147,8515625;165,2311249;47,335331;9,2860937;13,2141447;6,9693465;17,3567944;2037-07-01
"392";"        2037";"           8";71927,4140625;165,0139008;47,1724548;9,2556257;13,1557407;6,9499502;17,3360119;2037-08-01
"393";"        2037";"           9";71403,3515625;164,4906616;46,7853088;9,1824503;13,0106001;6,9027991;17,2860928;2037-09-01
"394";"        2037";"          10";71105,265625;164,3208466;46,6425171;9,1647844;13,0579844;6,8992457;17,2664585;2037-10-01
"395";"        2037";"          11";70852,8359375;164,1006012;46,4780884;9,1360254;13,0237989;6,8827872;17,2444344;2037-11-01
"396";"        2037";"          12";70667,15625;163,915329;46,344368;9,1107759;12,9766035;6,8666792;17,2265682;2037-12-01
"397";"        2038";"           1";70437,3359375;163,6764221;46,1741753;9,0779276;12,9093628;6,8451519;17,203764;2038-01-01
"398";"        2038";"           2";70200,7265625;163,4330597;46,0017204;9,044817;12,8438091;6,8236361;17,1804218;2038-02-01
"399";"        2038";"           3";69897,5625;163,1144409;45,7784424;9,0014362;12,7542906;6,7950768;17,1499958;2038-03-01
"400";"        2038";"           4";69561,046875;162,7489471;45,5258865;8,9515409;12,6452007;6,7616057;17,1153202;2038-04-01
"401";"        2038";"           5";69130,0625;162,2869415;45,2092209;8,8893652;12,5149641;6,7204652;17,0712051;2038-05-01
"402";"        2038";"           6";68666,109375;161,7803802;44,8682594;8,8217716;12,3707876;6,6754799;17,0229015;2038-06-01
"403";"        2038";"           7";68446,8203125;161,5447235;44,711483;8,7910528;12,3100195;6,6554537;17,0001965;2038-07-01
"404";"        2038";"           8";68457,015625;161,5813904;44,7352715;8,7975225;12,3412294;6,6615391;17,002924;2038-08-01
"405";"        2038";"           9";68000,4921875;161,1077881;44,4220085;8,7371426;12,2329397;6,6231933;16,9566975;2038-09-01
"406";"        2038";"          10";67658,2734375;160,8652344;44,2633438;8,7148685;12,2803936;6,6175137;16,9292068;2038-10-01
"407";"        2038";"          11";67422,8671875;160,6491852;44,1236038;8,6900902;12,260623;6,6040659;16,9069843;2038-11-01
"408";"        2038";"          12";67179,8515625;160,3864594;43,9544525;8,6568031;12,1969767;6,5823703;16,8814182;2038-12-01
"409";"        2039";"           1";66940,609375;160,1231232;43,7861366;8,6233683;12,1304607;6,5603004;16,8558922;2039-01-01
"410";"        2039";"           2";66659,578125;159,8133392;43,5896873;8,5843182;12,0532684;6,5345378;16,825819;2039-02-01
"411";"        2039";"           3";66355,1171875;159,4750519;43,3770599;8,5418882;11,9686375;6,5064297;16,7929897;2039-03-01
"412";"        2039";"           4";66065,2578125;159,1451416;43,1713524;8,5003376;11,881505;6,4784555;16,7611389;2039-04-01
"413";"        2039";"           5";65859,203125;158,9238892;43,0351219;8,473815;11,8374882;6,4617867;16,7392426;2039-05-01
"414";"        2039";"           6";65796,3203125;158,869812;43,003624;8,4686861;11,8415241;6,4599233;16,7333508;2039-06-01
"415";"        2039";"           7";65797,9453125;158,8879852;43,0163994;8,4723988;11,8622084;6,463769;16,7345161;2039-07-01
"416";"        2039";"           8";65581,359375;158,6520081;42,8731079;8,4442844;11,8145027;6,4459996;16,7111855;2039-08-01
"417";"        2039";"           9";65301,1796875;158,3637085;42,7017097;8,411974;11,7756147;6,4271255;16,6820011;2039-09-01
"418";"        2039";"          10";65007,4335938;158,1539459;42,5927773;8,3992281;11,8554735;6,4290943;16,657053;2039-10-01
"419";"        2039";"          11";64813,0585938;157,9729156;42,4903946;8,3816338;11,8563051;6,4208975;16,6378403;2039-11-01
"420";"        2039";"          12";64595,140625;157,7280731;42,3449936;8,3526411;11,8039484;6,4020581;16,6136875;2039-12-01
"421";"        2040";"           1";64375,59375;157,4760895;42,1956253;8,322484;11,7456474;6,3820586;16,5889778;2040-01-01
"422";"        2040";"           2";64120,4492188;157,1829681;42,0231934;8,287674;11,6789684;6,3590026;16,5601921;2040-02-01
"423";"        2040";"           3";63861,5976562;156,8843994;41,8489761;8,2524633;11,6117268;6,3356652;16,530838;2040-03-01
"424";"        2040";"           4";63525,4257812;156,483017;41,6144295;8,2040796;11,5086803;6,3025136;16,4918118;2040-04-01
"425";"        2040";"           5";63376,6835938;156,3205566;41,5234451;8,1865253;11,486475;6,2920704;16,4753361;2040-05-01
"426";"        2040";"           6";63170,671875;156,0845337;41,3902283;8,1598616;11,4415741;6,2751212;16,4518261;2040-06-01
"427";"        2040";"           7";62849,5351562;155,6997986;41,1708336;8,1146936;11,3494015;6,2445664;16,414156;2040-07-01
"428";"        2040";"           8";62862,671875;155,7384491;41,1989517;8,1222086;11,3863869;6,2519264;16,4170036;2040-08-01
"429";"        2040";"           9";62545,0195312;155,3860168;41,0081062;8,0851936;11,3396053;6,2297454;16,3812599;2040-09-01
"430";"        2040";"          10";62339,265625;155,2615662;40,9760971;8,0884361;11,4675484;6,2440939;16,3640518;2040-10-01
"431";"        2040";"          11";62103,5664062;155,0146484;40,8497658;8,0654268;11,4590435;6,2322311;16,3381958;2040-11-01
"432";"        2040";"          12";61946,6601562;154,8339996;40,7525787;8,0461941;11,4307489;6,2201781;16,3199787;2040-12-01
"433";"        2041";"           1";61746,234375;154,5930481;40,6202507;8,0191383;11,3799553;6,2021151;16,2960911;2041-01-01
"434";"        2041";"           2";61539,421875;154,345993;40,4862137;7,9919076;11,3313999;6,1841636;16,2714825;2041-02-01
"435";"        2041";"           3";61273,3085938;154,0225525;40,3102188;7,9557257;11,2619267;6,1597915;16,2394352;2041-03-01
"436";"        2041";"           4";60997,3867188;153,6788177;40,1224136;7,9165454;11,1800203;6,132699;16,2056408;2041-04-01
"437";"        2041";"           5";60652,1875;153,2532501;39,8938026;7,8693023;11,0883694;6,100842;16,1634579;2041-05-01
"438";"        2041";"           6";60337,4179688;152,8632507;39,6870728;7,8265285;11,0063257;6,0721221;16,1247196;2041-06-01
"439";"        2041";"           7";60317,8945312;152,8520813;39,6866951;7,8275328;11,0230188;6,0743742;16,1229763;2041-07-01
"440";"        2041";"           8";60338,4921875;152,9004059;39,7216911;7,8366508;11,0656166;6,0831723;16,1267242;2041-08-01
"441";"        2041";"           9";60107,46875;152,6414795;39,5978775;7,8135157;11,0538235;6,0708809;16,099617;2041-09-01
"442";"        2041";"          10";59946,6953125;152,5607147;39,6091652;7,8263073;11,2143373;6,0932097;16,0860233;2041-10-01
"443";"        2041";"          11";59783,3320312;152,3944855;39,5395164;7,8152609;11,2373199;6,090116;16,0676327;2041-11-01
"444";"        2041";"          12";59617,0820312;152,1923828;39,4372711;7,7947011;11,2062111;6,0769525;16,0471172;2041-12-01
"445";"        2042";"           1";59416,8476562;151,9399872;39,3062668;7,7675657;11,1547213;6,0585189;16,0218925;2042-01-01
"446";"        2042";"           2";59236,6210938;151,7160339;39,1926804;7,7443881;11,1156015;6,0432334;15,9992952;2042-02-01
"447";"        2042";"           3";59038,8203125;151,4680481;39,0668983;7,7185798;11,0703793;6,0260248;15,9743261;2042-03-01
"448";"        2042";"           4";58783,8867188;151,1367645;38,8946762;7,68226;10,9939766;6,0005164;15,9414692;2042-04-01
"449";"        2042";"           5";58471,4414062;150,7351379;38,6902733;7,6396642;10,9121819;5,9715161;15,9012737;2042-05-01
"450";"        2042";"           6";58137,4648438;150,3005066;38,4709244;7,5936661;10,8212852;5,9399428;15,8579445;2042-06-01
"451";"        2042";"           7";58121,1992188;150,2913971;38,4739876;7,5954657;10,8409081;5,9429064;15,8564301;2042-07-01
"452";"        2042";"           8";58143,40625;150,3412323;38,511879;7,6053815;10,887351;5,9525867;15,8603992;2042-08-01
"453";"        2042";"           9";57923,8554688;150,0809631;38,39925;7,5844975;10,8826351;5,9419122;15,833106;2042-09-01
"454";"        2042";"          10";57804,8007812;150,0359344;38,4508286;7,6066427;11,0753899;5,9721866;15,8233242;2042-10-01
"455";"        2042";"          11";57640,7070312;149,8547516;38,3838425;7,5962014;11,1022739;5,9696627;15,8035059;2042-11-01
"456";"        2042";"          12";57483,2460938;149,6535034;38,2885857;7,5769758;11,0743132;5,9572725;15,783;2042-12-01
"457";"        2043";"           1";57335,4804688;149,4607391;38,195507;7,5578279;11,0415888;5,9444318;15,7635098;2043-01-01
"458";"        2043";"           2";57155,0117188;149,2243958;38,081646;7,5343518;11,0009651;5,9286222;15,7396221;2043-02-01
"459";"        2043";"           3";56937,7929688;148,9362488;37,941555;7,5051517;10,9463692;5,9085293;15,7106209;2043-03-01
"460";"        2043";"           4";56714,7421875;148,6334076;37,7913666;7,4732537;10,8790493;5,8857899;15,6803989;2043-04-01
"461";"        2043";"           5";56527,8632812;148,3872528;37,6764412;7,4497924;10,8428726;5,8705726;15,6553125;2043-05-01
"462";"        2043";"           6";56370,6484375;148,1808777;37,5828171;7,4308596;10,8169308;5,8587084;15,6342592;2043-06-01
"463";"        2043";"           7";56293,1484375;148,0826263;37,5421906;7,423172;10,813858;5,85465;15,6240349;2043-07-01
"464";"        2043";"           8";56205,71875;147,9754333;37,5019531;7,4161706;10,8200321;5,8518691;15,61269;2043-08-01
"465";"        2043";"           9";56012,3710938;147,735611;37,4096336;7,399672;10,8270884;5,8443961;15,5874929;2043-09-01
"466";"        2043";"          10";55909,09375;147,6936646;37,4820824;7,4271717;11,0422192;5,8797317;15,5786743;2043-10-01
"467";"        2043";"          11";55772,4023438;147,5374603;37,4373245;7,421711;11,0836487;5,8810563;15,5614843;2043-11-01
"468";"        2043";"          12";55625,1523438;147,3401337;37,3490372;7,4038825;11,0586586;5,8694882;15,5413628;2043-12-01
"469";"        2044";"           1";55494,6445312;147,1624298;37,2677422;7,387167;11,0311861;5,8582287;15,5233383;2044-01-01
"470";"        2044";"           2";55337,4414062;146,9477692;37,1697617;7,3669968;10,9977942;5,8446045;15,5015593;2044-02-01
"471";"        2044";"           3";55171,8789062;146,7203674;37,0659332;7,3455472;10,9613638;5,8300052;15,478508;2044-03-01
"472";"        2044";"           4";54985,1367188;146,4567413;36,9399452;7,3186917;10,904705;5,8106217;15,452075;2044-04-01
"473";"        2044";"           5";54882,9492188;146,3217163;36,886158;7,3085623;10,9015932;5,805336;15,4379711;2044-05-01
"474";"        2044";"           6";54597,8476562;145,9186707;36,6969299;7,2683568;10,8199377;5,7768917;15,3975058;2044-06-01
"475";"        2044";"           7";54604,1328125;145,9389343;36,7186317;7,2744355;10,8522835;5,7833605;15,3990049;2044-07-01
"476";"        2044";"           8";54242,1757812;145,4227753;36,4759331;7,2226381;10,7431135;5,7460308;15,3472509;2044-08-01
"477";"        2044";"           9";54266,640625;145,4912109;36,5466194;7,2422695;10,8444395;5,7663612;15,3525734;2044-09-01
"478";"        2044";"          10";54172,0703125;145,4478912;36,6343193;7,2739048;11,0787268;5,8058681;15,3440456;2044-10-01
"479";"        2044";"          11";54021,7539062;145,2602692;36,5805855;7,2665582;11,1167717;5,8057933;15,3238487;2044-11-01
"480";"        2044";"          12";53901,828125;145,0939484;36,5117874;7,2529573;11,1021967;5,797277;15,3067684;2044-12-01
"481";"        2045";"           1";53767,0742188;144,9012299;36,4256172;7,2350202;11,0703535;5,7847958;15,2872295;2045-01-01
"482";"        2045";"           2";53626,5078125;144,7010956;36,3383369;7,2170744;11,0415335;5,7725916;15,2668591;2045-02-01
"483";"        2045";"           3";53474,359375;144,4829559;36,2425308;7,1972427;11,0079327;5,7589164;15,2446871;2045-03-01
"484";"        2045";"           4";53284,640625;144,2030029;36,1112442;7,1689634;10,9453049;5,7379632;15,2165661;2045-04-01
"485";"        2045";"           5";53043,8789062;143,8501282;35,951458;7,1351252;10,8786526;5,7139468;15,1808691;2045-05-01
"486";"        2045";"           6";52932,09375;143,6918945;35,8896255;7,1230555;10,869154;5,7069893;15,1645651;2045-06-01
"487";"        2045";"           7";52860,2109375;143,5913696;35,8526421;7,1161427;10,867918;5,7033854;15,1541309;2045-07-01
"488";"        2045";"           8";52834,4257812;143,5662079;35,859684;7,1197438;10,9028683;5,7088671;15,1509838;2045-08-01
"489";"        2045";"           9";52686,2382812;143,368042;35,8011284;7,110805;10,9305048;5,7070808;15,1300268;2045-09-01
"490";"        2045";"          10";52615,4296875;143,3484497;35,9149284;7,1490121;11,1896219;5,7527056;15,1243172;2045-10-01
"491";"        2045";"          11";52495,0703125;143,1956482;35,8846588;7,1470208;11,2430439;5,7568932;15,1076927;2045-11-01
"492";"        2045";"          12";52391,0273438;143,0461731;35,8266792;7,1357775;11,234086;5,7500601;15,0922918;2045-12-01
"493";"        2046";"           1";52226,4648438;142,7985077;35,7144165;7,111815;11,1839905;5,7324543;15,0672846;2046-01-01
"494";"        2046";"           2";52065,1171875;142,5567627;35,6082382;7,0894766;11,1415148;5,7164326;15,0427656;2046-02-01
"495";"        2046";"           3";51904,2695312;142,3149414;35,5028152;7,0673294;11,0998468;5,7005682;15,0182238;2046-03-01
"496";"        2046";"           4";51726,5195312;142,0417938;35,3768463;7,0400076;11,0372705;5,679894;14,990715;2046-04-01
"497";"        2046";"           5";51530,8710938;141,744339;35,2475128;7,0127645;10,9858885;5,660625;14,9604702;2046-05-01
"498";"        2046";"           6";51283,1796875;141,3632355;35,0774002;6,976234;10,9078808;5,6338229;14,9219818;2046-06-01
"499";"        2046";"           7";51274,9570312;141,359375;35,0899849;6,9804745;10,9371634;5,639111;14,9211798;2046-07-01
"500";"        2046";"           8";51156,1601562;141,1831818;35,0242538;6,9677587;10,9277306;5,6315465;14,9030352;2046-08-01
"501";"        2046";"           9";50914,2851562;140,8247375;34,8912621;6,9420528;10,9088449;5,6161351;14,8661432;2046-09-01
"502";"        2046";"          10";50852,734375;140,8106689;35,0202904;6,9843345;11,1861343;5,6659889;14,861371;2046-10-01
"503";"        2046";"          11";50752,0507812;140,6798706;35,0060577;6,9863863;11,2515793;5,6733403;14,8470793;2046-11-01
"504";"        2046";"          12";50622,3046875;140,4809113;34,925499;6,9700685;11,2273045;5,6621156;14,8267574;2046-12-01
"505";"        2047";"           1";50495,6796875;140,2829895;34,8405304;6,9522061;11,1925173;5,6490345;14,8066616;2047-01-01
"506";"        2047";"           2";50381,1171875;140,105835;34,769001;6,9376745;11,1703691;5,6389618;14,7885599;2047-02-01
"507";"        2047";"           3";50239,5703125;139,8841248;34,6757393;6,9182234;11,1343851;5,624867;14,7659988;2047-03-01
"508";"        2047";"           4";50090,9960938;139,6463776;34,5691147;6,895143;11,0813789;5,6071529;14,7419701;2047-04-01
"509";"        2047";"           5";49920,6875;139,3766937;34,4558601;6,8714685;11,0376511;5,5903111;14,7144775;2047-05-01
"510";"        2047";"           6";49770,4257812;139,1391602;34,3588028;6,8513875;11,0033264;5,5763755;14,6902914;2047-06-01
"511";"        2047";"           7";49677,3632812;138,9931793;34,3023491;6,8400846;10,9885874;5,5689344;14,6753359;2047-07-01
"512";"        2047";"           8";49705,140625;139,0527802;34,3548241;6,854311;11,055398;5,5833306;14,680789;2047-08-01
"513";"        2047";"           9";49599,4257812;138,9035339;34,3282547;6,8529315;11,1042814;5,587522;14,6648521;2047-09-01
"514";"        2047";"          10";49555,6875;138,9118347;34,4765358;6,9008923;11,4023352;5,6426854;14,6627455;2047-10-01
"515";"        2047";"          11";49471,3164062;138,801712;34,4749107;6,9070525;11,4786024;5,6526823;14,6507492;2047-11-01
"516";"        2047";"          12";49376,4804688;138,6535645;34,4201698;6,8969312;11,4703379;5,6460462;14,6355619;2047-12-01
"517";"        2048";"           1";49262,4960938;138,4694519;34,3417511;6,8806906;11,4378901;5,6337872;14,6168728;2048-01-01
"518";"        2048";"           2";49141,6132812;138,2747803;34,2611427;6,8642831;11,407958;5,6216283;14,5970707;2048-02-01
"519";"        2048";"           3";49020,578125;138,0793304;34,1807175;6,8479419;11,3784771;5,6095338;14,5771751;2048-03-01
"520";"        2048";"           4";48845,390625;137,7878265;34,0463257;6,8184681;11,3035908;5,5859079;14,5477705;2048-04-01
"521";"        2048";"           5";48658,453125;137,4798584;33,9135208;6,7904882;11,2438374;5,5647974;14,5164795;2048-05-01
"522";"        2048";"           6";48441,71875;137,1203156;33,7553139;6,7565794;11,1657658;5,5386992;14,4800558;2048-06-01
"523";"        2048";"           7";48392,5429688;137,0444336;33,7336578;6,7534857;11,17379;5,5377846;14,4721375;2048-07-01
"524";"        2048";"           8";48410,4765625;137,0888519;33,7795067;6,7668142;11,2386932;5,5513849;14,4761534;2048-08-01
"525";"        2048";"           9";48466,3203125;137,2128906;33,8906136;6,7980971;11,3837423;5,5825186;14,4877243;2048-09-01
"526";"        2048";"          10";48434,6054688;137,2418518;34,0521469;6,8523607;11,7008772;5,6422253;14,4881258;2048-10-01
"527";"        2048";"          11";48337,90625;137,1068573;34,0389595;6,8566346;11,772233;5,6500616;14,4738054;2048-11-01
"528";"        2048";"          12";48232,2773438;136,9349823;33,9716988;6,8437304;11,7544718;5,6406713;14,4562845;2048-12-01
"529";"        2049";"           1";48140,3046875;136,7830048;33,9090118;6,83112;11,7315331;5,6310873;14,440835;2049-01-01
"530";"        2049";"           2";48024,7539062;136,5912018;33,8290253;6,8148584;11,7003889;5,6186085;14,4213428;2049-02-01
"531";"        2049";"           3";47889,3515625;136,364151;33,7316208;6,7945666;11,6571274;5,6027107;14,3983059;2049-03-01
"532";"        2049";"           4";47719,1367188;136,0716705;33,5951118;6,7643552;11,5770092;5,5779033;14,3687906;2049-04-01
"533";"        2049";"           5";47528,4921875;135,7470703;33,4524231;6,7339644;11,5070677;5,5541258;14,3358326;2049-05-01
"534";"        2049";"           6";47287,671875;135,333313;33,2650986;6,6930728;11,404192;5,5214009;14,2939472;2049-06-01
"535";"        2049";"           7";47307,7070312;135,3786163;33,3042564;6,7042871;11,4557514;5,5324831;14,2982187;2049-07-01
"536";"        2049";"           8";47222,484375;135,2403412;33,2590752;6,6968231;11,4580879;5,5282874;14,2839251;2049-08-01
"537";"        2049";"           9";47012,6992188;134,8946533;33,1350708;6,6741004;11,4394169;5,5131879;14,248414;2049-09-01
"538";"        2049";"          10";47006,9101562;134,9687805;33,3262405;6,7375746;11,7908478;5,580102;14,2536154;2049-10-01
"539";"        2049";"          11";46936,4648438;134,8747253;33,3372078;6,7479796;11,8837099;5,5928321;14,243475;2049-11-01
"540";"        2049";"          12";46864,8671875;134,7572784;33,2988815;6,7418742;11,886941;5,5889802;14,2314119;2049-12-01
"541";"        2050";"           1";46764,9882812;134,5848999;33,2260208;6,7267933;11,855484;5,5769925;14,2139015;2050-01-01
"542";"        2050";"           2";46664,3828125;134,4123993;33,1564445;6,7128887;11,8308287;5,566205;14,1963377;2050-02-01
"543";"        2050";"           3";46531,0585938;134,1801147;33,0566635;6,6918831;11,7840023;5,549305;14,1727533;2050-03-01
"544";"        2050";"           4";46375,390625;133,9026337;32,9277306;6,6631408;11,7061987;5,5253143;14,1446953;2050-04-01
"545";"        2050";"           5";46183,6015625;133,5632019;32,7777061;6,6307569;11,6278315;5,4993148;14,1102104;2050-05-01
"546";"        2050";"           6";45974,0664062;133,190567;32,6110306;6,5943427;11,535984;5,4698424;14,0723867;2050-06-01
"547";"        2050";"           7";45880,1796875;133,0261078;32,5452957;6,581048;11,5116501;5,459775;14,055584;2050-07-01
"548";"        2050";"           8";45907,6015625;133,0908966;32,6036034;6,5980611;11,591115;5,476501;14,0617628;2050-08-01
"549";"        2050";"           9";45725,890625;132,7828979;32,4996719;6,5800381;11,5861759;5,4648943;14,0300827;2050-09-01
"550";"        2050";"          10";45691,2617188;132,8031464;32,6688881;6,63978;11,933075;5,5282707;14,0301886;2050-10-01
"551";"        2050";"          11";45625,5507812;132,7130127;32,6844635;6,6515117;12,0317907;5,5419431;14,0205507;2050-11-01
"552";"        2050";"          12";45523,03125;132,5326538;32,6141014;6,6377048;12,0097799;5,5311928;14,0021734;2050-12-01
"553";"        2051";"           1";45416,0976562;132,3399811;32,5310669;6,6200261;11,9688129;5,5166974;13,9826117;2051-01-01
"554";"        2051";"           2";45290,6601562;132,1136017;32,4342003;6,5994544;11,921608;5,4998488;13,9596214;2051-02-01
"555";"        2051";"           3";45153,5234375;131,8644867;32,3263931;6,5763011;11,8663454;5,4807596;13,9343281;2051-03-01
"556";"        2051";"           4";45017,984375;131,6138153;32,2114868;6,5505767;11,7961388;5,4590454;13,9089336;2051-04-01
"557";"        2051";"           5";44934,8046875;131,4666138;32,1602783;6,5414443;11,7907238;5,4529085;13,8937912;2051-05-01
"558";"        2051";"           6";44922,8164062;131,4560547;32,1780014;6,548667;11,8373585;5,4610887;13,8924456;2051-06-01
"559";"        2051";"           7";44938,4921875;131,4953918;32,2159691;6,5599985;11,8916893;5,4723263;13,8961992;2051-07-01
"560";"        2051";"           8";44850,2851562;131,3403015;32,1624451;6,5504518;11,8862371;5,4658651;13,8802624;2051-08-01
"561";"        2051";"           9";44752,0546875;131,1798859;32,1338921;6,5502543;11,9377632;5,4694424;13,8635025;2051-09-01
"562";"        2051";"          10";44734,4414062;131,2293091;32,3234215;6,615633;12,30828;5,5375953;13,8668337;2051-10-01
"563";"        2051";"          11";44685,7617188;131,1676483;32,3559837;6,6313;12,4207554;5,5546379;13,8601608;2051-11-01
"564";"        2051";"          12";44593,2070312;131,0006104;32,2915154;6,6185999;12,4008646;5,5446515;13,843153;2051-12-01
"565";"        2052";"           1";44493,6875;130,8162384;32,2111816;6,6012301;12,3589916;5,5302019;13,824441;2052-01-01
"566";"        2052";"           2";44378,3476562;130,602356;32,1189232;6,5813737;12,3119164;5,5137205;13,8027277;2052-02-01
"567";"        2052";"           3";44261,1445312;130,3843079;32,0252151;6,5612016;12,2640877;5,4969702;13,7805843;2052-03-01
"568";"        2052";"           4";44098,7773438;130,0741119;31,8763199;6,5268102;12,1622324;5,4673238;13,7491875;2052-04-01
"569";"        2052";"           5";44042,3515625;129,974411;31,8492603;6,5232677;12,1743279;5,4659724;13,7388697;2052-05-01
"570";"        2052";"           6";43955,2148438;129,8154602;31,7898464;6,5117693;12,1588058;5,4576216;13,7225828;2052-06-01
"571";"        2052";"           7";43803,78125;129,5267792;31,6572723;6,4818234;12,0760689;5,4324546;13,6932545;2052-07-01
"572";"        2052";"           8";43831,4023438;129,5944366;31,720459;6,5003486;12,1635227;5,4506516;13,6998243;2052-08-01
"573";"        2052";"           9";43709,3125;129,3805542;31,6645222;6,4932404;12,1912851;5,4479671;13,6777267;2052-09-01
"574";"        2052";"          10";43729,2460938;129,5005188;31,8993549;6,5697351;12,6038265;5,5261283;13,6883974;2052-10-01
"575";"        2052";"          11";43655,0585938;129,3848877;31,9047718;6,5784874;12,6932163;5,5370884;13,6763697;2052-11-01
"576";"        2052";"          12";43591,203125;129,2675629;31,8659687;6,5721617;12,6924171;5,5321445;13,6644068;2052-12-01
"577";"        2053";"           1";43498,7929688;129,0901489;31,787632;6,5552363;12,6493549;5,5175738;13,6464119;2053-01-01
"578";"        2053";"           2";43405,3203125;128,9115295;31,7123756;6,5395017;12,613266;5,5041566;13,6282749;2053-02-01
"579";"        2053";"           3";43280,84375;128,6705475;31,6041298;6,5157118;12,5498438;5,4835796;13,603837;2053-03-01
"580";"        2053";"           4";43145,8046875;128,4046021;31,4758663;6,4860911;12,460453;5,4576178;13,5769024;2053-04-01
"581";"        2053";"           5";42983,7382812;128,0889893;31,3327084;6,454339;12,3741636;5,4306984;13,5447979;2053-05-01
"582";"        2053";"           6";42836,140625;127,8010788;31,2038746;6,4259577;12,2984467;5,4067011;13,5154762;2053-06-01
"583";"        2053";"           7";42839,5859375;127,8162155;31,2305717;6,4349146;12,345252;5,4155908;13,5168104;2053-07-01
"584";"        2053";"           8";42870,5898438;127,8912888;31,2982864;6,4550443;12,4379015;5,4348092;13,5241184;2053-08-01
"585";"        2053";"           9";42788,921875;127,7500381;31,2789173;6,4573703;12,4939184;5,4394188;13,5093088;2053-09-01
"586";"        2053";"          10";42825,7421875;127,8991928;31,5297794;6,5402899;12,9238243;5,5206356;13,5228643;2053-10-01
"587";"        2053";"          11";42785,4804688;127,845932;31,5680141;6,5578241;13,0404148;5,5388422;13,5171022;2053-11-01
"588";"        2053";"          12";42714,0507812;127,7087555;31,5168762;6,5485067;13,0271835;5,5309858;13,5031223;2053-12-01
"589";"        2054";"           1";42618,7578125;127,5197296;31,4300041;6,529336;12,9738922;5,5141773;13,4839411;2054-01-01
"590";"        2054";"           2";42536,3476562;127,3578949;31,3619747;6,5153093;12,9413128;5,5020385;13,4674816;2054-02-01
"591";"        2054";"           3";42444,546875;127,1764755;31,2837067;6,4987741;12,9002037;5,4876623;13,4490395;2054-03-01
"592";"        2054";"           4";42316,8828125;126,9181366;31,1562176;6,469017;12,8072348;5,4613242;13,4228611;2054-04-01
"593";"        2054";"           5";42167,2304688;126,6187668;31,0180664;6,4382339;12,720418;5,4349108;13,3923893;2054-05-01
"594";"        2054";"           6";42004,484375;126,2907944;30,8641167;6,4033666;12,6184788;5,4047804;13,3590508;2054-06-01
"595";"        2054";"           7";42008,8828125;126,3070374;30,8919754;6,4128504;12,6666927;5,4140277;13,360527;2054-07-01
"596";"        2054";"           8";42040,2148438;126,3829346;30,9615574;6,4338827;12,7623663;5,4339166;13,3679543;2054-08-01
"597";"        2054";"           9";41960,0546875;126,2376404;30,9391956;6,4358034;12,8139544;5,4377284;13,3528061;2054-09-01
"598";"        2054";"          10";42012,3984375;126,4121933;31,2090054;6,5255041;13,2641325;5,5240397;13,3691483;2054-10-01
"599";"        2054";"          11";41967,578125;126,3440552;31,2390137;6,5415082;13,3728371;5,5404453;13,3619709;2054-11-01
"600";"        2054";"          12";41897,9609375;126,2057953;31,1863537;6,5317416;13,3561916;5,5319595;13,3479071;2054-12-01
"601";"        2055";"           1";41828,2578125;126,0647278;31,1248531;6,5187368;13,3228149;5,5204887;13,3335838;2055-01-01
"602";"        2055";"           2";41742,6679688;125,8911133;31,0486889;6,5025091;13,2804594;5,5061665;13,3159609;2055-02-01
"603";"        2055";"           3";41636,8710938;125,674675;30,9489784;6,4803848;13,2173643;5,4865594;13,2940006;2055-03-01
"604";"        2055";"           4";41522,8164062;125,4379578;30,8308907;6,4526162;13,128974;5,4618082;13,2700148;2055-04-01
"605";"        2055";"           5";41437,3359375;125,265419;30,7607231;6,4386034;13,0986643;5,4501586;13,2523699;2055-05-01
"606";"        2055";"           6";41367,09375;125,1245499;30,7071095;6,4285831;13,0816183;5,4420366;13,2379532;2055-06-01
"607";"        2055";"           7";41336,65625;125,0658951;30,6937695;6,4278431;13,0931063;5,4419966;13,2318993;2055-07-01
"608";"        2055";"           8";41306,3945312;125,0103607;30,6916122;6,4311118;13,1254835;5,4457994;13,2261124;2055-08-01
"609";"        2055";"           9";41236,1328125;124,878746;30,6769733;6,4351001;13,1818542;5,4510736;13,2125425;2055-09-01
"610";"        2055";"          10";41290,8359375;125,0477448;30,9533253;6,5279665;13,6406507;5,5392809;13,2290955;2055-10-01
"611";"        2055";"          11";41257,1835938;124,9966965;30,9948444;6,547194;13,7588711;5,558187;13,2239189;2055-11-01
"612";"        2055";"          12";41190,3476562;124,8595657;30,9419041;6,5372033;13,73981;5,5493193;13,2100658;2055-12-01
"613";"        2056";"           1";41127,734375;124,7293777;30,8853798;6,5252709;13,7088165;5,5386744;13,196909;2056-01-01
"614";"        2056";"           2";41052,0703125;124,5718231;30,8168144;6,5107384;13,6707687;5,5257092;13,1809864;2056-02-01
"615";"        2056";"           3";40971,6992188;124,4038849;30,7428284;6,4948592;13,6280966;5,5115399;13,1640129;2056-03-01
"616";"        2056";"           4";40874,578125;124,1977844;30,6391792;6,4703684;13,5493469;5,4895926;13,143178;2056-04-01
"617";"        2056";"           5";40833,7109375;124,115799;30,6197491;6,4691067;13,5631723;5,4892163;13,1348333;2056-05-01
"618";"        2056";"           6";40687,859375;123,8073273;30,4679604;6,433785;13,4528875;5,4581609;13,1036215;2056-06-01
"619";"        2056";"           7";40703,6054688;123,8464737;30,510807;6,4473972;13,5153713;5,4709058;13,1075649;2056-07-01
"620";"        2056";"           8";40514,7929688;123,4453888;30,3096714;6,3997126;13,3624172;5,428719;13,0669975;2056-08-01
"621";"        2056";"           9";40564,6484375;123,5684357;30,4431744;6,4417329;13,5546131;5,4678779;13,0794287;2056-09-01
"622";"        2056";"          10";40617,671875;123,7290649;30,722084;6,5363646;14,0177183;5,5568061;13,0957479;2056-10-01
"623";"        2056";"          11";40572,0820312;123,6479797;30,7465801;6,5513592;14,118783;5,5715532;13,0877743;2056-11-01
"624";"        2056";"          12";40518,015625;123,5348129;30,7068748;6,5446033;14,1102495;5,5654516;13,0764284;2056-12-01
"625";"        2057";"           1";40450,453125;123,3905029;30,6405201;6,5299201;14,0679932;5,5522203;13,061903;2057-01-01
"626";"        2057";"           2";40381,4179688;123,2434387;30,5766144;6,5163503;14,0320711;5,5399942;13,0471125;2057-02-01
"627";"        2057";"           3";40305,671875;123,0814438;30,5043964;6,5006628;13,9886322;5,5258689;13,0308113;2057-03-01
"628";"        2057";"           4";40203,5;122,8597488;30,3888493;6,4727221;13,8956432;5,5007229;13,0084448;2057-04-01
"629";"        2057";"           5";40079,3945312;122,5922928;30,259304;6,4428415;13,8037691;5,4744568;12,9814377;2057-05-01
"630";"        2057";"           6";40029,421875;122,4871674;30,2248554;6,4374418;13,8007431;5,4701829;12,9708557;2057-06-01
"631";"        2057";"           7";39998,7851562;122,4236298;30,2083359;6,4357986;13,8074303;5,4691157;12,9644709;2057-07-01
"632";"        2057";"           8";40000,4648438;122,4334793;30,2453117;6,4492183;13,875205;5,4817529;12,9655352;2057-08-01
"633";"        2057";"           9";39947,5078125;122,3288116;30,2466431;6,4572601;13,9425869;5,490068;12,9551744;2057-09-01
"634";"        2057";"          10";40008,3007812;122,4997406;30,5410576;6,5566983;14,4217901;5,582552;12,9734087;2057-10-01
"635";"        2057";"          11";39976,2421875;122,4434738;30,5818214;6,5759463;14,5370464;5,6008344;12,9682865;2057-11-01
"636";"        2057";"          12";39929,0351562;122,3423462;30,5486374;6,5706964;14,5330324;5,5959668;12,9582787;2057-12-01
"637";"        2058";"           1";39841,1367188;122,1496277;30,4506416;6,5474319;14,4577942;5,5749216;12,9389515;2058-01-01
"638";"        2058";"           2";39756,8945312;121,9651871;30,3622761;6,5271726;14,3958998;5,556572;12,9204865;2058-02-01
"639";"        2058";"           3";39672,8984375;121,7809677;30,2748775;6,5072112;14,3353834;5,538496;12,9020405;2058-03-01
"640";"        2058";"           4";39574,3867188;121,5629044;30,1587734;6,4787154;14,2388544;5,512785;12,8801079;2058-04-01
"641";"        2058";"           5";39472,6132812;121,3394852;30,0529327;6,4545684;14,1662788;5,4915619;12,8576536;2058-05-01
"642";"        2058";"           6";39338,3359375;121,0432663;29,9019299;6,4184031;14,0486088;5,4594965;12,827817;2058-06-01
"643";"        2058";"           7";39344,4335938;121,06073;29,934206;6,4294672;14,1016693;5,4697757;12,8296661;2058-07-01
"644";"        2058";"           8";39288,6328125;120,9411011;29,8936539;6,4225755;14,0941544;5,4640193;12,8177309;2058-08-01
"645";"        2058";"           9";39174,7773438;120,6971664;29,8108807;6,4083734;14,0781565;5,4520855;12,793478;2058-09-01
"646";"        2058";"          10";39234,9765625;120,8685379;30,1124916;6,5102077;14,5657158;5,5460014;12,8122177;2058-10-01
"647";"        2058";"          11";39210,8046875;120,828476;30,1647453;6,5324755;14,6915197;5,5667448;12,8089085;2058-11-01
"648";"        2058";"          12";39145,1796875;120,6836243;30,1039925;6,5197573;14,6590624;5,5550704;12,7945395;2058-12-01
"649";"        2059";"           1";39076,9726562;120,5315704;30,0302467;6,5026135;14,6057787;5,5394888;12,779356;2059-01-01
"650";"        2059";"           2";39017,890625;120,4004593;29,9740429;6,4905806;14,5736732;5,5284796;12,766324;2059-02-01
"651";"        2059";"           3";38942,203125;120,2315598;29,8948193;6,4724822;14,5191603;5,5120201;12,7494736;2059-03-01
"652";"        2059";"           4";38858,0078125;120,0419922;29,7943554;6,4477735;14,4356833;5,4896865;12,730444;2059-04-01
"653";"        2059";"           5";38767,5039062;119,8398209;29,7000446;6,4263177;14,371974;5,4708056;12,7102261;2059-05-01
"654";"        2059";"           6";38688,3085938;119,6630096;29,6202812;6,4085588;14,3213463;5,4552212;12,6925812;2059-06-01
"655";"        2059";"           7";38640,8710938;119,5578079;29,5778484;6,3998442;14,3007479;5,4476495;12,6821098;2059-07-01
"656";"        2059";"           8";38673,4921875;119,6373367;29,6604004;6,4254289;14,4134493;5,4709826;12,6904345;2059-08-01
"657";"        2059";"           9";38638,5585938;119,5676575;29,6844635;6,4392052;14,5001993;5,484005;12,6839657;2059-09-01
"658";"        2059";"          10";38704,0859375;119,749382;30,0000782;6,545022;15,0018797;5,5808029;12,7041788;2059-10-01
"659";"        2059";"          11";38686,625;119,7224884;30,06143;6,5696149;15,135499;5,6033893;12,7023621;2059-11-01
"660";"        2059";"          12";38640,125;119,6188736;30,025074;6,563139;15,1255207;5,5972519;12,6922197;2059-12-01
"661";"        2060";"           1";38577,3320312;119,4768448;29,9549904;6,546669;15,0737267;5,5822301;12,6780901;2060-01-01
"662";"        2060";"           2";38511,8164062;119,3288116;29,8855381;6,5308151;15,0262728;5,567728;12,6634007;2060-02-01
"663";"        2060";"           3";38446,1953125;119,1803818;29,8165054;6,5151153;14,9796257;5,5533652;12,6486683;2060-03-01
"664";"        2060";"           4";38342,2734375;118,9428177;29,6815434;6,4807892;14,8587503;5,5223737;12,6248178;2060-04-01
"665";"        2060";"           5";38237,59375;118,7049866;29,5609379;6,451889;14,7656889;5,4967446;12,601038;2060-05-01
"666";"        2060";"           6";38112,7539062;118,4204102;29,4097347;6,4146447;14,6407013;5,4636045;12,5725212;2060-06-01
"667";"        2060";"           7";38091,25;118,3733978;29,403038;6,4153113;14,6546602;5,4644008;12,5679798;2060-07-01
"668";"        2060";"           8";38117,2890625;118,4380493;29,4783535;6,4390645;14,7606993;5,4859719;12,5748739;2060-08-01
"669";"        2060";"           9";38182,6953125;118,5986404;29,6510887;6,4926167;14,9964666;5,534503;12,5918646;2060-09-01
"670";"        2060";"          10";38250,8242188;118,7855682;29,9762516;6,6010761;15,5075064;5,633019;12,6130514;2060-10-01
"671";"        2060";"          11";38222,3125;118,731842;30,0194607;6,6205988;15,6210346;5,6508279;12,6087179;2060-11-01
"672";"        2060";"          12";38166,59375;118,6053314;29,9659672;6,6092381;15,5917788;5,6402459;12,5963306;2060-12-01
