"";"Month";"Year";"Dry weight";"N";"Ca";"Mg";"K";"S";"P";"Date"
"1";1;2005;143134,515625;108,7733612;115,6146622;16,4484959;75,0492783;9,5926065;16,3809338;2005-01-01
"2";2;2005;143202,984375;108,8239746;115,6682053;16,456068;75,0847321;9,5971594;16,3886509;2005-02-01
"3";3;2005;143339,9375;108,9251938;115,7753677;16,4712162;75,1556091;9,606267;16,4040833;2005-03-01
"4";4;2005;145051,765625;110,1905365;117,1146469;16,6605473;76,0416183;9,7201214;16,5969944;2005-04-01
"5";5;2005;148475,4375;112,7212067;119,7932358;17,0392132;77,813652;9,9478292;16,9828205;2005-05-01
"6";6;2005;150666,59375;114,3408356;121,507515;17,281559;78,9477463;10,0935602;17,2297497;2005-06-01
"7";7;2005;152857,75;115,9604645;123,2218094;17,5239029;80,0818405;10,2392921;17,4766788;2005-07-01
"8";8;2005;154775,015625;117,3776398;124,721817;17,7359543;81,0741806;10,3668089;17,6927395;2005-08-01
"9";9;2005;156555,328125;118,6936035;126,1146774;17,9328575;81,9956284;10,4852161;17,8933697;2005-09-01
"10";10;2005;156623,796875;118,7442017;126,1682434;17,9404354;82,0310822;10,4897699;17,9010849;2005-10-01
"11";11;2005;156692,28125;118,7948151;126,2218094;17,9480076;82,0665207;10,4943247;17,908802;2005-11-01
"12";12;2005;156760,75;118,8454285;126,2753906;17,9555817;82,1019669;10,4988785;17,9165192;2005-12-01
"13";1;2006;156831,796875;118,8964844;126,3299103;17,963232;82,1377792;10,5035124;17,9224472;2006-01-01
"14";2;2006;156902,84375;118,9475403;126,3844147;17,9708862;82,173584;10,5081463;17,9283676;2006-02-01
"15";3;2006;157003,265625;119,0223312;126,4637451;17,9821224;82,2129974;10,5148325;17,937582;2006-03-01
"16";4;2006;157432,0625;119,4157028;126,8667221;18,0296402;82,3512573;10,5472546;17,9723587;2006-04-01
"17";5;2006;160577,265625;121,7015152;128,6629486;18,2838459;83,6089249;10,7537155;18,212471;2006-05-01
"18";6;2006;162850,90625;123,335289;130,2622375;18,5287609;84,7217484;10,9019899;18,2893543;2006-06-01
"19";7;2006;165124,546875;124,9690628;131,869339;18,7736797;85,8475494;11,0502634;18,3495922;2006-07-01
"20";8;2006;167113,984375;126,398613;133,3957367;18,9879837;86,8502274;11,1800041;18,4235115;2006-08-01
"21";9;2006;168961,3125;127,7260513;134,8131256;19,1869774;87,7812729;11,3004761;18,5197868;2006-09-01
"22";10;2006;168976,21875;127,740303;134,8200684;19,1887245;87,7844315;11,3016338;18,5219021;2006-10-01
"23";11;2006;168979,046875;127,7461014;134,8200684;19,1887226;87,7838287;11,3020306;18,5223255;2006-11-01
"24";12;2006;168982,90625;127,7464066;134,8200684;19,1887245;87,7836609;11,3020363;18,522377;2006-12-01
"25";1;2007;168986,53125;127,7465515;134,8200684;19,1887245;87,7836227;11,3020391;18,522398;2007-01-01
"26";2;2007;168990,171875;127,7467117;134,8200684;19,1887245;87,7835922;11,3020458;18,5224266;2007-02-01
"27";3;2007;168997,421875;127,7470474;134,8200684;19,1887245;87,7835388;11,3020782;18,522501;2007-03-01
"28";4;2007;169150,90625;127,7657852;134,8288422;19,1896954;87,8088913;11,304327;18,5251732;2007-04-01
"29";5;2007;170715,4375;128,5813599;135,3619995;19,2575035;88,099823;11,3562002;18,5785694;2007-05-01
"30";6;2007;172950,0625;129,8920898;136,9599152;19,4929008;89,2007446;11,4706488;18,6651592;2007-06-01
"31";7;2007;175223,6875;131,1959991;138,5921936;19,7320557;90,3196259;11,6163464;18,7240505;2007-07-01
"32";8;2007;177213,125;132,4758453;140,0921478;19,9413166;91,298645;11,7433023;18,7962933;2007-08-01
"33";9;2007;179060,46875;133,7279968;141,4849548;20,1356297;92,2077484;11,8558331;18,8797874;2007-09-01
"34";10;2007;179091,5625;133,7519684;141,4945374;20,1392498;92,2177963;11,857316;18,8834057;2007-10-01
"35";11;2007;179094,09375;133,753479;141,4945374;20,1393013;92,2173233;11,8573313;18,8837185;2007-11-01
"36";12;2007;179097,421875;133,7537537;141,4945374;20,1393013;92,2171631;11,857336;18,8837624;2007-12-01
"37";1;2008;179100,921875;133,7538757;141,4945374;20,1393013;92,2171402;11,8573399;18,8837833;2008-01-01
"38";2;2008;179104,453125;133,7540436;141,4945374;20,1393013;92,2171097;11,8573475;18,883812;2008-02-01
"39";3;2008;179111,484375;133,754364;141,4945374;20,1393013;92,2170563;11,8573809;18,8838844;2008-03-01
"40";4;2008;179267,375;133,773941;141,5037384;20,1403179;92,2439117;11,859767;18,8866673;2008-04-01
"41";5;2008;181012,8125;134,6783905;142,125351;20,2207851;92,5904236;11,922452;18,9498978;2008-05-01
"42";6;2008;183318,71875;135,9668732;143,7848206;20,458971;93,7015152;12,0390406;19,0764389;2008-06-01
"43";7;2008;185297,5625;137,043396;145,2310791;20,6661434;94,6650162;12,1648064;19,127039;2008-07-01
"44";8;2008;186679,25;137,7833405;146,2889099;20,8142529;95,3502426;12,2537737;19,1822243;2008-08-01
"45";9;2008;187791,265625;138,3717041;147,1518707;20,9355717;95,9093857;12,3260851;19,2374744;2008-09-01
"46";10;2008;187824,03125;138,3962708;147,1657867;20,9392891;95,9237595;12,3276339;19,2411804;2008-10-01
"47";11;2008;187826,6875;138,3974762;147,1657867;20,9394035;95,9233856;12,3276482;19,2414474;2008-11-01
"48";12;2008;187829,921875;138,3977203;147,1657867;20,9394035;95,9232483;12,3276567;19,2414875;2008-12-01
"49";1;2009;187833,0625;138,3978424;147,1657867;20,9394035;95,9232101;12,3276596;19,2415066;2009-01-01
"50";2;2009;187836,265625;138,3979797;147,1657867;20,9394035;95,9231796;12,3276653;19,2415314;2009-02-01
"51";3;2009;187842,625;138,3982697;147,1657867;20,9394035;95,9231339;12,3276978;19,2415981;2009-03-01
"52";4;2009;187995,5625;138,4174957;147,1749115;20,9404125;95,9515686;12,330081;19,2443256;2009-04-01
"53";5;2009;189401,734375;139,118988;147,70961;21,0111618;96,2546005;12,3850327;19,2996349;2009-05-01
"54";6;2009;190896,625;139,9035187;148,8249817;21,1695805;96,9869995;12,4623804;19,3833256;2009-06-01
"55";7;2009;191676,1875;140,2845764;149,4556274;21,260704;97,3998032;12,5149784;19,403944;2009-07-01
"56";8;2009;192522,21875;140,7104645;150,1280212;21,3558578;97,8342514;12,5708122;19,4338093;2009-08-01
"57";9;2009;193546,78125;141,2407074;150,9182892;21,4666939;98,3444214;12,6369534;19,4815464;2009-09-01
"58";10;2009;193585,84375;141,268692;150,9380798;21,4709225;98,3637466;12,6388206;19,4857731;2009-10-01
"59";11;2009;193588,296875;141,269577;150,9380798;21,4710732;98,3634186;12,6388359;19,4859829;2009-11-01
"60";12;2009;193591,21875;141,2697906;150,9380798;21,4710732;98,3632812;12,6388426;19,4860172;2009-12-01
"61";1;2010;193594,125;141,2698975;150,9380798;21,4710732;98,3632431;12,6388454;19,4860344;2010-01-01
"62";2;2010;193597,09375;141,2700195;150,9380798;21,4710732;98,3632278;12,6388531;19,4860573;2010-02-01
"63";3;2010;193603;141,2702942;150,9380798;21,4710732;98,3631821;12,6388826;19,4861183;2010-03-01
"64";4;2010;193755,40625;141,2896881;150,9473267;21,4720955;98,3930588;12,6413288;19,4888763;2010-04-01
"65";5;2010;195238,359375;142,0261688;151,5340271;21,5512486;98,7333221;12,703867;19,5509701;2010-05-01
"66";6;2010;197190,03125;143,0520172;152,9693146;21,7497044;99,6552887;12,8037195;19,6566219;2010-06-01
"67";7;2010;198490,453125;143,7176361;153,9570923;21,8874931;100,2898102;12,8864365;19,7447968;2010-07-01
"68";8;2010;199327,109375;144,1335144;154,6136475;21,9799976;100,7120743;12,9409494;19,7737885;2010-08-01
"69";9;2010;200326,25;144,6425781;155,3765564;22,0865993;101,2022705;13,0047474;19,8223896;2010-09-01
"70";10;2010;200372,71875;144,674469;155,4042664;22,0914478;101,2246933;13,0069809;19,8272381;2010-10-01
"71";11;2010;200375,75;144,6751862;155,4042664;22,09165;101,2248459;13,0069971;19,8274307;2010-11-01
"72";12;2010;200378,40625;144,6753998;155,4042664;22,09165;101,2247009;13,0070038;19,8274612;2010-12-01
"73";1;2011;200381,09375;144,6755066;155,4042664;22,09165;101,2246552;13,0070057;19,8274803;2011-01-01
"74";2;2011;200383,84375;144,6756134;155,4042664;22,09165;101,2246323;13,0070143;19,8275013;2011-02-01
"75";3;2011;200389,3125;144,6759033;155,4042664;22,09165;101,2245865;13,0070448;19,8275604;2011-03-01
"76";4;2011;200542,1875;144,6958008;155,4137573;22,0926971;101,2561188;13,009594;19,8303852;2011-04-01
"77";5;2011;202181,640625;145,5067596;156,0941315;22,1869946;101,6636124;13,0858669;19,9045677;2011-05-01
"78";6;2011;204075,46875;146,4826202;157,4739532;22,3767357;102,5432129;13,1833487;20,0065231;2011-06-01
"79";7;2011;204942,5;146,9030609;158,1515198;22,4720097;102,9766159;13,2394257;20,0339241;2011-07-01
"80";8;2011;205771,65625;147,3091278;158,7926331;22,5618687;103,3864899;13,2926311;20,0630188;2011-08-01
"81";9;2011;206748,203125;147,7978821;159,5292664;22,6643105;103,8568726;13,354147;20,1017685;2011-09-01
"82";10;2011;206803,53125;147,8319244;159,5697479;22,6698837;103,8826904;13,3568048;20,1073437;2011-10-01
"83";11;2011;206809,28125;147,8327942;159,5715027;22,6702061;103,8832169;13,3568268;20,1075535;2011-11-01
"84";12;2011;206811,625;147,8331146;159,5715027;22,6702061;103,883049;13,3568363;20,1076069;2011-12-01
"85";1;2012;206814,1875;147,8332672;159,5715027;22,6702061;103,882988;13,356843;20,1076298;2012-01-01
"86";2;2012;206816,796875;147,8334351;159,5715027;22,6702061;103,8829575;13,3568516;20,1076565;2012-02-01
"87";3;2012;206821,96875;147,8337708;159,5715027;22,6702061;103,8829041;13,3568935;20,1077423;2012-03-01
"88";4;2012;206998,15625;147,8623199;159,5843048;22,6716766;103,9239578;13,360611;20,111742;2012-04-01
"89";5;2012;210206,953125;149,508194;161,1938019;22,9357605;105,0941696;13,5555754;20,3444805;2012-05-01
"90";6;2012;211948,359375;150,3944092;162,4610901;23,1098804;105,899498;13,6621542;20,4385338;2012-06-01
"91";7;2012;212804,703125;150,8067932;163,1257172;23,2031021;106,3233109;13,7171383;20,469347;2012-07-01
"92";8;2012;213618,140625;151,2019196;163,750946;23,2905293;106,721817;13,7689867;20,4976273;2012-08-01
"93";9;2012;214563,25;151,6704712;164,4607391;23,3890591;107,173645;13,8281937;20,5332928;2012-09-01
"94";10;2012;214637,421875;151,7121277;164,5138092;23,3963108;107,2073288;13,8326769;20,5405426;2012-10-01
"95";11;2012;214644,140625;151,7129974;164,5145264;23,3967037;107,2081146;13,8328781;20,5407467;2012-11-01
"96";12;2012;214646,484375;151,7134705;164,5145264;23,3967037;107,2079926;13,8328905;20,540823;2012-12-01
"97";1;2013;214648,671875;151,713623;164,5145264;23,3967037;107,2079391;13,8328972;20,5408459;2013-01-01
"98";2;2013;214650,9375;151,7137909;164,5145264;23,3967037;107,2078934;13,8329077;20,5408783;2013-02-01
"99";3;2013;214655,4375;151,7141418;164,5145264;23,3967037;107,2078247;13,8329525;20,5409603;2013-03-01
"100";4;2013;214840,34375;151,7466278;164,5287323;23,3983593;107,2545471;13,8372602;20,5454903;2013-04-01
"101";5;2013;218195,234375;153,4088287;166,4243011;23,6872997;108,5381317;14,0388355;20,8021107;2013-05-01
"102";6;2013;219852,40625;154,240387;167,6201172;23,8510685;109,2956848;14,1394215;20,8806038;2013-06-01
"103";7;2013;220700,5;154,6466217;168,2670593;23,9412861;109,706871;14,1930733;20,9070721;2013-07-01
"104";8;2013;221501,0625;155,0328217;168,872757;24,0255413;110,0916824;14,2434082;20,935936;2013-08-01
"105";9;2013;222491,6875;155,5213928;169,6029816;24,126255;110,5548706;14,304491;20,985075;2013-09-01
"106";10;2013;222565,65625;155,5600281;169,6553802;24,1333904;110,5880356;14,3089218;20,9922028;2013-10-01
"107";11;2013;222578,34375;155,5654755;169,657486;24,1340485;110,5896072;14,3090467;20,992466;2013-11-01
"108";12;2013;222580,65625;155,5659637;169,657486;24,1340485;110,589592;14,3090639;20,992548;2013-12-01
"109";1;2014;222582,6875;155,5661469;169,6574554;24,1340485;110,5895233;14,3090696;20,9925766;2014-01-01
"110";2;2014;222584,828125;155,5663147;169,6574554;24,1340485;110,5894775;14,309082;20,9926147;2014-02-01
"111";3;2014;222589,0625;155,5667114;169,6574554;24,1340485;110,589386;14,3091335;20,9927063;2014-03-01
"112";4;2014;222789,6875;155,6057129;169,6738739;24,1360016;110,6424637;14,3143511;20,9980984;2014-04-01
"113";5;2014;226174,03125;157,3409729;171,5775909;24,4292755;111,9459;14,5164814;21,2573605;2014-05-01
"114";6;2014;227593,515625;158,0428009;172,6058197;24,5702229;112,5959396;14,6027298;21,3344021;2014-06-01
"115";7;2014;228337,359375;158,392807;173,1771088;24,6500435;112,9584656;14,64995;21,356329;2014-07-01
"116";8;2014;229126,96875;158,7713013;173,7708435;24,7324429;113,3347092;14,6992836;21,3831558;2014-08-01
"117";9;2014;230023,5;159,2077942;174,4326172;24,8237247;113,7535934;14,7545252;21,4193592;2014-09-01
"118";10;2014;230095,09375;159,2438965;174,4831543;24,8305969;113,7854919;14,7587929;21,4262123;2014-10-01
"119";11;2014;230107,125;159,2490082;174,4856415;24,8312664;113,7872086;14,7589397;21,4264317;2014-11-01
"120";12;2014;230109,359375;159,2494812;174,4856415;24,8312664;113,7872162;14,758955;21,4265041;2014-12-01
"121";1;2015;230111,3125;159,249649;174,4856415;24,8312664;113,7871552;14,7589617;21,4265347;2015-01-01
"122";2;2015;230113,34375;159,2498016;174,4856415;24,8312683;113,7871017;14,7589722;21,4265652;2015-02-01
"123";3;2015;230117,34375;159,2501526;174,4856415;24,8312683;113,7870331;14,7590208;21,4266567;2015-03-01
"124";4;2015;230316,375;159,2882385;174,5018158;24,8331852;113,8400345;14,7641706;21,4319286;2015-04-01
"125";5;2015;233730,546875;161,0414734;176,4136047;25,1308556;115,1636963;14,9668617;21,6939297;2015-05-01
"126";6;2015;234614,96875;161,4624786;177,0747833;25,2224102;115,5816193;15,0217838;21,7181797;2015-06-01
"127";7;2015;235352,09375;161,8075256;177,636673;25,300705;115,937294;15,0682364;21,7357235;2015-07-01
"128";8;2015;236131,3125;162,1786804;178,2187958;25,3812962;116,3052292;15,1166019;21,7605972;2015-08-01
"129";9;2015;237005,9375;162,6012421;178,8611603;25,4697361;116,7108002;15,1702003;21,7946301;2015-09-01
"130";10;2015;237072,640625;162,6345367;178,9081726;25,4761143;116,740387;15,1741629;21,8007946;2015-10-01
"131";11;2015;237084,046875;162,6393585;178,9109802;25,4767933;116,7422333;15,1743269;21,8009739;2015-11-01
"132";12;2015;237086,171875;162,6397705;178,9109802;25,4767933;116,7422409;15,1743422;21,8010426;2015-12-01
"133";1;2016;237088,109375;162,6399231;178,9109802;25,4767933;116,7421722;15,1743488;21,8010712;2016-01-01
"134";2;2016;237090,125;162,6400909;178,9109802;25,4767933;116,7421188;15,1743612;21,8011036;2016-02-01
"135";3;2016;237094,140625;162,6404724;178,9109802;25,4767933;116,7420273;15,1744146;21,8011932;2016-03-01
"136";4;2016;237298,125;162,680542;178,9278412;25,4788055;116,7968674;15,1798487;21,8067265;2016-04-01
"137";5;2016;240721,1875;164,4817505;180,8447571;25,7784748;118,129921;15,38305;22,0694466;2016-05-01
"138";6;2016;241596,890625;164,8982849;181,500061;25,8692474;118,5441742;15,4374695;22,0937805;2016-06-01
"139";7;2016;242326,859375;165,2396393;182,0570984;25,9468975;118,8967819;15,48351;22,1147575;2016-07-01
"140";8;2016;243094,546875;165,6048279;182,631485;26,0264473;119,2598572;15,5312119;22,1398849;2016-08-01
"141";9;2016;243947,359375;166,0161438;183,25914;26,1129227;119,6561966;15,5835562;22,172781;2016-09-01
"142";10;2016;244012,09375;166,0484161;183,3047943;26,1191235;119,6849594;15,5874052;22,1786957;2016-10-01
"143";11;2016;244023,0625;166,0529785;183,3076019;26,1197929;119,6867905;15,5875692;22,1788635;2016-11-01
"144";12;2016;244025,1875;166,0533752;183,3076019;26,1197929;119,6867905;15,5875835;22,1789284;2016-12-01
"145";1;2017;244027,015625;166,0535278;183,3075867;26,1197929;119,6867294;15,5875902;22,1789532;2017-01-01
"146";2;2017;244028,90625;166,0536804;183,3075867;26,1197929;119,6866837;15,5876017;22,1789856;2017-02-01
"147";3;2017;244032,6875;166,0540314;183,3075867;26,1197929;119,6865845;15,5876522;22,1790695;2017-03-01
"148";4;2017;244236,796875;166,093338;183,3243103;26,1217804;119,7416534;15,5930386;22,1845074;2017-04-01
"149";5;2017;247726,34375;167,8883667;185,2637024;26,4272308;121,1000671;15,7981567;22,4513588;2017-05-01
"150";6;2017;249058,1875;168,5321655;186,2179108;26,5574169;121,6988907;15,8780079;22,4996643;2017-06-01
"151";7;2017;249891,6875;168,9228058;186,8382263;26,6431389;122,0893326;15,9294319;22,5200062;2017-07-01
"152";8;2017;250658,578125;169,2837372;187,4062042;26,7215004;122,4466858;15,976573;22,5446377;2017-08-01
"153";9;2017;251502,125;169,6856232;188,0216522;26,8059921;122,8334732;16,0278435;22,5769558;2017-09-01
"154";10;2017;251562,625;169,7153625;188,0641479;26,8117428;122,8600769;16,0314159;22,5820808;2017-10-01
"155";11;2017;251573,1875;169,7196808;188,0673218;26,8124237;122,8620148;16,0315914;22,5822353;2017-11-01
"156";12;2017;251575,1875;169,7200623;188,0673218;26,8124237;122,8620377;16,0316048;22,5822945;2017-12-01
"157";1;2018;251576,9375;169,7201996;188,0673218;26,8124237;122,8619614;16,0316124;22,5823174;2018-01-01
"158";2;2018;251578,71875;169,7203369;188,0673218;26,8124237;122,8619232;16,0316238;22,582346;2018-02-01
"159";3;2018;251582,3125;169,7206268;188,0673218;26,8124237;122,8618393;16,0316696;22,5824261;2018-03-01
"160";4;2018;251782,5625;169,7586517;188,0835724;26,8143501;122,9162674;16,0369148;22,5876751;2018-04-01
"161";5;2018;254037,734375;170,8504333;189,2942657;27,0191956;123,8230438;16,171133;22,7654152;2018-05-01
"162";6;2018;255295,625;171,4554291;190,1947937;27,1420116;124,3877869;16,2464676;22,8011742;2018-06-01
"163";7;2018;256118,125;171,8403473;190,8038177;27,2260284;124,7707214;16,2969971;22,8205547;2018-07-01
"164";8;2018;256871,25;172,1940765;191,3591156;27,3025246;125,1197815;16,3431149;22,8449001;2018-08-01
"165";9;2018;257691,59375;172,583725;191,95578;27,3843403;125,4944382;16,3928337;22,8759117;2018-09-01
"166";10;2018;257748,40625;172,6114807;191,9956055;27,3897362;125,519371;16,3961849;22,880537;2018-10-01
"167";11;2018;257758,40625;172,6155548;191,9989166;27,3904076;125,5213699;16,3963737;22,8806801;2018-11-01
"168";12;2018;257760,3125;172,6159058;191,9989166;27,3904076;125,5213928;16,3963852;22,8807354;2018-12-01
"169";1;2019;257762,015625;172,6160431;191,9989166;27,3904076;125,5213013;16,3963928;22,8807602;2019-01-01
"170";2;2019;257763,78125;172,6161804;191,9989166;27,3904076;125,5212708;16,3964043;22,8807888;2019-02-01
"171";3;2019;257767,359375;172,6165009;191,9989166;27,3904076;125,5211792;16,3964558;22,8808708;2019-03-01
"172";4;2019;257973,71875;172,6566162;192,0159607;27,3924389;125,5773773;16,4020119;22,8864021;2019-04-01
"173";5;2019;261490,4375;174,3614349;193,9589081;27,7037163;126,962883;16,6070461;23,1564636;2019-05-01
"174";6;2019;262301,34375;174,7378387;194,5581665;27,7862968;127,3386154;16,6566811;23,1842117;2019-06-01
"175";7;2019;263021,25;175,0685577;195,0967712;27,8608189;127,6766434;16,7011604;23,2012844;2019-07-01
"176";8;2019;263770,28125;175,4176941;195,6474457;27,936573;128,021759;16,7468262;23,2247219;2019-08-01
"177";9;2019;264449,40625;175,7336884;196,1478577;28,0054646;128,335434;16,7883034;23,2469311;2019-09-01
"178";10;2019;264505;175,7606201;196,1867676;28,0107193;128,359726;16,7915707;23,2512817;2019-10-01
"179";11;2019;264514,71875;175,7645416;196,1902008;28,0114002;128,3617706;16,7917652;23,2514153;2019-11-01
"180";12;2019;264516,59375;175,7648621;196,1902008;28,0114002;128,3617706;16,7917767;23,2514687;2019-12-01
"181";1;2020;264518,09375;175,7649689;196,1902008;28,0114002;128,3617096;16,7917824;23,2514915;2020-01-01
"182";2;2020;264519,65625;175,7651062;196,1902008;28,0114002;128,3616486;16,7917938;23,2515182;2020-02-01
"183";3;2020;264522,78125;175,7653809;196,1902008;28,0114002;128,3615723;16,7918358;23,2515888;2020-03-01
"184";4;2020;264720,375;175,8002625;196,2062073;28,0132923;128,4161987;16,7970695;23,2567329;2020-04-01
"185";5;2020;268206,96875;177,5010834;198,1248016;28,3268013;129,8135681;16,9994202;23,5275993;2020-05-01
"186";6;2020;269447,78125;178,0914612;199,0028839;28,4460106;130,3616638;17,0728779;23,5941277;2020-06-01
"187";7;2020;270150,5625;178,4142151;199,5226593;28,5176487;130,6873169;17,1158943;23,6111774;2020-07-01
"188";8;2020;270881,21875;178,7542267;200,0545502;28,5905666;131,0201263;17,1600838;23,6368923;2020-08-01
"189";9;2020;271662,625;179,121109;200,6169586;28,6673717;131,3716888;17,2069378;23,6660995;2020-09-01
"190";10;2020;271714,40625;179,1460266;200,6530609;28,6722469;131,3942108;17,2099705;23,6700287;2020-10-01
"191";11;2020;271723,40625;179,1496735;200,6566315;28,6729069;131,3962708;17,2101803;23,670145;2020-11-01
"192";12;2020;271725,0625;179,1499634;200,6566315;28,6729069;131,3963013;17,2101898;23,6701908;2020-12-01
"193";1;2021;271726,4375;179,1500702;200,6566315;28,6729069;131,396225;17,2101955;23,6702099;2021-01-01
"194";2;2021;271727,90625;179,1501923;200,6566315;28,6729069;131,3961945;17,210207;23,6702347;2021-02-01
"195";3;2021;271730,8125;179,1504669;200,6566315;28,672905;131,3961182;17,2102489;23,6703033;2021-03-01
"196";4;2021;271925,4375;179,1864471;200,6725159;28,6748028;131,4506836;17,2155228;23,6754436;2021-04-01
"197";5;2021;275340,25;180,8900146;202,5522614;28,9877834;132,8481445;17,4137897;23,9448051;2021-05-01
"198";6;2021;276727,21875;181,5546875;203,5252991;29,1195011;133,4555817;17,4954243;24,0190468;2021-06-01
"199";7;2021;277409,125;181,8687897;204,028244;29,1887684;133,7709045;17,5371037;24,0357304;2021-07-01
"200";8;2021;278117,625;182,1992493;204,542923;29,2592793;134,0931396;17,5799122;24,0593777;2021-08-01
"201";9;2021;278869,28125;182,5527039;205,0833282;29,3330593;134,4312134;17,6249714;24,0881538;2021-09-01
"202";10;2021;278917,625;182,5759735;205,1170349;29,337616;134,4522552;17,6278057;24,0917339;2021-10-01
"203";11;2021;278926;182,579361;205,1206207;29,3382587;134,4543457;17,6280212;24,0918407;2021-11-01
"204";12;2021;278927,5625;182,5796356;205,1206207;29,3382587;134,454361;17,6280308;24,0918808;2021-12-01
"205";1;2022;278929,09375;182,5797272;205,1206207;29,3382587;134,4542999;17,6280365;24,0919018;2022-01-01
"206";2;2022;278930,6875;182,5798645;205,1206207;29,3382587;134,4542542;17,6280499;24,0919266;2022-02-01
"207";3;2022;278933,8125;182,5801239;205,1206207;29,3382587;134,4541779;17,6280899;24,0919991;2022-03-01
"208";4;2022;279127,03125;182,6164398;205,1362457;29,3401222;134,5070648;17,6332054;24,0970001;2022-04-01
"209";5;2022;282564,40625;184,2787933;206,992691;29,6553459;135,9143219;17,831995;24,367672;2022-05-01
"210";6;2022;284449,75;185,1867676;208,2962952;29,8308086;136,7245178;17,9414978;24,4666367;2022-06-01
"211";7;2022;285676,375;185,7681885;209,1625977;29,9482918;137,2639618;18,0138836;24,5488052;2022-07-01
"212";8;2022;286386,1875;186,0967255;209,6792145;30,0190945;137,5865479;18,056736;24,5714512;2022-08-01
"213";9;2022;287134,15625;186,4458313;210,2179871;30,0926647;137,9226532;18,1015396;24,6013126;2022-09-01
"214";10;2022;287181,59375;186,4685211;210,2510986;30,0971394;137,9432373;18,1043148;24,604784;2022-10-01
"215";11;2022;287189,9375;186,4718323;210,2547607;30,0978031;137,9453888;18,1045322;24,6048927;2022-11-01
"216";12;2022;287191,625;186,4720764;210,2547607;30,0978031;137,9454041;18,1045437;24,6049366;2022-12-01
"217";1;2023;287192,875;186,4722137;210,2547607;30,0978031;137,945343;18,1045475;24,6049519;2023-01-01
"218";2;2023;287194,21875;186,4723053;210,2547607;30,0978031;137,945282;18,1045589;24,6049747;2023-02-01
"219";3;2023;287196,90625;186,4725494;210,2547607;30,0978031;137,9452057;18,104599;24,6050396;2023-03-01
"220";4;2023;287390,59375;186,5071259;210,270401;30,0996532;137,9997101;18,1097851;24,6100407;2023-04-01
"221";5;2023;290594,25;188,0426788;212,0100708;30,3941784;139,3180695;18,2945328;24,8568611;2023-05-01
"222";6;2023;292071,6875;188,7444763;213,0351868;30,5323143;139,9550018;18,3805275;24,935133;2023-06-01
"223";7;2023;292752,46875;189,0555267;213,5318146;30,60042;140,2649841;18,4216805;24,9554405;2023-07-01
"224";8;2023;293456,0625;189,3805847;214,0379486;30,6694965;140,5805054;18,4637623;24,9783936;2023-08-01
"225";9;2023;294192,90625;189,7233887;214,5633087;30,7409782;140,9077606;18,5075378;25,0029373;2023-09-01
"226";10;2023;294238,46875;189,7450104;214,5949707;30,745245;140,9274292;18,5101929;25,0061417;2023-10-01
"227";11;2023;294246,40625;189,7482147;214,5986481;30,7458801;140,9294891;18,5104065;25,006237;2023-11-01
"228";12;2023;294247,875;189,7484283;214,5986481;30,7458801;140,9295197;18,510416;25,0062771;2023-12-01
"229";1;2024;294249,125;189,7485657;214,5986481;30,7458801;140,9294434;18,5104218;25,0062923;2024-01-01
"230";2;2024;294250,46875;189,748642;214,5986481;30,7458801;140,9294128;18,5104313;25,0063152;2024-02-01
"231";3;2024;294253,15625;189,7488708;214,5986481;30,7458801;140,9293213;18,5104733;25,0063744;2024-03-01
"232";4;2024;294445,03125;189,7835999;214,61409;30,7477112;140,9828644;18,5156002;25,0113087;2024-04-01
"233";5;2024;297902,34375;191,4782104;216,4990387;31,0628586;142,4150696;18,7136593;25,2854099;2024-05-01
"234";6;2024;299559,6875;192,2637177;217,6394806;31,216013;143,121109;18,8093204;25,3727818;2024-06-01
"235";7;2024;300335,5625;192,619339;218,1973419;31,2921085;143,4679718;18,8556156;25,3993015;2024-07-01
"236";8;2024;301032,25;192,939209;218,6972961;31,3602581;143,7787628;18,8971252;25,4229641;2024-08-01
"237";9;2024;301756,9375;193,2741394;219,2128754;31,4303284;144,098999;18,9400234;25,4469471;2024-09-01
"238";10;2024;301801,125;193,2949982;219,2434998;31,434454;144,1179657;18,9425888;25,450079;2024-10-01
"239";11;2024;301808,84375;193,2980499;219,2472992;31,4351063;144,1200867;18,9428139;25,4501686;2024-11-01
"240";12;2024;301810,3125;193,2982635;219,2472992;31,4351063;144,1201324;18,9428234;25,4502087;2024-12-01
"241";1;2025;301811,5625;193,2983551;219,2472992;31,4351063;144,1200562;18,9428291;25,4502239;2025-01-01
"242";2;2025;301812,875;193,2984619;219,2472992;31,4351063;144,1200256;18,9428387;25,4502468;2025-02-01
"243";3;2025;301815,5625;193,2986755;219,2472992;31,4351063;144,1199188;18,9428768;25,4503098;2025-03-01
"244";4;2025;302009;193,3347168;219,2628784;31,4369526;144,174057;18,9480457;25,4552746;2025-04-01
"245";5;2025;305490,78125;195,0686035;221,161911;31,754734;145,6117706;19,1477642;25,7302704;2025-05-01
"246";6;2025;307077,09375;195,8204346;222,2565613;31,9018955;146,2901917;19,2395725;25,8025169;2025-06-01
"247";7;2025;307854,28125;196,1771545;222,8158417;31,9782181;146,6381989;19,2860031;25,8254566;2025-07-01
"248";8;2025;308549,75;196,4968719;223,3154144;32,0463486;146,9490356;19,3274975;25,8490734;2025-08-01
"249";9;2025;31714,2695312;20,050787;22,9367046;3,2865944;15,0707073;1,9832534;2,6230543;2025-09-01
"250";10;2025;31724,4824219;20,0550594;22,9448643;3,2877469;15,0758343;1,9839146;2,6233282;2025-10-01
"251";11;2025;31734,078125;20,0590363;22,9526215;3,2888455;15,0807114;1,9845418;2,623507;2025-11-01
"252";12;2025;31747,6191406;20,0649376;22,9629936;3,2902899;15,0871992;1,9853903;2,6237411;2025-12-01
"253";1;2026;31751,3183594;20,06633;22,9650097;3,2905269;15,0881596;1,9855441;2,6239336;2026-01-01
"254";2;2026;31755,0175781;20,0677261;22,9670258;3,2907634;15,0891209;1,9856976;2,6241264;2026-02-01
"255";3;2026;31762,4140625;20,0705185;22,9710598;3,2912359;15,0910416;1,9860045;2,6245124;2026-03-01
"256";4;2026;31854,8710938;20,105402;23,0214844;3,297148;15,1150379;1,9898438;2,6293328;2026-04-01
"257";5;2026;32039,7832031;20,1751766;23,1223278;3,3089726;15,1630287;1,9975222;2,6389732;2026-05-01
"258";6;2026;32158,125;20,2198296;23,1868706;3,3165402;15,1937437;2,0024364;2,6451433;2026-06-01
"259";7;2026;32276,46875;20,2644844;23,2514133;3,3241072;15,2244606;2,0073507;2,6513133;2026-07-01
"260";8;2026;32380,0195312;20,3035564;23,307888;3,330729;15,2513361;2,0116506;2,6567123;2026-08-01
"261";9;2026;32476,1738281;20,3398399;23,3603287;3,3368776;15,2762928;2,0156431;2,6617253;2026-09-01
"262";10;2026;32479,875;20,3412361;23,3623466;3,3371146;15,2772503;2,0157969;2,6619182;2026-10-01
"263";11;2026;32483,5742188;20,3426323;23,3643627;3,3373511;15,2782116;2,0159504;2,6621108;2026-11-01
"264";12;2026;32487,2695312;20,3440266;23,3663788;3,3375876;15,2791729;2,0161037;2,6623039;2026-12-01
"265";1;2027;32490,9726562;20,3454227;23,3683949;3,3378236;15,2801323;2,0162578;2,6624966;2027-01-01
"266";2;2027;32494,6699219;20,346817;23,3704128;3,3380606;15,2810926;2,0164111;2,6626897;2027-02-01
"267";3;2027;32502,0664062;20,3496094;23,3744469;3,3385336;15,2830124;2,0167184;2,663075;2027-03-01
"268";4;2027;32594,5214844;20,3844986;23,4248695;3,3444457;15,3070087;2,0205574;2,6678956;2027-04-01
"269";5;2027;32779,4335938;20,4542694;23,5257187;3,3562696;15,3550014;2,0282359;2,677536;2027-05-01
"270";6;2027;32897,7773438;20,4989243;23,5902576;3,363837;15,3857155;2,03315;2,683706;2027-06-01
"271";7;2027;33016,125;20,5435772;23,6548004;3,3714046;15,4164305;2,0380642;2,6898761;2027-07-01
"272";8;2027;33119,671875;20,5826492;23,7112751;3,3780262;15,4433069;2,0423644;2,6952751;2027-08-01
"273";9;2027;33215,828125;20,6189308;23,7637138;3,3841748;15,4682617;2,0463569;2,7002881;2027-09-01
"274";10;2027;33219,5273438;20,6203289;23,7657318;3,3844118;15,469223;2,0465105;2,7004809;2027-10-01
"275";11;2027;33223,2265625;20,6217213;23,7677479;3,3846483;15,4701834;2,046664;2,7006741;2027-11-01
"276";12;2027;33226,9257812;20,6231155;23,7697639;3,3848844;15,4711428;2,0468178;2,7008665;2027-12-01
"277";1;2028;33230,625;20,6245136;23,7717838;3,3851209;15,4721031;2,0469713;2,7010591;2028-01-01
"278";2;2028;33234,3203125;20,6259079;23,7737999;3,3853574;15,4730635;2,0471246;2,7012525;2028-02-01
"279";3;2028;33241,71875;20,6286983;23,7778339;3,3858309;15,4749842;2,0474319;2,7016377;2028-03-01
"280";4;2028;33334,1757812;20,6635838;23,8282528;3,3917429;15,4989805;2,051271;2,7064579;2028-04-01
"281";5;2028;33519,0859375;20,7333565;23,9291019;3,4035671;15,5469732;2,0589495;2,716099;2028-05-01
"282";6;2028;33637,4296875;20,7780094;23,9936447;3,4111342;15,5776882;2,0638635;2,7222688;2028-06-01
"283";7;2028;33755,7734375;20,8226643;24,0581875;3,4187019;15,6084013;2,0687776;2,7284386;2028-07-01
"284";8;2028;33859,328125;20,8617344;24,1146622;3,425324;15,6352787;2,0730777;2,7338376;2028-08-01
"285";9;2028;33955,4804688;20,898016;24,1671028;3,4314725;15,6602345;2,0770705;2,7388511;2028-09-01
"286";10;2028;33959,1796875;20,8994122;24,1691208;3,4317091;15,6611958;2,077224;2,7390435;2028-10-01
"287";11;2028;33962,8789062;20,9008083;24,1711369;3,4319451;15,6621542;2,0773776;2,7392366;2028-11-01
"288";12;2028;33966,578125;20,9022026;24,1731529;3,4321816;15,6631155;2,0775313;2,7394292;2028-12-01
"289";1;2029;33970,2773438;20,9035988;24,1751709;3,4324181;15,6640749;2,0776849;2,7396224;2029-01-01
"290";2;2029;33973,9765625;20,904995;24,177187;3,4326546;15,6650343;2,0778384;2,739815;2029-02-01
"291";3;2029;33981,3710938;20,9077854;24,1812229;3,4331279;15,666954;2,0781455;2,7402005;2029-03-01
"292";4;2029;34073,828125;20,9426708;24,2316418;3,4390402;15,6909513;2,081985;2,7450209;2029-04-01
"293";5;2029;34258,7421875;21,0124435;24,3324909;3,4508643;15,7389431;2,0896633;2,7546618;2029-05-01
"294";6;2029;34377,0859375;21,0570965;24,3970318;3,458432;15,76966;2,0945776;2,7608318;2029-06-01
"295";7;2029;34495,4257812;21,1017532;24,4615765;3,4659991;15,8003731;2,0994914;2,7670019;2029-07-01
"296";8;2029;34598,9765625;21,1408253;24,5180473;3,4726212;15,8272486;2,1037915;2,7724006;2029-08-01
"297";9;2029;34695,1328125;21,1771069;24,5704899;3,4787693;15,8522043;2,1077843;2,7774138;2029-09-01
"298";10;2029;34698,8320312;21,178503;24,572506;3,4790056;15,8531637;2,1079378;2,7776067;2029-10-01
"299";11;2029;34702,53125;21,1798954;24,574522;3,4792421;15,854125;2,1080911;2,7777996;2029-11-01
"300";12;2029;34706,2304688;21,1812935;24,5765419;3,4794786;15,8550844;2,1082449;2,7779927;2029-12-01
"301";1;2030;34709,9296875;21,1826878;24,5785599;3,4797153;15,8560448;2,1083984;2,7781856;2030-01-01
"302";2;2030;34713,6289062;21,184082;24,5805759;3,4799519;15,8570061;2,1085522;2,7783782;2030-02-01
"303";3;2030;34721,0234375;21,1868763;24,58461;3,4804244;15,8589258;2,1088593;2,7787635;2030-03-01
"304";4;2030;34813,4804688;21,2217617;24,6350346;3,4863367;15,8829203;2,1126986;2,7835844;2030-04-01
"305";5;2030;34998,390625;21,2915325;24,7358818;3,4981611;15,9309158;2,1203768;2,793225;2030-05-01
"306";6;2030;35116,734375;21,3361893;24,8004246;3,5057292;15,9616299;2,1252909;2,7993951;2030-06-01
"307";7;2030;35235,078125;21,3808384;24,8649635;3,5132964;15,9923439;2,1302052;2,8055651;2030-07-01
"308";8;2030;35338,6328125;21,4199123;24,921442;3,519918;16,0192223;2,134505;2,8109639;2030-08-01
"309";9;2030;35434,7851562;21,4561939;24,9738789;3,5260665;16,0441761;2,1384978;2,8159773;2030-09-01
"310";10;2030;35438,484375;21,4575901;24,9758968;3,5263031;16,0451355;2,1386514;2,8161697;2030-10-01
"311";11;2030;35442,1835938;21,4589863;24,9779148;3,5265396;16,0460968;2,1388049;2,8163626;2030-11-01
"312";12;2030;35445,8828125;21,4603806;24,9799328;3,5267766;16,0470562;2,1389585;2,8165557;2030-12-01
"313";1;2031;35464,375;21,4673595;24,990015;3,5279589;16,051857;2,1397262;2,8175197;2031-01-01
"314";2;2031;35482,8671875;21,4743366;25,0001011;3,5291414;16,0566559;2,1404941;2,8184838;2031-02-01
"315";3;2031;35519,8476562;21,4882908;25,0202694;3,5315065;16,0662537;2,1420298;2,8204119;2031-03-01
"316";4;2031;35982,1289062;21,6627216;25,2723866;3,5610669;16,1862335;2,1612258;2,8445137;2031-04-01
"317";5;2031;36906,6875;22,0115814;25,7766247;3,6201885;16,426199;2,1996176;2,8927171;2031-05-01
"318";6;2031;37498,4101562;22,234848;26,0993328;3,658026;16,5797749;2,2241886;2,9235675;2031-06-01
"319";7;2031;38090,1289062;22,4581203;26,4220428;3,695864;16,7333508;2,2487593;2,9544179;2031-07-01
"320";8;2031;38607,8867188;22,6534805;26,7044144;3,728972;16,8677292;2,2702587;2,9814122;2031-08-01
"321";9;2031;39088,65625;22,8348885;26,9666157;3,7597151;16,9925098;2,2902224;3,0064783;2031-09-01
"322";10;2031;39107,1445312;22,8418694;26,9767017;3,7608976;16,9973106;2,2909906;3,0074422;2031-10-01
"323";11;2031;39125,640625;22,8488445;26,9867878;3,7620804;17,0021076;2,2917583;3,0084062;2031-11-01
"324";12;2031;39144,1328125;22,8558235;26,9968681;3,763263;17,0069084;2,2925262;3,0093703;2031-12-01
"325";1;2032;39171,4765625;22,8676071;27,0128708;3,7652183;17,0149593;2,2937524;3,0110221;2032-01-01
"326";2;2032;39198,8203125;22,8793888;27,0288734;3,7671733;17,0230141;2,2949789;3,0126739;2032-02-01
"327";3;2032;39253,5117188;22,9029541;27,0608768;3,7710843;17,0391178;2,2974317;3,0159774;2032-03-01
"328";4;2032;39937,125;23,1975193;27,4609299;3,8199708;17,2404423;2,3280923;3,0572727;2032-04-01
"329";5;2032;41304,3554688;23,7866478;28,2610321;3,9177437;17,6430817;2,3894131;3,1398623;2032-05-01
"330";6;2032;42179,3828125;24,1636925;28,7730961;3,9803185;17,9007702;2,4286585;3,1927202;2032-06-01
"331";7;2032;43054,4101562;24,5407372;29,285162;4,0428934;18,1584606;2,4679039;3,2455778;2032-07-01
"332";8;2032;43820,0585938;24,8706455;29,7332211;4,0976467;18,3839378;2,5022438;3,2918284;2032-08-01
"333";9;2032;44531,0195312;25,1769943;30,1492748;4,1484885;18,5933094;2,5341306;3,3347754;2032-09-01
"334";10;2032;44558,359375;25,188776;30,1652832;4,1504436;18,6013641;2,535357;3,3364272;2032-10-01
"335";11;2032;44585,7070312;25,2005615;30,181284;4,1523991;18,6094151;2,5365837;3,338079;2032-11-01
"336";12;2032;44613,0507812;25,2123432;30,1972866;4,1543546;18,6174679;2,5378098;3,3397303;2032-12-01
"337";1;2033;44643,8867188;25,2249508;30,2132435;4,1570139;18,626503;2,5393965;3,341193;2033-01-01
"338";2;2033;44646,8007812;25,2277412;30,2132435;4,1577868;18,629612;2,5397375;3,3417444;2033-02-01
"339";3;2033;44652,625;25,2312469;30,2132435;4,1593308;18,6298542;2,5404203;3,3426702;2033-03-01
"340";4;2033;44845,3046875;25,329052;30,2392483;4,1765504;18,6672993;2,5507705;3,3553901;2033-04-01
"341";5;2033;46133,015625;25,8711834;30,7669353;4,2459655;19,0241508;2,6107101;3,4210074;2033-05-01
"342";6;2033;47033,8203125;26,2182751;31,3238201;4,3171229;19,3166771;2,6466315;3,4552066;2033-06-01
"343";7;2033;47990,703125;26,6149635;31,9106178;4,3919344;19,6249428;2,6879785;3,4903781;2033-07-01
"344";8;2033;48868,6523438;26,9807434;32,4907837;4,467382;19,9432926;2,7233896;3,5233393;2033-08-01
"345";9;2033;49713,5507812;27,3340206;33,0461731;4,5387793;20,230217;2,7585759;3,558991;2033-09-01
"346";10;2033;49716,1875;27,3388901;33,047966;4,5387793;20,2301311;2,7587888;3,5596871;2033-10-01
"347";11;2033;49718,6171875;27,3397503;33,047966;4,5387797;20,2299786;2,758811;3,5599053;2033-11-01
"348";12;2033;49721,390625;27,3399487;33,047966;4,5387797;20,2299366;2,7588189;3,5599368;2033-12-01
"349";1;2034;49725,7617188;27,3399906;33,047966;4,5387793;20,2299328;2,7588208;3,5599434;2034-01-01
"350";2;2034;49730,125;27,3400364;33,047966;4,5387793;20,2299309;2,7588241;3,5599532;2034-02-01
"351";3;2034;49738,8515625;27,3401585;33,0479698;4,5387797;20,2299252;2,7588413;3,5599844;2034-03-01
"352";4;2034;49863,3359375;27,3485432;33,0535698;4,5392776;20,2357082;2,7598715;3,5613029;2034-04-01
"353";5;2034;50306,8320312;27,4742374;33,1715698;4,5507154;20,2784958;2,7666032;3,5691986;2034-05-01
"354";6;2034;51264,7890625;27,8640594;33,763958;4,6310892;20,6185284;2,8086839;3,6064069;2034-06-01
"355";7;2034;52229,203125;28,3247585;34,3607483;4,7121911;20,9573593;2,8534238;3,6531281;2034-07-01
"356";8;2034;53109,5703125;28,7482624;34,9814491;4,7967548;21,3115101;2,8916302;3,6864507;2034-08-01
"357";9;2034;53936,0859375;29,1465664;35,5201454;4,8688297;21,6122246;2,9284391;3,7211444;2034-09-01
"358";10;2034;53940,3359375;29,1521835;35,5201454;4,8688297;21,6121826;2,9286959;3,7222054;2034-10-01
"359";11;2034;53944,375;29,1528053;35,5201454;4,8688297;21,6120548;2,9287233;3,7223322;2034-11-01
"360";12;2034;53948,6484375;29,153019;35,5201454;4,8688297;21,6120148;2,9287331;3,7223651;2034-12-01
"361";1;2035;53954,4726562;29,1530628;35,5201454;4,8688297;21,6120148;2,9287357;3,7223725;2035-01-01
"362";2;2035;53960,2929688;29,1531086;35,5201454;4,8688297;21,612009;2,92874;3,722383;2035-02-01
"363";3;2035;53971,9375;29,1532421;35,5201454;4,8688297;21,6120071;2,928762;3,722419;2035-03-01
"364";4;2035;54132,921875;29,1638145;35,5267792;4,8694572;21,6188908;2,9300756;3,7240226;2035-04-01
"365";5;2035;54644,7265625;29,3097935;35,6592979;4,8831749;21,6709747;2,9381571;3,733252;2035-05-01
"366";6;2035;55624,7890625;29,8353119;36,2703552;4,9713507;22,0486641;2,9761324;3,7727652;2035-06-01
"367";7;2035;56602,3085938;30,3591614;36,881691;5,0597873;22,422718;3,0249565;3,8111858;2035-07-01
"368";8;2035;57421,2695312;30,7934322;37,476696;5,1466336;22,7898273;3,063906;3,8434618;2035-08-01
"369";9;2035;58094,6679688;31,1390324;37,9420242;5,2138166;23,0712967;3,0973644;3,8736913;2035-09-01
"370";10;2035;58100,4765625;31,1443272;37,9420242;5,2138166;23,0712872;3,0976524;3,8747828;2035-10-01
"371";11;2035;58106,046875;31,1449337;37,9420242;5,2138166;23,0711746;3,097683;3,8748963;2035-11-01
"372";12;2035;58111,796875;31,145155;37,9420242;5,2138166;23,0711403;3,0976942;3,8749297;2035-12-01
"373";1;2036;58118,6328125;31,1452007;37,9420242;5,2138166;23,0711384;3,0976968;3,8749371;2036-01-01
"374";2;2036;58125,4609375;31,1452541;37,9420242;5,2138166;23,0711365;3,0977023;3,874948;2036-02-01
"375";3;2036;58139,1210938;31,1453991;37,9420242;5,2138166;23,0711288;3,0977285;3,8749878;2036-03-01
"376";4;2036;58325,8046875;31,157774;37,949295;5,2145457;23,0792255;3,0992765;3,8768048;2036-04-01
"377";5;2036;58893,4804688;31,3278065;38,0932884;5,2303824;23,1402721;3,1087122;3,8872533;2036-05-01
"378";6;2036;59891,2070312;31,9142075;38,7232399;5,3264608;23,5564003;3,150239;3,929117;2036-06-01
"379";7;2036;60888,4023438;32,5002022;39,3547478;5,4230275;23,9695454;3,2037699;3,9689801;2036-07-01
"380";8;2036;61674,4335938;32,9478226;39,9425049;5,5140781;24,3573875;3,2445059;4,001286;2036-08-01
"381";9;2036;62209,15625;33,2165527;40,3439293;5,5762148;24,6166019;3,2745299;4,0276194;2036-09-01
"382";10;2036;62215,9921875;33,2214203;40,3439293;5,5762148;24,6166096;3,2748263;4,0286403;2036-10-01
"383";11;2036;62222,6171875;33,2219887;40,3439293;5,5762148;24,6164989;3,2748575;4,0287452;2036-11-01
"384";12;2036;62229,3945312;33,2221985;40,3439293;5,5762148;24,6164684;3,2748687;4,0287781;2036-12-01
"385";1;2037;62237,0078125;33,2222519;40,3439293;5,5762148;24,6164646;3,2748721;4,0287857;2037-01-01
"386";2;2037;62244,6171875;33,2223053;40,3439293;5,5762148;24,6164608;3,2748787;4,0287981;2037-02-01
"387";3;2037;62259,8515625;33,2224655;40,3439293;5,5762148;24,616457;3,27491;4,0288434;2037-03-01
"388";4;2037;62468,2617188;33,2373924;40,3522339;5,577086;24,6263752;3,2767842;4,030982;2037-04-01
"389";5;2037;63109,6640625;33,4486313;40,5198708;5,5965376;24,7024174;3,2886193;4,0437322;2037-05-01
"390";6;2037;64129,515625;34,0781975;41,1761322;5,7006044;25,1558495;3,3336122;4,0881453;2037-06-01
"391";7;2037;65022,9257812;34,6051712;41,7718277;5,7960281;25,5635948;3,3857162;4,1250286;2037-07-01
"392";8;2037;65799,9921875;35,0625038;42,3698273;5,89254;25,9762039;3,4287546;4,1579399;2037-08-01
"393";9;2037;66351,2265625;35,3489685;42,7899323;5,9599066;26,2583942;3,4612937;4,1852393;2037-09-01
"394";10;2037;66358,84375;35,3535614;42,7899323;5,9599066;26,2584095;3,4615996;4,1862164;2037-10-01
"395";11;2037;66366,2734375;35,3540993;42,7899399;5,9599066;26,2583046;3,461632;4,186317;2037-11-01
"396";12;2037;66373,84375;35,3543053;42,7899323;5,9599066;26,2582722;3,4616439;4,186348;2037-12-01
"397";1;2038;66381,7890625;35,3543625;42,7899323;5,9599066;26,2582645;3,4616475;4,1863565;2038-01-01
"398";2;2038;66389,7421875;35,3544197;42,7899323;5,9599066;26,2582645;3,4616547;4,1863685;2038-02-01
"399";3;2038;66405,640625;35,3545914;42,7899323;5,9599066;26,258255;3,4616895;4,1864171;2038-03-01
"400";4;2038;66624,5703125;35,3711319;42,79879;5,9608674;26,2697582;3,4637728;4,1887469;2038-04-01
"401";5;2038;67318,1328125;35,6191444;42,9838333;5,9831128;26,3577175;3,4775343;4,2032576;2038-05-01
"402";6;2038;68434,8125;36,3421364;43,7091942;6,100966;26,8757114;3,5288832;4,2529016;2038-06-01
"403";7;2038;69518,5703125;37,0375061;44,4202423;6,2170019;27,3790855;3,5935376;4,2933736;2038-07-01
"404";8;2038;70350,671875;37,5485306;45,0691452;6,3244123;27,8416691;3,6417422;4,3290796;2038-08-01
"405";9;2038;70892,7265625;37,8296356;45,4956322;6,3946877;28,1362133;3,6754899;4,3548703;2038-09-01
"406";10;2038;70900,6875;37,8339081;45,4956322;6,3946877;28,1362305;3,6757934;4,3557878;2038-10-01
"407";11;2038;70908,453125;37,834404;45,4956322;6,3946877;28,1361256;3,6758254;4,3558812;2038-11-01
"408";12;2038;70916,359375;37,8346024;45,4956322;6,3946877;28,1360912;3,6758373;4,3559108;2038-12-01
"409";1;2039;70924,203125;37,8346596;45,4956322;6,3946877;28,1360893;3,6758411;4,3559198;2039-01-01
"410";2;2039;70932,0390625;37,8347168;45,4956322;6,3946877;28,1360874;3,675849;4,3559327;2039-02-01
"411";3;2039;70947,71875;37,8348961;45,4956322;6,3946877;28,1360798;3,6758871;4,3559837;2039-03-01
"412";4;2039;71167,28125;37,8528061;45,5049934;6,3957233;28,1494923;3,6781507;4,3584828;2039-04-01
"413";5;2039;71916,3203125;38,1494026;45,713356;6,4214129;28,2522755;3,6944103;4,3753004;2039-05-01
"414";6;2039;72938,6640625;38,7905807;46,4127274;6,5372567;28,7591953;3,7442231;4,4092245;2039-06-01
"415";7;2039;73607,1796875;39,1376228;46,9255371;6,6243777;29,1254005;3,7897863;4,4361711;2039-07-01
"416";8;2039;74077,359375;39,3458824;47,3725891;6,7019377;29,4461365;3,821924;4,4598975;2039-08-01
"417";9;2039;74498,859375;39,5267105;47,7429199;6,7646747;29,7041912;3,8508766;4,4806685;2039-09-01
"418";10;2039;74506,7109375;39,5303574;47,7429199;6,7646747;29,7042141;3,8511693;4,4815102;2039-10-01
"419";11;2039;74514,3671875;39,5308113;47,7429199;6,7646747;29,7041016;3,8511994;4,4815965;2039-11-01
"420";12;2039;74522,15625;39,5309944;47,7429199;6,7646747;29,704073;3,8512106;4,4816236;2039-12-01
"421";1;2040;74529,875;39,5310555;47,7429199;6,7646747;29,7040653;3,8512149;4,4816322;2040-01-01
"422";2;2040;74537,609375;39,5311127;47,7429199;6,7646747;29,7040653;3,8512235;4,4816465;2040-02-01
"423";3;2040;74553,0625;39,5313034;47,7429199;6,7646747;29,7040558;3,8512647;4,4817009;2040-03-01
"424";4;2040;74774,109375;39,5508728;47,7529755;6,7658024;29,719593;3,853745;4,484417;2040-04-01
"425";5;2040;75597,8828125;39,9057884;47,9936485;6,7960563;29,8419342;3,8733652;4,504385;2040-05-01
"426";6;2040;76509,96875;40,4454117;48,6534348;6,9067416;30,3222637;3,9201219;4,5347571;2040-06-01
"427";7;2040;77046,734375;40,6803169;49,1081619;6,9855461;30,6477661;3,9598849;4,5571651;2040-07-01
"428";8;2040;77501,3984375;40,8736687;49,5580826;7,0643458;30,9725952;3,9922481;4,5798922;2040-08-01
"429";9;2040;77940,234375;41,0667305;49,9483452;7,1306958;31,2463245;4,0229249;4,6004806;2040-09-01
"430";10;2040;77947,96875;41,0703545;49,9483452;7,1306958;31,2463512;4,0232096;4,6012783;2040-10-01
"431";11;2040;77955,5;41,0707855;49,9483452;7,1306958;31,2462387;4,0232391;4,6013589;2040-11-01
"432";12;2040;77963,1796875;41,0709572;49,9483452;7,1306958;31,2462044;4,0232501;4,6013851;2040-12-01
"433";1;2041;77970,3359375;41,0710144;49,9483452;7,1306958;31,2461967;4,0232544;4,6013947;2041-01-01
"434";2;2041;77977,5078125;41,0710754;49,9483452;7,1306958;31,2461948;4,0232635;4,601409;2041-02-01
"435";3;2041;77991,828125;41,07127;49,9483452;7,1306958;31,2461834;4,0233068;4,6014643;2041-03-01
"436";4;2041;78203,78125;41,0915947;49,9586449;7,1318617;31,2639122;4,0258923;4,6042757;2041-04-01
"437";5;2041;79099,3046875;41,5125008;50,2323875;7,1668339;31,4071827;4,0492697;4,6276636;2041-05-01
"438";6;2041;80066,6015625;42,0908737;50,9378204;7,2850661;31,9224606;4,0995183;4,6684752;2041-06-01
"439";7;2041;80810,59375;42,494194;51,5176468;7,3838429;32,3414955;4,151741;4,6955566;2041-07-01
"440";8;2041;81495,203125;42,8734589;52,1262856;7,4882045;32,786026;4,1971636;4,7250013;2041-08-01
"441";9;2041;81979,21875;43,1067123;52,548378;7,5595617;33,083374;4,2306843;4,7460308;2041-09-01
"442";10;2041;81986,3984375;43,109684;52,548378;7,5595617;33,0834007;4,230947;4,7467413;2041-10-01
"443";11;2041;81993,359375;43,1100693;52,548378;7,5595617;33,0832825;4,2309747;4,7468152;2041-11-01
"444";12;2041;82000,46875;43,1102219;52,548378;7,5595617;33,083252;4,2309847;4,7468386;2041-12-01
"445";1;2042;82007,0625;43,1102791;52,548378;7,5595617;33,0832443;4,230989;4,7468472;2042-01-01
"446";2;2042;82013,671875;43,1103477;52,548378;7,5595617;33,0832405;4,230998;4,7468615;2042-02-01
"447";3;2042;82026,875;43,1105309;52,548378;7,5595617;33,0832253;4,2310414;4,7469168;2042-03-01
"448";4;2042;82229,890625;43,1311607;52,5587921;7,5607433;33,1027985;4,2336764;4,7497702;2042-04-01
"449";5;2042;83039,171875;43,4886742;52,8301544;7,5960317;33,2468414;4,2572684;4,7734075;2042-05-01
"450";6;2042;83825,1484375;43,9176826;53,4431343;7,6994996;33,6919861;4,3001661;4,798099;2042-06-01
"451";7;2042;84608,7109375;44,3448868;54,0574036;7,8035793;34,1356239;4,3555226;4,824945;2042-07-01
"452";8;2042;85085,796875;44,5629425;54,5350685;7,8834643;34,4820747;4,3901124;4,8468881;2042-08-01
"453";9;2042;85543,71875;44,7765503;54,947052;7,9563656;34,7715492;4,4225817;4,8661981;2042-09-01
"454";10;2042;85550,328125;44,7791595;54,947052;7,9563656;34,7715759;4,4228249;4,8668423;2042-10-01
"455";11;2042;85556,7109375;44,7794991;54,947052;7,956367;34,7714577;4,4228497;4,8669095;2042-11-01
"456";12;2042;85563,25;44,7796402;54,947052;7,956367;34,7714195;4,4228592;4,8669305;2042-12-01
"457";1;2043;85569,40625;44,7797012;54,947052;7,956367;34,7714119;4,4228635;4,8669395;2043-01-01
"458";2;2043;85575,5546875;44,7797623;54,947052;7,956367;34,7714081;4,422873;4,8669543;2043-02-01
"459";3;2043;85587,859375;44,779953;54,947052;7,956367;34,7713966;4,4229159;4,8670096;2043-03-01
"460";4;2043;85784,7578125;44,8009605;54,9576263;7,9575677;34,7927361;4,4256139;4,8699188;2043-04-01
"461";5;2043;86639,71875;45,1925697;55,2554855;7,9966536;34,9534454;4,4522982;4,8963695;2043-05-01
"462";6;2043;87273,4453125;45,505188;55,7847939;8,08673;35,335743;4,4886608;4,9239535;2043-06-01
"463";7;2043;87799,6015625;45,7407532;56,2506638;8,1671667;35,6697769;4,5293055;4,9436083;2043-07-01
"464";8;2043;88290,6640625;45,9688492;56,7438812;8,2460146;36,0147285;4,5650454;4,9659071;2043-08-01
"465";9;2043;88760,0390625;46,1902428;57,1676712;8,3206224;36,3241348;4,5984044;4,9854116;2043-09-01
"466";10;2043;88766,203125;46,1927643;57,1676712;8,3207874;36,3241577;4,5986314;4,9860101;2043-10-01
"467";11;2043;88772,1171875;46,1930695;57,1676712;8,3207874;36,3240356;4,5986547;4,9860721;2043-11-01
"468";12;2043;88778,203125;46,193203;57,1676712;8,3207874;36,3239975;4,5986633;4,9860916;2043-12-01
"469";1;2044;88783,7890625;46,1932602;57,1676712;8,3207874;36,3239899;4,5986671;4,9861016;2044-01-01
"470";2;2044;88789,3828125;46,1933174;57,1676712;8,3207884;36,3239822;4,5986767;4,9861155;2044-02-01
"471";3;2044;88800,5625;46,1934967;57,1676712;8,3207884;36,3239708;4,5987186;4,9861689;2044-03-01
"472";4;2044;88988,6875;46,2132721;57,178093;8,3219671;36,3468704;4,6013832;4,9890332;2044-04-01
"473";5;2044;89894,984375;46,6407852;57,5006027;8,364336;36,5223618;4,6309237;5,0180011;2044-05-01
"474";6;2044;91095,390625;47,337986;58,3877449;8,5098858;37,1630211;4,6938119;5,0776229;2044-06-01
"475";7;2044;91700,953125;47,6290321;58,9053192;8,597949;37,5332069;4,7392664;5,0984163;2044-07-01
"476";8;2044;92207,40625;47,8676987;59,4122772;8,6752424;37,8734245;4,7759533;5,120244;2044-08-01
"477";9;2044;92690,2265625;48,0978851;59,8468208;8,7482977;38,1955452;4,8100653;5,1393695;2044-09-01
"478";10;2044;92695,8203125;48,1001244;59,8468208;8,7487202;38,1958313;4,8102732;5,1399169;2044-10-01
"479";11;2044;92701,1640625;48,1004028;59,8468208;8,7487202;38,1957016;4,8102942;5,1399741;2044-11-01
"480";12;2044;92706,6796875;48,1005211;59,8468208;8,7487202;38,1956596;4,8103023;5,1399918;2044-12-01
"481";1;2045;92711,7109375;48,1005783;59,8468208;8,7487202;38,195652;4,8103061;5,1400008;2045-01-01
"482";2;2045;92716,734375;48,1006355;59,8468208;8,7487202;38,1956482;4,8103147;5,1400142;2045-02-01
"483";3;2045;92726,796875;48,1008034;59,8468208;8,7487202;38,1956291;4,8103547;5,1400657;2045-03-01
"484";4;2045;92906,203125;48,1201935;59,8570633;8,7498789;38,220089;4,8129959;5,1428895;2045-04-01
"485";5;2045;93882,625;48,5950584;60,2127151;8,7968874;38,4165611;4,8466139;5,1754365;2045-05-01
"486";6;2045;95002,375;49,2234039;61,0577278;8,9352093;39,0236626;4,9060712;5,2319713;2045-06-01
"487";7;2045;95552,25;49,4781113;61,5401649;9,0171061;39,3676643;4,9481106;5,250598;2045-07-01
"488";8;2045;96069,875;49,7249146;62,0439415;9,0924444;39,7012215;4,9854622;5,2722983;2045-08-01
"489";9;2045;96562,265625;49,9617805;62,4967766;9,1635818;40,0166626;5,0200634;5,2912998;2045-09-01
"490";10;2045;96567,3046875;49,9637871;62,4967766;9,1641903;40,0177536;5,0202513;5,2917991;2045-10-01
"491";11;2045;96572,0625;49,9640388;62,4967766;9,1641903;40,0176163;5,0202699;5,291851;2045-11-01
"492";12;2045;96577,015625;49,9641418;62,4967766;9,1641903;40,0175819;5,020277;5,2918673;2045-12-01
"493";1;2046;96581,703125;49,9641991;62,4967766;9,1641903;40,0175705;5,0202813;5,2918754;2046-01-01
"494";2;2046;96586,3984375;49,9642525;62,4967766;9,1641903;40,0175629;5,0202894;5,2918887;2046-02-01
"495";3;2046;96595,7734375;49,9644203;62,4967766;9,1641903;40,0175476;5,020329;5,2919397;2046-03-01
"496";4;2046;96771,046875;49,984581;62,5069771;9,1653414;40,0431633;5,0229692;5,2947516;2046-04-01
"497";5;2046;97766,25;50,4670868;62,8797302;9,2149286;40,2510529;5,058867;5,3293071;2046-05-01
"498";6;2046;99285,203125;51,3359604;63,9920044;9,3905916;41,0476913;5,1376987;5,4032106;2046-06-01
"499";7;2046;100308,5546875;51,8901253;64,7856827;9,5170879;41,6139221;5,2091217;5,4701924;2046-07-01
"500";8;2046;100840,984375;52,1445198;65,2887115;9,5917625;41,9456367;5,247457;5,4920254;2046-08-01
"501";9;2046;101347,0703125;52,3881645;65,7642365;9,6622639;42,2592354;5,2828813;5,5130649;2046-09-01
"502";10;2046;101353,03125;52,3902817;65,7650681;9,66325;42,2610893;5,283083;5,5136051;2046-10-01
"503";11;2046;101357,4375;52,3905334;65,7650681;9,66325;42,2609596;5,283102;5,5136595;2046-11-01
"504";12;2046;101362,046875;52,3906364;65,7650681;9,66325;42,2609215;5,2831092;5,5136757;2046-12-01
"505";1;2047;101366,28125;52,3906937;65,7650681;9,66325;42,2609024;5,283113;5,5136843;2047-01-01
"506";2;2047;101370,53125;52,3907433;65,7650681;9,66325;42,2608948;5,2831206;5,5136976;2047-02-01
"507";3;2047;101379;52,3909149;65,7650681;9,66325;42,2608795;5,2831602;5,5137482;2047-03-01
"508";4;2047;101550,625;52,4102783;65,7754288;9,6644163;42,2888336;5,2858686;5,5166183;2047-04-01
"509";5;2047;102655,1484375;52,9554939;66,2045364;9,7223196;42,5335884;5,3290601;5,5577426;2047-05-01
"510";6;2047;104171,2890625;53,7992897;67,322319;9,8932381;43,3249054;5,4076724;5,6316018;2047-06-01
"511";7;2047;104830,703125;54,1192017;67,8767242;9,980463;43,7151718;5,4560161;5,6532612;2047-07-01
"512";8;2047;105379,875;54,3821068;68,3771515;10,0540667;44,043644;5,4952846;5,674202;2047-08-01
"513";9;2047;105901,625;54,6334572;68,8502426;10,1235666;44,3541603;5,5313344;5,6925592;2047-09-01
"514";10;2047;105923,78125;54,6379585;68,8619385;10,1263666;44,3601379;5,5318518;5,6937566;2047-10-01
"515";11;2047;105927,84375;54,6382446;68,8619385;10,1263666;44,360054;5,5318737;5,6938181;2047-11-01
"516";12;2047;105931,96875;54,6383591;68,8619385;10,1263657;44,3599968;5,5318813;5,6938367;2047-12-01
"517";1;2048;105935,640625;54,6384163;68,8619385;10,1263666;44,3599815;5,5318851;5,6938453;2048-01-01
"518";2;2048;105939,3046875;54,6384697;68,8619385;10,1263657;44,3599739;5,5318937;5,6938591;2048-02-01
"519";3;2048;105946,671875;54,6386337;68,8619385;10,1263657;44,3599586;5,5319324;5,6939101;2048-03-01
"520";4;2048;106113,140625;54,6590652;68,8725204;10,1275663;44,3907089;5,5347791;5,6968899;2048-04-01
"521";5;2048;107491,75;55,364727;69,4395828;10,2069759;44,7318268;5,5971804;5,7551003;2048-05-01
"522";6;2048;108911,8046875;56,1342545;70,5036316;10,3638372;45,4575882;5,6717982;5,8252435;2048-06-01
"523";7;2048;109575,734375;56,4567871;71,0596771;10,4478035;45,8351097;5,7190309;5,8490434;2048-07-01
"524";8;2048;110129,5703125;56,7229767;71,5461655;10,5186605;46,1529541;5,7587008;5,8699279;2048-08-01
"525";9;2048;110655,8125;56,9772301;72,0063553;10,5856094;46,4536133;5,7961259;5,8873897;2048-09-01
"526";10;2048;110680,484375;56,9896317;72,0156555;10,5886135;46,4643326;5,7966766;5,8887467;2048-10-01
"527";11;2048;110684,140625;56,9898872;72,0156555;10,5887156;46,4643211;5,7966962;5,8888021;2048-11-01
"528";12;2048;110687,703125;56,9899864;72,0156555;10,5887156;46,4642639;5,7967033;5,8888187;2048-12-01
"529";1;2049;110691,25;56,9900475;72,0156555;10,5887156;46,4642487;5,7967076;5,8888283;2049-01-01
"530";2;2049;110694,828125;56,9901085;72,0156555;10,5887156;46,464241;5,7967162;5,8888421;2049-02-01
"531";3;2049;110701,9453125;56,9902763;72,0156555;10,5887156;46,4642258;5,7967558;5,8888946;2049-03-01
"532";4;2049;110869,6953125;57,0121002;72,0264893;10,5899429;46,4959068;5,7996802;5,8919468;2049-04-01
"533";5;2049;112392,6640625;57,7880745;72,6655807;10,6803169;46,8855743;5,8718104;5,9588156;2049-05-01
"534";6;2049;113763,0078125;58,5131989;73,7033691;10,829792;47,5745277;5,9442639;6,0181055;2049-06-01
"535";7;2049;114445,21875;58,8409004;74,2754135;10,9140148;47,9529724;5,9918957;6,0394311;2049-07-01
"536";8;2049;115015,3828125;59,1121864;74,7668152;10,9851732;48,2720451;6,0319624;6,061255;2049-08-01
"537";9;2049;115621,5;59,4083824;75,2766418;11,0585203;48,602932;6,0737877;6,0868912;2049-09-01
"538";10;2049;115647,171875;59,4211311;75,2891617;11,0615625;48,6167183;6,0745139;6,0882926;2049-10-01
"539";11;2049;115650,75;59,4213943;75,2891617;11,0617304;48,6167221;6,0745325;6,0883493;2049-11-01
"540";12;2049;115654,1875;59,4214935;75,2891617;11,0617304;48,6166611;6,0745392;6,088366;2049-12-01
"541";1;2050;115657,40625;59,4215469;75,2891617;11,0617304;48,6166496;6,0745435;6,0883746;2050-01-01
"542";2;2050;115660,625;59,4216003;75,2891617;11,0617304;48,6166382;6,0745521;6,0883884;2050-02-01
"543";3;2050;115667,0625;59,4217682;75,2891617;11,0617304;48,6166153;6,0745893;6,0884385;2050-03-01
"544";4;2050;115832,75;59,4431725;75,2999573;11,0629482;48,6501083;6,0775309;6,0914884;2050-04-01
"545";5;2050;117591,296875;60,343441;76,052536;11,170785;49,1180649;6,1657233;6,1726756;2050-05-01
"546";6;2050;118798,4375;60,9656677;76,9789276;11,3021345;49,7219086;6,229898;6,2335348;2050-06-01
"547";7;2050;119405,859375;61,2496376;77,4956665;11,3770618;50,0577888;6,2722001;6,2521644;2050-07-01
"548";8;2050;119989,28125;61,5273933;77,9857407;11,4475088;50,374897;6,3123188;6,2733684;2050-08-01
"549";9;2050;120545,3515625;61,7933846;78,450737;11,5142717;50,6757469;6,3504295;6,2923903;2050-09-01
"550";10;2050;120571,84375;61,8064995;78,4658051;11,5173206;50,6895943;6,3512578;6,2938361;2050-10-01
"551";11;2050;120575,09375;61,806736;78,4658051;11,5175142;50,689743;6,3512745;6,2938871;2050-11-01
"552";12;2050;120578,1875;61,8068275;78,4658051;11,5175142;50,689682;6,3512807;6,2939034;2050-12-01
"553";1;2051;120581,171875;61,806881;78,4658051;11,5175142;50,6896706;6,3512845;6,2939119;2051-01-01
"554";2;2051;120584,171875;61,8069267;78,4658051;11,5175142;50,6896553;6,3512921;6,2939248;2051-02-01
"555";3;2051;120590,15625;61,8070869;78,4658051;11,5175142;50,6896324;6,3513269;6,2939715;2051-03-01
"556";4;2051;120751,734375;61,8278656;78,476181;11,5186787;50,7230721;6,354156;6,2968917;2051-04-01
"557";5;2051;122530,140625;62,7277451;79,2394943;11,6277561;51,1967926;6,4436312;6,3790331;2051-05-01
"558";6;2051;123250,4765625;63,0725861;79,8271942;11,711504;51,5752869;6,4838734;6,3984442;2051-06-01
"559";7;2051;123866,546875;63,3597527;80,3429794;11,7855406;51,9077606;6,5260048;6,4156284;2051-07-01
"560";8;2051;124460,078125;63,6411438;80,8318405;11,8553953;52,2227135;6,5661001;6,4373879;2051-08-01
"561";9;2051;125026,0078125;63,9106178;81,2959976;11,9216385;52,5217018;6,6042085;6,4568415;2051-09-01
"562";10;2051;125051,625;63,9231224;81,3144073;11,9245453;52,5349083;6,6051307;6,4581804;2051-10-01
"563";11;2051;125054,6484375;63,923336;81,3144073;11,9247704;52,5352249;6,6051464;6,4582295;2051-11-01
"564";12;2051;125057,5078125;63,9234276;81,3144073;11,9247704;52,5351639;6,6051531;6,4582453;2051-12-01
"565";1;2052;125060,2734375;63,9234772;81,3144073;11,9247704;52,5351448;6,6051564;6,4582529;2052-01-01
"566";2;2052;125063,0390625;63,9235344;81,3144073;11,9247704;52,5351334;6,6051631;6,4582653;2052-02-01
"567";3;2052;125068,5859375;63,9236755;81,3144073;11,9247704;52,5351105;6,6051965;6,4583092;2052-03-01
"568";4;2052;125227,1875;63,9439125;81,3245621;11,9259043;52,5688362;6,6079717;6,4611573;2052-04-01
"569";5;2052;127118,5234375;64,8911285;82,1480637;12,0442963;53,0842705;6,706111;6,5508132;2052-05-01
"570";6;2052;127850,8984375;65,2387619;82,7335892;12,1271887;53,4591827;6,7469459;6,5704608;2052-06-01
"571";7;2052;128475,0390625;65,5278549;83,2450943;12,20012;53,787056;6,788784;6,5889163;2052-07-01
"572";8;2052;129078,265625;65,8116913;83,7317123;12,2691908;54,098774;6,8287406;6,610383;2052-08-01
"573";9;2052;129653,40625;66,083374;84,1938248;12,3347082;54,3947411;6,8667235;6,6296926;2052-09-01
"574";10;2052;129681,1640625;66,0968628;84,2154617;12,3377457;54,4085655;6,8678603;6,6311927;2052-10-01
"575";11;2052;129687,890625;66,0989914;84,2159348;12,3381252;54,4093513;6,8678846;6,6312637;2052-11-01
"576";12;2052;129690,6953125;66,0992126;84,2159348;12,3381252;54,4093513;6,8678989;6,6313004;2052-12-01
"577";1;2053;129693,296875;66,0993042;84,2159348;12,3381252;54,4093208;6,8679056;6,6313148;2053-01-01
"578";2;2053;129695,9375;66,0993881;84,2159348;12,3381252;54,4093018;6,8679175;6,6313372;2053-02-01
"579";3;2053;129701,2109375;66,099617;84,2159348;12,3381252;54,4092598;6,8679719;6,6314087;2053-03-01
"580";4;2053;129898,34375;66,1344299;84,231636;12,3399811;54,4582176;6,8727851;6,6362166;2053-04-01
"581";5;2053;133232,671875;67,7282944;86,1314697;12,6284599;55,7409668;7,075069;6,8790708;2053-05-01
"582";6;2053;134397,984375;68,3060837;87,0065002;12,7499199;56,2979698;7,1480627;6,9192252;2053-06-01
"583";7;2053;135119,515625;68,6462784;87,5793304;12,8308182;56,6636925;7,1951871;6,9391646;2053-07-01
"584";8;2053;135725,25;68,9302444;88,063118;12,8992624;56,9726601;7,2349281;6,961216;2053-08-01
"585";9;2053;136302,21875;69,2016907;88,5222397;12,9641438;57,2658119;7,2726755;6,9810457;2053-09-01
"586";10;2053;136327,53125;69,2138138;88,5420303;12,9669237;57,2784348;7,2743092;6,982348;2053-10-01
"587";11;2053;136334,140625;69,2159042;88,5429688;12,9673424;57,2794037;7,2743754;6,9824171;2053-11-01
"588";12;2053;136336,84375;69,2161102;88,5429688;12,9673424;57,2794075;7,2743893;6,9824529;2053-12-01
"589";1;2054;136339,09375;69,2161942;88,5429688;12,9673424;57,279377;7,2743955;6,9824667;2054-01-01
"590";2;2054;136341,390625;69,2162781;88,5429688;12,9673424;57,2793465;7,2744074;6,9824872;2054-02-01
"591";3;2054;136345,96875;69,216507;88,5429688;12,9673424;57,2792969;7,2744584;6,9825559;2054-03-01
"592";4;2054;136543,265625;69,2507477;88,5587921;12,9692183;57,3306084;7,2794161;6,9874425;2054-04-01
"593";5;2054;138546,546875;70,2419662;89,6305847;13,1512136;58,1333656;7,4025826;7,1398115;2054-05-01
"594";6;2054;139661,109375;70,7882919;90,4582901;13,2656555;58,6586227;7,4716902;7,1697335;2054-06-01
"595";7;2054;140383,15625;71,1282654;91,0196915;13,3444118;59,0158463;7,5180287;7,1888595;2054-07-01
"596";8;2054;140989,515625;71,4123764;91,49366;13,4110117;59,317524;7,5570984;7,2104936;2054-08-01
"597";9;2054;141566,109375;71,6833191;91,9429779;13,4740887;59,6034584;7,5941653;7,2299099;2054-09-01
"598";10;2054;141591,03125;71,6951752;91,9621048;13,4767618;59,6156311;7,5957489;7,2311678;2054-10-01
"599";11;2054;141597,296875;71,6972427;91,9635086;13,4771948;59,6167221;7,5958347;7,2312317;2054-11-01
"600";12;2054;141599,65625;71,6974182;91,9635086;13,4771948;59,6167336;7,5958467;7,2312622;2054-12-01
"601";1;2055;141601,78125;71,6975021;91,9635086;13,4771948;59,6166954;7,5958529;7,2312756;2055-01-01
"602";2;2055;141603,96875;71,6975784;91,9635086;13,4771948;59,6166725;7,5958652;7,2312951;2055-02-01
"603";3;2055;141608,3125;71,6977921;91,9635086;13,4771948;59,6166191;7,5959134;7,2313609;2055-03-01
"604";4;2055;141803,1875;71,7322693;91,9790039;13,479023;59,6675987;7,6007643;7,2361217;2055-04-01
"605";5;2055;144086,5;72,8628845;93,1948547;13,6850109;60,5790596;7,7392993;7,4087276;2055-05-01
"606";6;2055;144775,0625;73,1840973;93,7287827;13,7598286;60,9180603;7,7833271;7,4320536;2055-06-01
"607";7;2055;145401,234375;73,4728165;94,2205124;13,8290005;61,2305107;7,8237519;7,4488597;2055-07-01
"608";8;2055;145687;73,5889435;94,4735031;13,8658104;61,3923569;7,8439822;7,4605236;2055-08-01
"609";9;2055;145969,09375;73,7055054;94,7197723;13,9015074;61,549778;7,8637366;7,4704885;2055-09-01
"610";10;2055;145995,21875;73,7179413;94,7395706;13,9042625;61,5623207;7,8653774;7,4717879;2055-10-01
"611";11;2055;146001,34375;73,7199554;94,7412186;13,9047079;61,5635071;7,8654752;7,471849;2055-11-01
"612";12;2055;146003,578125;73,7201233;94,7412186;13,9047079;61,5635262;7,8654866;7,4718785;2055-12-01
"613";1;2056;146005,609375;73,7202072;94,7412186;13,9047079;61,5634842;7,8654923;7,4718919;2056-01-01
"614";2;2056;146007,671875;73,7202911;94,7412186;13,9047079;61,5634613;7,8655038;7,4719114;2056-02-01
"615";3;2056;146011,796875;73,7204971;94,7412186;13,9047079;61,5634155;7,8655505;7,4719763;2056-03-01
"616";4;2056;146207,78125;73,7519379;94,7568512;13,906558;61,6153412;7,8704944;7,4767976;2056-04-01
"617";5;2056;148534,390625;74,8970337;95,9991989;14,1170349;62,5474358;8,0106392;7,6531291;2056-05-01
"618";6;2056;149664,265625;75,4446487;96,8258209;14,2306919;63,0691948;8,0796785;7,7108669;2056-06-01
"619";7;2056;150291,890625;75,733223;97,3139114;14,2991257;63,3785248;8,1198339;7,7277293;2056-07-01
"620";8;2056;150903,0625;76,0176926;97,7827682;14,3645878;63,675415;8,158534;7,7494688;2056-08-01
"621";9;2056;151482,171875;76,2878265;98,2259598;14,4264145;63,955986;8,195138;7,7689624;2056-09-01
"622";10;2056;151507,953125;76,3000259;98,2453613;14,4291096;63,9682617;8,1967478;7,7702465;2056-10-01
"623";11;2056;151513,96875;76,3020401;98,2472458;14,4295673;63,9695282;8,1968575;7,7703066;2056-11-01
"624";12;2056;151516,09375;76,3022003;98,2472458;14,4295673;63,9695435;8,196867;7,7703342;2056-12-01
"625";1;2057;151518;76,3022766;98,2472458;14,4295673;63,9695015;8,1968727;7,7703481;2057-01-01
"626";2;2057;151519,9375;76,3023376;98,2472458;14,4295673;63,9694862;8,1968832;7,7703667;2057-02-01
"627";3;2057;151523,84375;76,302536;98,2472458;14,4295673;63,9694328;8,196928;7,7704277;2057-03-01
"628";4;2057;151719,390625;76,333519;98,2626953;14,4313822;64,0214386;8,2018042;7,7751632;2057-04-01
"629";5;2057;154103,53125;77,4934998;99,5364227;14,6466217;64,9747849;8,3438654;7,9555802;2057-05-01
"630";6;2057;155325,375;78,0814362;100,4169464;14,7669964;65,527626;8,4174442;8,0174446;2057-06-01
"631";7;2057;155961,390625;78,3717422;100,904953;14,8350973;65,8354721;8,4576025;8,0345249;2057-07-01
"632";8;2057;156229,359375;78,4791946;101,1386185;14,8689404;65,984169;8,4762821;8,0459232;2057-08-01
"633";9;2057;156587,359375;78,6344376;101,4287567;14,9101048;66,1679001;8,4998541;8,0592194;2057-09-01
"634";10;2057;156613,25;78,6465607;101,4480286;14,9127703;66,1800308;8,5014515;8,0605001;2057-10-01
"635";11;2057;156619,1875;78,6485519;101,4501648;14,9132414;66,1813812;8,5015717;8,0605583;2057-11-01
"636";12;2057;156621,1875;78,6487045;101,4501648;14,9132414;66,1813965;8,5015812;8,060586;2057-12-01
"637";1;2058;156622,984375;78,6487732;101,4501648;14,9132414;66,181366;8,501586;8,0605984;2058-01-01
"638";2;2058;156624,828125;78,6488495;101,4501648;14,9132414;66,1813354;8,5015974;8,0606155;2058-02-01
"639";3;2058;156628,484375;78,6490402;101,4501572;14,9132414;66,181282;8,5016384;8,0606737;2058-03-01
"640";4;2058;156819,6875;78,6806412;101,4650955;14,9149914;66,2324829;8,5063581;8,0652351;2058-04-01
"641";5;2058;160128,40625;80,3049469;103,216011;15,2099972;67,5460281;8,7006016;8,3128929;2058-05-01
"642";6;2058;161608,921875;81,0225067;104,2655563;15,3526525;68,2037048;8,7886209;8,3870697;2058-06-01
"643";7;2058;162681,8125;81,5340042;105,0422211;15,4589825;68,6912079;8,8534155;8,4569454;2058-07-01
"644";8;2058;162985,375;81,6604767;105,2966003;15,4954166;68,8525696;8,8739195;8,468976;2058-08-01
"645";9;2058;163570,75;81,9313278;105,7359467;15,5562935;69,1291122;8,9102507;8,4901028;2058-09-01
"646";10;2058;163596,90625;81,9435883;105,7552795;15,558959;69,1412735;8,9118557;8,4914284;2058-10-01
"647";11;2058;163602,71875;81,9455719;105,7575607;15,5594358;69,1426773;8,9119844;8,4914856;2058-11-01
"648";12;2058;163604,625;81,9457169;105,7575607;15,5594358;69,1426849;8,911993;8,4915123;2058-12-01
"649";1;2059;163606,421875;81,9458008;105,7575607;15,5594358;69,1426468;8,9119997;8,4915247;2059-01-01
"650";2;2059;163608,25;81,9458847;105,7575607;15,5594358;69,1426163;8,9120102;8,4915428;2059-02-01
"651";3;2059;163611,890625;81,9460754;105,7575607;15,5594358;69,1425705;8,9120541;8,4916058;2059-03-01
"652";4;2059;163808,9375;81,977005;105,7732239;15,5612812;69,1954651;8,917058;8,4964304;2059-04-01
"653";5;2059;165992,046875;83,0248795;106,9550095;15,761796;70,0832367;9,0465221;8,6564054;2059-05-01
"654";6;2059;167409,140625;83,7055054;107,9584274;15,8980627;70,7101059;9,1305065;8,7277308;2059-06-01
"655";7;2059;168048,296875;83,9957123;108,4431992;15,9654341;71,0146866;9,1704121;8,7472057;2059-07-01
"656";8;2059;168672,796875;84,2823486;108,9108429;16,0301571;71,3082047;9,2090206;8,7689667;2059-08-01
"657";9;2059;169263,65625;84,5540466;109,352417;16,0912323;71,5853195;9,2454977;8,7876749;2059-09-01
"658";10;2059;169289,703125;84,5661697;109,3716278;16,0938759;71,5973663;9,2470884;8,7889767;2059-10-01
"659";11;2059;169295,5625;84,5681458;109,374054;16,094368;71,5988388;9,2472258;8,7890348;2059-11-01
"660";12;2059;169297,46875;84,5682907;109,374054;16,094368;71,5988617;9,2472353;8,7890615;2059-12-01
"661";1;2060;169299,03125;84,5683594;109,374054;16,094368;71,5988083;9,2472401;8,789072;2060-01-01
"662";2;2060;169300,625;84,568428;109,374054;16,094368;71,598793;9,2472496;8,7890892;2060-02-01
"663";3;2060;169303,828125;84,5686111;109,374054;16,094368;71,598732;9,2472887;8,7891436;2060-03-01
"664";4;2060;169492,1875;84,5988464;109,3887329;16,0960865;71,650116;9,2519903;8,7936344;2060-04-01
"665";5;2060;171821,703125;85,7156448;110,6563187;16,3116608;72,6074219;9,388876;8,9739847;2060-05-01
"666";6;2060;173016,5;86,2831345;111,5037842;16,4268055;73,1364899;9,4597311;9,0351562;2060-06-01
"667";7;2060;173644,875;86,5689011;111,9739914;16,4918633;73,4314041;9,498539;9,0568333;2060-07-01
"668";8;2060;174261,03125;86,8519516;112,4296265;16,554657;73,7168732;9,5362492;9,0787611;2060-08-01
"669";9;2060;174843,1875;87,1197433;112,8593674;16,6138458;73,9860764;9,5718317;9,0968409;2060-09-01
"670";10;2060;174869,125;87,131813;112,8782654;16,616436;73,9979019;9,5734005;9,0981913;2060-10-01
"671";11;2060;174874,6875;87,1337357;112,8808136;16,6169186;73,9994202;9,5735474;9,0982456;2060-11-01
"672";12;2060;174876,375;87,1338654;112,8808136;16,6169186;73,9994431;9,573555;9,0982676;2060-12-01
