"";"Year";"Month";"RF";"PET";"AET";"TF";"In";"Date"
"1";2005;1;636,4997559;43,3682365;11,0565023;513,8446045;122,6551437;2005-01-01
"2";2005;2;132,5275421;47,4672432;25,527729;104,4614563;28,0660782;2005-02-01
"3";2005;3;258,2542114;76,5842743;30,7263622;203,1714935;55,0827332;2005-03-01
"4";2005;4;111,7077408;73,8422394;48,3649521;86,6423416;25,0654049;2005-04-01
"5";2005;5;82,497879;90,8102646;66,4568253;64,0405731;18,4573078;2005-05-01
"6";2005;6;54,0071678;102,3254013;72,4748154;41,2190704;12,7880917;2005-06-01
"7";2005;7;5,3802967;156,9083405;117,6812592;3,5608826;1,8194141;2005-07-01
"8";2005;8;0,6658783;119,8951035;89,3195038;0,2672202;0,3986581;2005-08-01
"9";2005;9;39,6685905;117,7861176;30,9993458;30,2978439;9,3707457;2005-09-01
"10";2005;10;56,9814224;106,0839005;19,8291969;43,3885956;13,5928268;2005-10-01
"11";2005;11;724,5911255;71,5655975;24,6499844;586,0792847;138,5115662;2005-11-01
"12";2005;12;397,2185669;40,4450531;13,001399;319,8105164;77,4080887;2005-12-01
"13";2006;1;636,4997559;43,3682365;11,0565023;513,8446045;122,6551437;2006-01-01
"14";2006;2;132,5275421;47,4672432;25,527729;104,4614563;28,0660782;2006-02-01
"15";2006;3;258,2542114;76,5842743;30,7263622;203,1714935;55,0827332;2006-03-01
"16";2006;4;111,7077408;73,8422394;48,3649521;86,6423416;25,0654049;2006-04-01
"17";2006;5;82,497879;90,8102646;66,4568253;64,0405731;18,4573078;2006-05-01
"18";2006;6;54,0071678;102,3254013;72,4748154;41,2190704;12,7880917;2006-06-01
"19";2006;7;5,3802967;156,9083405;117,6812592;3,5608826;1,8194141;2006-07-01
"20";2006;8;0,6658783;119,8951035;89,3195038;0,2672202;0,3986581;2006-08-01
"21";2006;9;39,6685905;117,7861176;30,9993458;30,2978439;9,3707457;2006-09-01
"22";2006;10;56,9814224;106,0839005;19,8291969;43,3885956;13,5928268;2006-10-01
"23";2006;11;724,5911255;71,5655975;24,6499844;586,0792847;138,5115662;2006-11-01
"24";2006;12;397,2185669;40,4450531;13,001399;319,8105164;77,4080887;2006-12-01
"25";2007;1;636,4997559;43,3682365;11,0565023;513,8446045;122,6551437;2007-01-01
"26";2007;2;132,5275421;47,4672432;25,527729;104,4614563;28,0660782;2007-02-01
"27";2007;3;258,2542114;76,5842743;30,7263622;203,1714935;55,0827332;2007-03-01
"28";2007;4;111,7077408;73,8422394;48,3649521;86,6423416;25,0654049;2007-04-01
"29";2007;5;82,497879;90,8102646;66,4568253;64,0405731;18,4573078;2007-05-01
"30";2007;6;54,0071678;102,3254013;72,4748154;41,2190704;12,7880917;2007-06-01
"31";2007;7;5,3802967;156,9083405;117,6812592;3,5608826;1,8194141;2007-07-01
"32";2007;8;0,6658783;119,8951035;89,3195038;0,2672202;0,3986581;2007-08-01
"33";2007;9;39,6685905;117,7861176;30,9993458;30,2978439;9,3707457;2007-09-01
"34";2007;10;56,9814224;106,0839005;19,8291969;43,3885956;13,5928268;2007-10-01
"35";2007;11;724,5911255;71,5655975;24,6499844;586,0792847;138,5115662;2007-11-01
"36";2007;12;397,2185669;40,4450531;13,001399;319,8105164;77,4080887;2007-12-01
"37";2008;1;636,4997559;43,3682365;11,0565023;513,8446045;122,6551437;2008-01-01
"38";2008;2;132,5275421;47,4672432;25,527729;104,4614563;28,0660782;2008-02-01
"39";2008;3;258,2542114;76,5842743;30,7263622;203,1714935;55,0827332;2008-03-01
"40";2008;4;111,7077408;73,8422394;48,3649521;86,6423416;25,0654049;2008-04-01
"41";2008;5;82,497879;90,8102646;66,4568253;64,0405731;18,4573078;2008-05-01
"42";2008;6;54,0071678;102,3254013;72,4748154;41,2190704;12,7880917;2008-06-01
"43";2008;7;5,3802967;156,9083405;117,6812592;3,5608826;1,8194141;2008-07-01
"44";2008;8;0,6658783;119,8951035;89,3195038;0,2672202;0,3986581;2008-08-01
"45";2008;9;39,6685905;117,7861176;30,9993458;30,2978439;9,3707457;2008-09-01
"46";2008;10;56,9814224;106,0839005;19,8291969;43,3885956;13,5928268;2008-10-01
"47";2008;11;724,5911255;71,5655975;24,6499844;586,0792847;138,5115662;2008-11-01
"48";2008;12;397,2185669;40,4450531;13,001399;319,8105164;77,4080887;2008-12-01
"49";2009;1;636,4997559;43,3682365;11,0565023;513,8446045;122,6551437;2009-01-01
"50";2009;2;132,5275421;47,4672432;25,527729;104,4614563;28,0660782;2009-02-01
"51";2009;3;258,2542114;76,5842743;30,7263622;203,1714935;55,0827332;2009-03-01
"52";2009;4;111,7077408;73,8422394;48,3649521;86,6423416;25,0654049;2009-04-01
"53";2009;5;82,497879;90,8102646;66,4568253;64,0405731;18,4573078;2009-05-01
"54";2009;6;54,0071678;102,3254013;72,4748154;41,2190704;12,7880917;2009-06-01
"55";2009;7;5,3802967;156,9083405;117,6812592;3,5608826;1,8194141;2009-07-01
"56";2009;8;0,6658783;119,8951035;89,3195038;0,2672202;0,3986581;2009-08-01
"57";2009;9;39,6685905;117,7861176;30,9993458;30,2978439;9,3707457;2009-09-01
"58";2009;10;56,9814224;106,0839005;19,8291969;43,3885956;13,5928268;2009-10-01
"59";2009;11;724,5911255;71,5655975;24,6499844;586,0792847;138,5115662;2009-11-01
"60";2009;12;397,2185669;40,4450531;13,001399;319,8105164;77,4080887;2009-12-01
"61";2010;1;636,4997559;43,3682365;11,0565023;513,8446045;122,6551437;2010-01-01
"62";2010;2;132,5275421;47,4672432;25,527729;104,4614563;28,0660782;2010-02-01
"63";2010;3;258,2542114;76,5842743;30,7263622;203,1714935;55,0827332;2010-03-01
"64";2010;4;111,7077408;73,8422394;48,3649521;86,6423416;25,0654049;2010-04-01
"65";2010;5;82,497879;90,8102646;66,4568253;64,0405731;18,4573078;2010-05-01
"66";2010;6;54,0071678;102,3254013;72,4748154;41,2190704;12,7880917;2010-06-01
"67";2010;7;5,3802967;156,9083405;117,6812592;3,5608826;1,8194141;2010-07-01
"68";2010;8;0,6658783;119,8951035;89,3195038;0,2672202;0,3986581;2010-08-01
"69";2010;9;39,6685905;117,7861176;30,9993458;30,2978439;9,3707457;2010-09-01
"70";2010;10;56,9814224;106,0839005;19,8291969;43,3885956;13,5928268;2010-10-01
"71";2010;11;724,5911255;71,5655975;24,6499844;586,0792847;138,5115662;2010-11-01
"72";2010;12;397,2185669;40,4450531;13,001399;319,8105164;77,4080887;2010-12-01
"73";2011;1;636,4997559;43,3682365;11,0565023;513,8446045;122,6551437;2011-01-01
"74";2011;2;132,5275421;47,4672432;25,527729;104,4614563;28,0660782;2011-02-01
"75";2011;3;258,2542114;76,5842743;30,7263622;203,1714935;55,0827332;2011-03-01
"76";2011;4;111,7077408;73,8422394;48,3649521;86,6423416;25,0654049;2011-04-01
"77";2011;5;82,497879;90,8102646;66,4568253;64,0405731;18,4573078;2011-05-01
"78";2011;6;54,0071678;102,3254013;72,4748154;41,2190704;12,7880917;2011-06-01
"79";2011;7;5,3802967;156,9083405;117,6812592;3,5608826;1,8194141;2011-07-01
"80";2011;8;0,6658783;119,8951035;89,3195038;0,2672202;0,3986581;2011-08-01
"81";2011;9;39,6685905;117,7861176;30,9993458;30,2978439;9,3707457;2011-09-01
"82";2011;10;56,9814224;106,0839005;19,8291969;43,3885956;13,5928268;2011-10-01
"83";2011;11;724,5911255;71,5655975;24,6499844;586,0792847;138,5115662;2011-11-01
"84";2011;12;397,2185669;40,4450531;13,001399;319,8105164;77,4080887;2011-12-01
"85";2012;1;636,4997559;43,3682365;11,0565023;513,8446045;122,6551437;2012-01-01
"86";2012;2;132,5275421;47,4672432;25,527729;104,4614563;28,0660782;2012-02-01
"87";2012;3;258,2542114;76,5842743;30,7263622;203,1714935;55,0827332;2012-03-01
"88";2012;4;111,7077408;73,8422394;48,3649521;86,6423416;25,0654049;2012-04-01
"89";2012;5;82,497879;90,8102646;66,4568253;64,0405731;18,4573078;2012-05-01
"90";2012;6;54,0071678;102,3254013;72,4748154;41,2190704;12,7880917;2012-06-01
"91";2012;7;5,3802967;156,9083405;117,6812592;3,5608826;1,8194141;2012-07-01
"92";2012;8;0,6658783;119,8951035;89,3195038;0,2672202;0,3986581;2012-08-01
"93";2012;9;39,6685905;117,7861176;30,9993458;30,2978439;9,3707457;2012-09-01
"94";2012;10;56,9814224;106,0839005;19,8291969;43,3885956;13,5928268;2012-10-01
"95";2012;11;724,5911255;71,5655975;24,6499844;586,0792847;138,5115662;2012-11-01
"96";2012;12;397,2185669;40,4450531;13,001399;319,8105164;77,4080887;2012-12-01
"97";2013;1;636,4997559;43,3682365;11,0565023;513,8446045;122,6551437;2013-01-01
"98";2013;2;132,5275421;47,4672432;25,527729;104,4614563;28,0660782;2013-02-01
"99";2013;3;258,2542114;76,5842743;30,7263622;203,1714935;55,0827332;2013-03-01
"100";2013;4;111,7077408;73,8422394;48,3649521;86,6423416;25,0654049;2013-04-01
"101";2013;5;82,497879;90,8102646;66,4568253;64,0405731;18,4573078;2013-05-01
"102";2013;6;54,0071678;102,3254013;72,4748154;41,2190704;12,7880917;2013-06-01
"103";2013;7;5,3802967;156,9083405;117,6812592;3,5608826;1,8194141;2013-07-01
"104";2013;8;0,6658783;119,8951035;89,3195038;0,2672202;0,3986581;2013-08-01
"105";2013;9;39,6685905;117,7861176;30,9993458;30,2978439;9,3707457;2013-09-01
"106";2013;10;56,9814224;106,0839005;19,8291969;43,3885956;13,5928268;2013-10-01
"107";2013;11;724,5911255;71,5655975;24,6499844;586,0792847;138,5115662;2013-11-01
"108";2013;12;397,2185669;40,4450531;13,001399;319,8105164;77,4080887;2013-12-01
"109";2014;1;636,4997559;43,3682365;11,0565023;513,8446045;122,6551437;2014-01-01
"110";2014;2;132,5275421;47,4672432;25,527729;104,4614563;28,0660782;2014-02-01
"111";2014;3;258,2542114;76,5842743;30,7263622;203,1714935;55,0827332;2014-03-01
"112";2014;4;111,7077408;73,8422394;48,3649521;86,6423416;25,0654049;2014-04-01
"113";2014;5;82,497879;90,8102646;66,4568253;64,0405731;18,4573078;2014-05-01
"114";2014;6;54,0071678;102,3254013;72,4748154;41,2190704;12,7880917;2014-06-01
"115";2014;7;5,3802967;156,9083405;117,6812592;3,5608826;1,8194141;2014-07-01
"116";2014;8;0,6658783;119,8951035;89,3195038;0,2672202;0,3986581;2014-08-01
"117";2014;9;39,6685905;117,7861176;30,9993458;30,2978439;9,3707457;2014-09-01
"118";2014;10;56,9814224;106,0839005;19,8291969;43,3885956;13,5928268;2014-10-01
"119";2014;11;724,5911255;71,5655975;24,6499844;586,0792847;138,5115662;2014-11-01
"120";2014;12;397,2185669;40,4450531;13,001399;319,8105164;77,4080887;2014-12-01
"121";2015;1;636,4997559;43,3682365;11,0565023;513,8446045;122,6551437;2015-01-01
"122";2015;2;132,5275421;47,4672432;25,527729;104,4614563;28,0660782;2015-02-01
"123";2015;3;258,2542114;76,5842743;30,7263622;203,1714935;55,0827332;2015-03-01
"124";2015;4;111,7077408;73,8422394;48,3649521;86,6423416;25,0654049;2015-04-01
"125";2015;5;82,497879;90,8102646;66,4568253;64,0405731;18,4573078;2015-05-01
"126";2015;6;54,0071678;102,3254013;72,4748154;41,2190704;12,7880917;2015-06-01
"127";2015;7;5,3802967;156,9083405;117,6812592;3,5608826;1,8194141;2015-07-01
"128";2015;8;0,6658783;119,8951035;89,3195038;0,2672202;0,3986581;2015-08-01
"129";2015;9;39,6685905;117,7861176;30,9993458;30,2978439;9,3707457;2015-09-01
"130";2015;10;56,9814224;106,0839005;19,8291969;43,3885956;13,5928268;2015-10-01
"131";2015;11;724,5911255;71,5655975;24,6499844;586,0792847;138,5115662;2015-11-01
"132";2015;12;397,2185669;40,4450531;13,001399;319,8105164;77,4080887;2015-12-01
"133";2016;1;636,4997559;43,3682365;11,0565023;513,8446045;122,6551437;2016-01-01
"134";2016;2;132,5275421;47,4672432;25,527729;104,4614563;28,0660782;2016-02-01
"135";2016;3;258,2542114;76,5842743;30,7263622;203,1714935;55,0827332;2016-03-01
"136";2016;4;111,7077408;73,8422394;48,3649521;86,6423416;25,0654049;2016-04-01
"137";2016;5;82,497879;90,8102646;66,4568253;64,0405731;18,4573078;2016-05-01
"138";2016;6;54,0071678;102,3254013;72,4748154;41,2190704;12,7880917;2016-06-01
"139";2016;7;5,3802967;156,9083405;117,6812592;3,5608826;1,8194141;2016-07-01
"140";2016;8;0,6658783;119,8951035;89,3195038;0,2672202;0,3986581;2016-08-01
"141";2016;9;39,6685905;117,7861176;30,9993458;30,2978439;9,3707457;2016-09-01
"142";2016;10;56,9814224;106,0839005;19,8291969;43,3885956;13,5928268;2016-10-01
"143";2016;11;724,5911255;71,5655975;24,6499844;586,0792847;138,5115662;2016-11-01
"144";2016;12;397,2185669;40,4450531;13,001399;319,8105164;77,4080887;2016-12-01
"145";2017;1;636,4997559;43,3682365;11,0565023;513,8446045;122,6551437;2017-01-01
"146";2017;2;132,5275421;47,4672432;25,527729;104,4614563;28,0660782;2017-02-01
"147";2017;3;258,2542114;76,5842743;30,7263622;203,1714935;55,0827332;2017-03-01
"148";2017;4;111,7077408;73,8422394;48,3649521;86,6423416;25,0654049;2017-04-01
"149";2017;5;82,497879;90,8102646;66,4568253;64,0405731;18,4573078;2017-05-01
"150";2017;6;54,0071678;102,3254013;72,4748154;41,2190704;12,7880917;2017-06-01
"151";2017;7;5,3802967;156,9083405;117,6812592;3,5608826;1,8194141;2017-07-01
"152";2017;8;0,6658783;119,8951035;89,3195038;0,2672202;0,3986581;2017-08-01
"153";2017;9;39,6685905;117,7861176;30,9993458;30,2978439;9,3707457;2017-09-01
"154";2017;10;56,9814224;106,0839005;19,8291969;43,3885956;13,5928268;2017-10-01
"155";2017;11;724,5911255;71,5655975;24,6499844;586,0792847;138,5115662;2017-11-01
"156";2017;12;397,2185669;40,4450531;13,001399;319,8105164;77,4080887;2017-12-01
"157";2018;1;636,4997559;43,3682365;11,0565023;513,8446045;122,6551437;2018-01-01
"158";2018;2;132,5275421;47,4672432;25,527729;104,4614563;28,0660782;2018-02-01
"159";2018;3;258,2542114;76,5842743;30,7263622;203,1714935;55,0827332;2018-03-01
"160";2018;4;111,7077408;73,8422394;48,3649521;86,6423416;25,0654049;2018-04-01
"161";2018;5;82,497879;90,8102646;66,4568253;64,0405731;18,4573078;2018-05-01
"162";2018;6;54,0071678;102,3254013;72,4748154;41,2190704;12,7880917;2018-06-01
"163";2018;7;5,3802967;156,9083405;117,6812592;3,5608826;1,8194141;2018-07-01
"164";2018;8;0,6658783;119,8951035;89,3195038;0,2672202;0,3986581;2018-08-01
"165";2018;9;39,6685905;117,7861176;30,9993458;30,2978439;9,3707457;2018-09-01
"166";2018;10;56,9814224;106,0839005;19,8291969;43,3885956;13,5928268;2018-10-01
"167";2018;11;724,5911255;71,5655975;24,6499844;586,0792847;138,5115662;2018-11-01
"168";2018;12;397,2185669;40,4450531;13,001399;319,8105164;77,4080887;2018-12-01
"169";2019;1;636,4997559;43,3682365;11,0565023;513,8446045;122,6551437;2019-01-01
"170";2019;2;132,5275421;47,4672432;25,527729;104,4614563;28,0660782;2019-02-01
"171";2019;3;258,2542114;76,5842743;30,7263622;203,1714935;55,0827332;2019-03-01
"172";2019;4;111,7077408;73,8422394;48,3649521;86,6423416;25,0654049;2019-04-01
"173";2019;5;82,497879;90,8102646;66,4568253;64,0405731;18,4573078;2019-05-01
"174";2019;6;54,0071678;102,3254013;72,4748154;41,2190704;12,7880917;2019-06-01
"175";2019;7;5,3802967;156,9083405;117,6812592;3,5608826;1,8194141;2019-07-01
"176";2019;8;0,6658783;119,8951035;89,3195038;0,2672202;0,3986581;2019-08-01
"177";2019;9;39,6685905;117,7861176;30,9993458;30,2978439;9,3707457;2019-09-01
"178";2019;10;56,9814224;106,0839005;19,8291969;43,3885956;13,5928268;2019-10-01
"179";2019;11;724,5911255;71,5655975;24,6499844;586,0792847;138,5115662;2019-11-01
"180";2019;12;397,2185669;40,4450531;13,001399;319,8105164;77,4080887;2019-12-01
"181";2020;1;636,4997559;43,3682365;11,0565023;513,8446045;122,6551437;2020-01-01
"182";2020;2;132,5275421;47,4672432;25,527729;104,4614563;28,0660782;2020-02-01
"183";2020;3;258,2542114;76,5842743;30,7263622;203,1714935;55,0827332;2020-03-01
"184";2020;4;111,7077408;73,8422394;48,3649521;86,6423416;25,0654049;2020-04-01
"185";2020;5;82,497879;90,8102646;66,4568253;64,0405731;18,4573078;2020-05-01
"186";2020;6;54,0071678;102,3254013;72,4748154;41,2190704;12,7880917;2020-06-01
"187";2020;7;5,3802967;156,9083405;117,6812592;3,5608826;1,8194141;2020-07-01
"188";2020;8;0,6658783;119,8951035;89,3195038;0,2672202;0,3986581;2020-08-01
"189";2020;9;39,6685905;117,7861176;30,9993458;30,2978439;9,3707457;2020-09-01
"190";2020;10;56,9814224;106,0839005;19,8291969;43,3885956;13,5928268;2020-10-01
"191";2020;11;724,5911255;71,5655975;24,6499844;586,0792847;138,5115662;2020-11-01
"192";2020;12;397,2185669;40,4450531;13,001399;319,8105164;77,4080887;2020-12-01
"193";2021;1;636,4997559;43,3682365;11,0565023;513,8446045;122,6551437;2021-01-01
"194";2021;2;132,5275421;47,4672432;25,527729;104,4614563;28,0660782;2021-02-01
"195";2021;3;258,2542114;76,5842743;30,7263622;203,1714935;55,0827332;2021-03-01
"196";2021;4;111,7077408;73,8422394;48,3649521;86,6423416;25,0654049;2021-04-01
"197";2021;5;82,497879;90,8102646;66,4568253;64,0405731;18,4573078;2021-05-01
"198";2021;6;54,0071678;102,3254013;72,4748154;41,2190704;12,7880917;2021-06-01
"199";2021;7;5,3802967;156,9083405;117,6812592;3,5608826;1,8194141;2021-07-01
"200";2021;8;0,6658783;119,8951035;89,3195038;0,2672202;0,3986581;2021-08-01
"201";2021;9;39,6685905;117,7861176;30,9993458;30,2978439;9,3707457;2021-09-01
"202";2021;10;56,9814224;106,0839005;19,8291969;43,3885956;13,5928268;2021-10-01
"203";2021;11;724,5911255;71,5655975;24,6499844;586,0792847;138,5115662;2021-11-01
"204";2021;12;397,2185669;40,4450531;13,001399;319,8105164;77,4080887;2021-12-01
"205";2022;1;636,4997559;43,3682365;11,0565023;513,8446045;122,6551437;2022-01-01
"206";2022;2;132,5275421;47,4672432;25,527729;104,4614563;28,0660782;2022-02-01
"207";2022;3;258,2542114;76,5842743;30,7263622;203,1714935;55,0827332;2022-03-01
"208";2022;4;111,7077408;73,8422394;48,3649521;86,6423416;25,0654049;2022-04-01
"209";2022;5;82,497879;90,8102646;66,4568253;64,0405731;18,4573078;2022-05-01
"210";2022;6;54,0071678;102,3254013;72,4748154;41,2190704;12,7880917;2022-06-01
"211";2022;7;5,3802967;156,9083405;117,6812592;3,5608826;1,8194141;2022-07-01
"212";2022;8;0,6658783;119,8951035;89,3195038;0,2672202;0,3986581;2022-08-01
"213";2022;9;39,6685905;117,7861176;30,9993458;30,2978439;9,3707457;2022-09-01
"214";2022;10;56,9814224;106,0839005;19,8291969;43,3885956;13,5928268;2022-10-01
"215";2022;11;724,5911255;71,5655975;24,6499844;586,0792847;138,5115662;2022-11-01
"216";2022;12;397,2185669;40,4450531;13,001399;319,8105164;77,4080887;2022-12-01
"217";2023;1;636,4997559;43,3682365;11,0565023;513,8446045;122,6551437;2023-01-01
"218";2023;2;132,5275421;47,4672432;25,527729;104,4614563;28,0660782;2023-02-01
"219";2023;3;258,2542114;76,5842743;30,7263622;203,1714935;55,0827332;2023-03-01
"220";2023;4;111,7077408;73,8422394;48,3649521;86,6423416;25,0654049;2023-04-01
"221";2023;5;82,497879;90,8102646;66,4568253;64,0405731;18,4573078;2023-05-01
"222";2023;6;54,0071678;102,3254013;72,4748154;41,2190704;12,7880917;2023-06-01
"223";2023;7;5,3802967;156,9083405;117,6812592;3,5608826;1,8194141;2023-07-01
"224";2023;8;0,6658783;119,8951035;89,3195038;0,2672202;0,3986581;2023-08-01
"225";2023;9;39,6685905;117,7861176;30,9993458;30,2978439;9,3707457;2023-09-01
"226";2023;10;56,9814224;106,0839005;19,8291969;43,3885956;13,5928268;2023-10-01
"227";2023;11;724,5911255;71,5655975;24,6499844;586,0792847;138,5115662;2023-11-01
"228";2023;12;397,2185669;40,4450531;13,001399;319,8105164;77,4080887;2023-12-01
"229";2024;1;636,4997559;43,3682365;11,0565023;513,8446045;122,6551437;2024-01-01
"230";2024;2;132,5275421;47,4672432;25,527729;104,4614563;28,0660782;2024-02-01
"231";2024;3;258,2542114;76,5842743;30,7263622;203,1714935;55,0827332;2024-03-01
"232";2024;4;111,7077408;73,8422394;48,3649521;86,6423416;25,0654049;2024-04-01
"233";2024;5;82,497879;90,8102646;66,4568253;64,0405731;18,4573078;2024-05-01
"234";2024;6;54,0071678;102,3254013;72,4748154;41,2190704;12,7880917;2024-06-01
"235";2024;7;5,3802967;156,9083405;117,6812592;3,5608826;1,8194141;2024-07-01
"236";2024;8;0,6658783;119,8951035;89,3195038;0,2672202;0,3986581;2024-08-01
"237";2024;9;39,6685905;117,7861176;30,9993458;30,2978439;9,3707457;2024-09-01
"238";2024;10;56,9814224;106,0839005;19,8291969;43,3885956;13,5928268;2024-10-01
"239";2024;11;724,5911255;71,5655975;24,6499844;586,0792847;138,5115662;2024-11-01
"240";2024;12;397,2185669;40,4450531;13,001399;319,8105164;77,4080887;2024-12-01
"241";2025;1;636,4997559;43,3682365;11,0565023;513,8446045;122,6551437;2025-01-01
"242";2025;2;132,5275421;47,4672432;25,527729;104,4614563;28,0660782;2025-02-01
"243";2025;3;258,2542114;76,5842743;30,7263622;203,1714935;55,0827332;2025-03-01
"244";2025;4;111,7077408;73,8422394;48,3649521;86,6423416;25,0654049;2025-04-01
"245";2025;5;82,497879;90,8102646;66,4568253;64,0405731;18,4573078;2025-05-01
"246";2025;6;54,0071678;102,3254013;72,4748154;41,2190704;12,7880917;2025-06-01
"247";2025;7;5,3802967;156,9083405;117,6812592;3,5608826;1,8194141;2025-07-01
"248";2025;8;0,6658783;119,8951035;89,3195038;0,2672202;0,3986581;2025-08-01
"249";2025;9;39,6685905;117,7861176;30,9993458;30,2978439;9,3707457;2025-09-01
"250";2025;10;56,9814224;106,0839005;19,8291969;43,3885956;13,5928268;2025-10-01
"251";2025;11;724,5911255;71,5655975;24,6499844;586,0792847;138,5115662;2025-11-01
"252";2025;12;397,2185669;40,4450531;13,001399;319,8105164;77,4080887;2025-12-01
"253";2026;1;636,4997559;43,3682365;11,0565023;513,8446045;122,6551437;2026-01-01
"254";2026;2;132,5275421;47,4672432;25,527729;104,4614563;28,0660782;2026-02-01
"255";2026;3;258,2542114;76,5842743;30,7263622;203,1714935;55,0827332;2026-03-01
"256";2026;4;111,7077408;73,8422394;48,3649521;86,6423416;25,0654049;2026-04-01
"257";2026;5;82,497879;90,8102646;66,4568253;64,0405731;18,4573078;2026-05-01
"258";2026;6;54,0071678;102,3254013;72,4748154;41,2190704;12,7880917;2026-06-01
"259";2026;7;5,3802967;156,9083405;117,6812592;3,5608826;1,8194141;2026-07-01
"260";2026;8;0,6658783;119,8951035;89,3195038;0,2672202;0,3986581;2026-08-01
"261";2026;9;39,6685905;117,7861176;30,9993458;30,2978439;9,3707457;2026-09-01
"262";2026;10;56,9814224;106,0839005;19,8291969;43,3885956;13,5928268;2026-10-01
"263";2026;11;724,5911255;71,5655975;24,6499844;586,0792847;138,5115662;2026-11-01
"264";2026;12;397,2185669;40,4450531;13,001399;319,8105164;77,4080887;2026-12-01
"265";2027;1;636,4997559;43,3682365;11,0565023;513,8446045;122,6551437;2027-01-01
"266";2027;2;132,5275421;47,4672432;25,527729;104,4614563;28,0660782;2027-02-01
"267";2027;3;258,2542114;76,5842743;30,7263622;203,1714935;55,0827332;2027-03-01
"268";2027;4;111,7077408;73,8422394;48,3649521;86,6423416;25,0654049;2027-04-01
"269";2027;5;82,497879;90,8102646;66,4568253;64,0405731;18,4573078;2027-05-01
"270";2027;6;54,0071678;102,3254013;72,4748154;41,2190704;12,7880917;2027-06-01
"271";2027;7;5,3802967;156,9083405;117,6812592;3,5608826;1,8194141;2027-07-01
"272";2027;8;0,6658783;119,8951035;89,3195038;0,2672202;0,3986581;2027-08-01
"273";2027;9;39,6685905;117,7861176;30,9993458;30,2978439;9,3707457;2027-09-01
"274";2027;10;56,9814224;106,0839005;19,8291969;43,3885956;13,5928268;2027-10-01
"275";2027;11;724,5911255;71,5655975;24,6499844;586,0792847;138,5115662;2027-11-01
"276";2027;12;397,2185669;40,4450531;13,001399;319,8105164;77,4080887;2027-12-01
"277";2028;1;636,4997559;43,3682365;11,0565023;513,8446045;122,6551437;2028-01-01
"278";2028;2;132,5275421;47,4672432;25,527729;104,4614563;28,0660782;2028-02-01
"279";2028;3;258,2542114;76,5842743;30,7263622;203,1714935;55,0827332;2028-03-01
"280";2028;4;111,7077408;73,8422394;48,3649521;86,6423416;25,0654049;2028-04-01
"281";2028;5;82,497879;90,8102646;66,4568253;64,0405731;18,4573078;2028-05-01
"282";2028;6;54,0071678;102,3254013;72,4748154;41,2190704;12,7880917;2028-06-01
"283";2028;7;5,3802967;156,9083405;117,6812592;3,5608826;1,8194141;2028-07-01
"284";2028;8;0,6658783;119,8951035;89,3195038;0,2672202;0,3986581;2028-08-01
"285";2028;9;39,6685905;117,7861176;30,9993458;30,2978439;9,3707457;2028-09-01
"286";2028;10;56,9814224;106,0839005;19,8291969;43,3885956;13,5928268;2028-10-01
"287";2028;11;724,5911255;71,5655975;24,6499844;586,0792847;138,5115662;2028-11-01
"288";2028;12;397,2185669;40,4450531;13,001399;319,8105164;77,4080887;2028-12-01
"289";2029;1;636,4997559;43,3682365;11,0565023;513,8446045;122,6551437;2029-01-01
"290";2029;2;132,5275421;47,4672432;25,527729;104,4614563;28,0660782;2029-02-01
"291";2029;3;258,2542114;76,5842743;30,7263622;203,1714935;55,0827332;2029-03-01
"292";2029;4;111,7077408;73,8422394;48,3649521;86,6423416;25,0654049;2029-04-01
"293";2029;5;82,497879;90,8102646;66,4568253;64,0405731;18,4573078;2029-05-01
"294";2029;6;54,0071678;102,3254013;72,4748154;41,2190704;12,7880917;2029-06-01
"295";2029;7;5,3802967;156,9083405;117,6812592;3,5608826;1,8194141;2029-07-01
"296";2029;8;0,6658783;119,8951035;89,3195038;0,2672202;0,3986581;2029-08-01
"297";2029;9;39,6685905;117,7861176;30,9993458;30,2978439;9,3707457;2029-09-01
"298";2029;10;56,9814224;106,0839005;19,8291969;43,3885956;13,5928268;2029-10-01
"299";2029;11;724,5911255;71,5655975;24,6499844;586,0792847;138,5115662;2029-11-01
"300";2029;12;397,2185669;40,4450531;13,001399;319,8105164;77,4080887;2029-12-01
"301";2030;1;636,4997559;43,3682365;11,0565023;513,8446045;122,6551437;2030-01-01
"302";2030;2;132,5275421;47,4672432;25,527729;104,4614563;28,0660782;2030-02-01
"303";2030;3;258,2542114;76,5842743;30,7263622;203,1714935;55,0827332;2030-03-01
"304";2030;4;111,7077408;73,8422394;48,3649521;86,6423416;25,0654049;2030-04-01
"305";2030;5;82,497879;90,8102646;66,4568253;64,0405731;18,4573078;2030-05-01
"306";2030;6;54,0071678;102,3254013;72,4748154;41,2190704;12,7880917;2030-06-01
"307";2030;7;5,3802967;156,9083405;117,6812592;3,5608826;1,8194141;2030-07-01
"308";2030;8;0,6658783;119,8951035;89,3195038;0,2672202;0,3986581;2030-08-01
"309";2030;9;39,6685905;117,7861176;30,9993458;30,2978439;9,3707457;2030-09-01
"310";2030;10;56,9814224;106,0839005;19,8291969;43,3885956;13,5928268;2030-10-01
"311";2030;11;724,5911255;71,5655975;24,6499844;586,0792847;138,5115662;2030-11-01
"312";2030;12;397,2185669;40,4450531;13,001399;319,8105164;77,4080887;2030-12-01
"313";2031;1;636,4997559;43,3682365;11,0565023;513,8446045;122,6551437;2031-01-01
"314";2031;2;132,5275421;47,4672432;25,527729;104,4614563;28,0660782;2031-02-01
"315";2031;3;258,2542114;76,5842743;30,7263622;203,1714935;55,0827332;2031-03-01
"316";2031;4;111,7077408;73,8422394;48,3649521;86,6423416;25,0654049;2031-04-01
"317";2031;5;82,497879;90,8102646;66,4568253;64,0405731;18,4573078;2031-05-01
"318";2031;6;54,0071678;102,3254013;72,4748154;41,2190704;12,7880917;2031-06-01
"319";2031;7;5,3802967;156,9083405;117,6812592;3,5608826;1,8194141;2031-07-01
"320";2031;8;0,6658783;119,8951035;89,3195038;0,2672202;0,3986581;2031-08-01
"321";2031;9;39,6685905;117,7861176;30,9993458;30,2978439;9,3707457;2031-09-01
"322";2031;10;56,9814224;106,0839005;19,8291969;43,3885956;13,5928268;2031-10-01
"323";2031;11;724,5911255;71,5655975;24,6499844;586,0792847;138,5115662;2031-11-01
"324";2031;12;397,2185669;40,4450531;13,001399;319,8105164;77,4080887;2031-12-01
"325";2032;1;636,4997559;43,3682365;11,0565023;513,8446045;122,6551437;2032-01-01
"326";2032;2;132,5275421;47,4672432;25,527729;104,4614563;28,0660782;2032-02-01
"327";2032;3;258,2542114;76,5842743;30,7263622;203,1714935;55,0827332;2032-03-01
"328";2032;4;111,7077408;73,8422394;48,3649521;86,6423416;25,0654049;2032-04-01
"329";2032;5;82,497879;90,8102646;66,4568253;64,0405731;18,4573078;2032-05-01
"330";2032;6;54,0071678;102,3254013;72,4748154;41,2190704;12,7880917;2032-06-01
"331";2032;7;5,3802967;156,9083405;117,6812592;3,5608826;1,8194141;2032-07-01
"332";2032;8;0,6658783;119,8951035;89,3195038;0,2672202;0,3986581;2032-08-01
"333";2032;9;39,6685905;117,7861176;30,9993458;30,2978439;9,3707457;2032-09-01
"334";2032;10;56,9814224;106,0839005;19,8291969;43,3885956;13,5928268;2032-10-01
"335";2032;11;724,5911255;71,5655975;24,6499844;586,0792847;138,5115662;2032-11-01
"336";2032;12;397,2185669;40,4450531;13,001399;319,8105164;77,4080887;2032-12-01
"337";2033;1;636,4997559;43,3682365;11,0565023;513,8446045;122,6551437;2033-01-01
"338";2033;2;132,5275421;47,4672432;25,527729;104,4614563;28,0660782;2033-02-01
"339";2033;3;258,2542114;76,5842743;30,7263622;203,1714935;55,0827332;2033-03-01
"340";2033;4;111,7077408;73,8422394;48,3649521;86,6423416;25,0654049;2033-04-01
"341";2033;5;82,497879;90,8102646;66,4568253;64,0405731;18,4573078;2033-05-01
"342";2033;6;54,0071678;102,3254013;72,4748154;41,2190704;12,7880917;2033-06-01
"343";2033;7;5,3802967;156,9083405;117,6812592;3,5608826;1,8194141;2033-07-01
"344";2033;8;0,6658783;119,8951035;89,3195038;0,2672202;0,3986581;2033-08-01
"345";2033;9;39,6685905;117,7861176;30,9993458;30,2978439;9,3707457;2033-09-01
"346";2033;10;56,9814224;106,0839005;19,8291969;43,3885956;13,5928268;2033-10-01
"347";2033;11;724,5911255;71,5655975;24,6499844;586,0792847;138,5115662;2033-11-01
"348";2033;12;397,2185669;40,4450531;13,001399;319,8105164;77,4080887;2033-12-01
"349";2034;1;636,4997559;43,3682365;11,0565023;513,8446045;122,6551437;2034-01-01
"350";2034;2;132,5275421;47,4672432;25,527729;104,4614563;28,0660782;2034-02-01
"351";2034;3;258,2542114;76,5842743;30,7263622;203,1714935;55,0827332;2034-03-01
"352";2034;4;111,7077408;73,8422394;48,3649521;86,6423416;25,0654049;2034-04-01
"353";2034;5;82,497879;90,8102646;66,4568253;64,0405731;18,4573078;2034-05-01
"354";2034;6;54,0071678;102,3254013;72,4748154;41,2190704;12,7880917;2034-06-01
"355";2034;7;5,3802967;156,9083405;117,6812592;3,5608826;1,8194141;2034-07-01
"356";2034;8;0,6658783;119,8951035;89,3195038;0,2672202;0,3986581;2034-08-01
"357";2034;9;39,6685905;117,7861176;30,9993458;30,2978439;9,3707457;2034-09-01
"358";2034;10;56,9814224;106,0839005;19,8291969;43,3885956;13,5928268;2034-10-01
"359";2034;11;724,5911255;71,5655975;24,6499844;586,0792847;138,5115662;2034-11-01
"360";2034;12;397,2185669;40,4450531;13,001399;319,8105164;77,4080887;2034-12-01
"361";2035;1;636,4997559;43,3682365;11,0565023;513,8446045;122,6551437;2035-01-01
"362";2035;2;132,5275421;47,4672432;25,527729;104,4614563;28,0660782;2035-02-01
"363";2035;3;258,2542114;76,5842743;30,7263622;203,1714935;55,0827332;2035-03-01
"364";2035;4;111,7077408;73,8422394;48,3649521;86,6423416;25,0654049;2035-04-01
"365";2035;5;82,497879;90,8102646;66,4568253;64,0405731;18,4573078;2035-05-01
"366";2035;6;54,0071678;102,3254013;72,4748154;41,2190704;12,7880917;2035-06-01
"367";2035;7;5,3802967;156,9083405;117,6812592;3,5608826;1,8194141;2035-07-01
"368";2035;8;0,6658783;119,8951035;89,3195038;0,2672202;0,3986581;2035-08-01
"369";2035;9;39,6685905;117,7861176;30,9993458;30,2978439;9,3707457;2035-09-01
"370";2035;10;56,9814224;106,0839005;19,8291969;43,3885956;13,5928268;2035-10-01
"371";2035;11;724,5911255;71,5655975;24,6499844;586,0792847;138,5115662;2035-11-01
"372";2035;12;397,2185669;40,4450531;13,001399;319,8105164;77,4080887;2035-12-01
"373";2036;1;636,4997559;43,3682365;11,0565023;513,8446045;122,6551437;2036-01-01
"374";2036;2;132,5275421;47,4672432;25,527729;104,4614563;28,0660782;2036-02-01
"375";2036;3;258,2542114;76,5842743;30,7263622;203,1714935;55,0827332;2036-03-01
"376";2036;4;111,7077408;73,8422394;48,3649521;86,6423416;25,0654049;2036-04-01
"377";2036;5;82,497879;90,8102646;66,4568253;64,0405731;18,4573078;2036-05-01
"378";2036;6;54,0071678;102,3254013;72,4748154;41,2190704;12,7880917;2036-06-01
"379";2036;7;5,3802967;156,9083405;117,6812592;3,5608826;1,8194141;2036-07-01
"380";2036;8;0,6658783;119,8951035;89,3195038;0,2672202;0,3986581;2036-08-01
"381";2036;9;39,6685905;117,7861176;30,9993458;30,2978439;9,3707457;2036-09-01
"382";2036;10;56,9814224;106,0839005;19,8291969;43,3885956;13,5928268;2036-10-01
"383";2036;11;724,5911255;71,5655975;24,6499844;586,0792847;138,5115662;2036-11-01
"384";2036;12;397,2185669;40,4450531;13,001399;319,8105164;77,4080887;2036-12-01
"385";2037;1;636,4997559;43,3682365;11,0565023;513,8446045;122,6551437;2037-01-01
"386";2037;2;132,5275421;47,4672432;25,527729;104,4614563;28,0660782;2037-02-01
"387";2037;3;258,2542114;76,5842743;30,7263622;203,1714935;55,0827332;2037-03-01
"388";2037;4;111,7077408;73,8422394;48,3649521;86,6423416;25,0654049;2037-04-01
"389";2037;5;82,497879;90,8102646;66,4568253;64,0405731;18,4573078;2037-05-01
"390";2037;6;54,0071678;102,3254013;72,4748154;41,2190704;12,7880917;2037-06-01
"391";2037;7;5,3802967;156,9083405;117,6812592;3,5608826;1,8194141;2037-07-01
"392";2037;8;0,6658783;119,8951035;89,3195038;0,2672202;0,3986581;2037-08-01
"393";2037;9;39,6685905;117,7861176;30,9993458;30,2978439;9,3707457;2037-09-01
"394";2037;10;56,9814224;106,0839005;19,8291969;43,3885956;13,5928268;2037-10-01
"395";2037;11;724,5911255;71,5655975;24,6499844;586,0792847;138,5115662;2037-11-01
"396";2037;12;397,2185669;40,4450531;13,001399;319,8105164;77,4080887;2037-12-01
"397";2038;1;636,4997559;43,3682365;11,0565023;513,8446045;122,6551437;2038-01-01
"398";2038;2;132,5275421;47,4672432;25,527729;104,4614563;28,0660782;2038-02-01
"399";2038;3;258,2542114;76,5842743;30,7263622;203,1714935;55,0827332;2038-03-01
"400";2038;4;111,7077408;73,8422394;48,3649521;86,6423416;25,0654049;2038-04-01
"401";2038;5;82,497879;90,8102646;66,4568253;64,0405731;18,4573078;2038-05-01
"402";2038;6;54,0071678;102,3254013;72,4748154;41,2190704;12,7880917;2038-06-01
"403";2038;7;5,3802967;156,9083405;117,6812592;3,5608826;1,8194141;2038-07-01
"404";2038;8;0,6658783;119,8951035;89,3195038;0,2672202;0,3986581;2038-08-01
"405";2038;9;39,6685905;117,7861176;30,9993458;30,2978439;9,3707457;2038-09-01
"406";2038;10;56,9814224;106,0839005;19,8291969;43,3885956;13,5928268;2038-10-01
"407";2038;11;724,5911255;71,5655975;24,6499844;586,0792847;138,5115662;2038-11-01
"408";2038;12;397,2185669;40,4450531;13,001399;319,8105164;77,4080887;2038-12-01
"409";2039;1;636,4997559;43,3682365;11,0565023;513,8446045;122,6551437;2039-01-01
"410";2039;2;132,5275421;47,4672432;25,527729;104,4614563;28,0660782;2039-02-01
"411";2039;3;258,2542114;76,5842743;30,7263622;203,1714935;55,0827332;2039-03-01
"412";2039;4;111,7077408;73,8422394;48,3649521;86,6423416;25,0654049;2039-04-01
"413";2039;5;82,497879;90,8102646;66,4568253;64,0405731;18,4573078;2039-05-01
"414";2039;6;54,0071678;102,3254013;72,4748154;41,2190704;12,7880917;2039-06-01
"415";2039;7;5,3802967;156,9083405;117,6812592;3,5608826;1,8194141;2039-07-01
"416";2039;8;0,6658783;119,8951035;89,3195038;0,2672202;0,3986581;2039-08-01
"417";2039;9;39,6685905;117,7861176;30,9993458;30,2978439;9,3707457;2039-09-01
"418";2039;10;56,9814224;106,0839005;19,8291969;43,3885956;13,5928268;2039-10-01
"419";2039;11;724,5911255;71,5655975;24,6499844;586,0792847;138,5115662;2039-11-01
"420";2039;12;397,2185669;40,4450531;13,001399;319,8105164;77,4080887;2039-12-01
"421";2040;1;636,4997559;43,3682365;11,0565023;513,8446045;122,6551437;2040-01-01
"422";2040;2;132,5275421;47,4672432;25,527729;104,4614563;28,0660782;2040-02-01
"423";2040;3;258,2542114;76,5842743;30,7263622;203,1714935;55,0827332;2040-03-01
"424";2040;4;111,7077408;73,8422394;48,3649521;86,6423416;25,0654049;2040-04-01
"425";2040;5;82,497879;90,8102646;66,4568253;64,0405731;18,4573078;2040-05-01
"426";2040;6;54,0071678;102,3254013;72,4748154;41,2190704;12,7880917;2040-06-01
"427";2040;7;5,3802967;156,9083405;117,6812592;3,5608826;1,8194141;2040-07-01
"428";2040;8;0,6658783;119,8951035;89,3195038;0,2672202;0,3986581;2040-08-01
"429";2040;9;39,6685905;117,7861176;30,9993458;30,2978439;9,3707457;2040-09-01
"430";2040;10;56,9814224;106,0839005;19,8291969;43,3885956;13,5928268;2040-10-01
"431";2040;11;724,5911255;71,5655975;24,6499844;586,0792847;138,5115662;2040-11-01
"432";2040;12;397,2185669;40,4450531;13,001399;319,8105164;77,4080887;2040-12-01
"433";2041;1;636,4997559;43,3682365;11,0565023;513,8446045;122,6551437;2041-01-01
"434";2041;2;132,5275421;47,4672432;25,527729;104,4614563;28,0660782;2041-02-01
"435";2041;3;258,2542114;76,5842743;30,7263622;203,1714935;55,0827332;2041-03-01
"436";2041;4;111,7077408;73,8422394;48,3649521;86,6423416;25,0654049;2041-04-01
"437";2041;5;82,497879;90,8102646;66,4568253;64,0405731;18,4573078;2041-05-01
"438";2041;6;54,0071678;102,3254013;72,4748154;41,2190704;12,7880917;2041-06-01
"439";2041;7;5,3802967;156,9083405;117,6812592;3,5608826;1,8194141;2041-07-01
"440";2041;8;0,6658783;119,8951035;89,3195038;0,2672202;0,3986581;2041-08-01
"441";2041;9;39,6685905;117,7861176;30,9993458;30,2978439;9,3707457;2041-09-01
"442";2041;10;56,9814224;106,0839005;19,8291969;43,3885956;13,5928268;2041-10-01
"443";2041;11;724,5911255;71,5655975;24,6499844;586,0792847;138,5115662;2041-11-01
"444";2041;12;397,2185669;40,4450531;13,001399;319,8105164;77,4080887;2041-12-01
"445";2042;1;636,4997559;43,3682365;11,0565023;513,8446045;122,6551437;2042-01-01
"446";2042;2;132,5275421;47,4672432;25,527729;104,4614563;28,0660782;2042-02-01
"447";2042;3;258,2542114;76,5842743;30,7263622;203,1714935;55,0827332;2042-03-01
"448";2042;4;111,7077408;73,8422394;48,3649521;86,6423416;25,0654049;2042-04-01
"449";2042;5;82,497879;90,8102646;66,4568253;64,0405731;18,4573078;2042-05-01
"450";2042;6;54,0071678;102,3254013;72,4748154;41,2190704;12,7880917;2042-06-01
"451";2042;7;5,3802967;156,9083405;117,6812592;3,5608826;1,8194141;2042-07-01
"452";2042;8;0,6658783;119,8951035;89,3195038;0,2672202;0,3986581;2042-08-01
"453";2042;9;39,6685905;117,7861176;30,9993458;30,2978439;9,3707457;2042-09-01
"454";2042;10;56,9814224;106,0839005;19,8291969;43,3885956;13,5928268;2042-10-01
"455";2042;11;724,5911255;71,5655975;24,6499844;586,0792847;138,5115662;2042-11-01
"456";2042;12;397,2185669;40,4450531;13,001399;319,8105164;77,4080887;2042-12-01
"457";2043;1;636,4997559;43,3682365;11,0565023;513,8446045;122,6551437;2043-01-01
"458";2043;2;132,5275421;47,4672432;25,527729;104,4614563;28,0660782;2043-02-01
"459";2043;3;258,2542114;76,5842743;30,7263622;203,1714935;55,0827332;2043-03-01
"460";2043;4;111,7077408;73,8422394;48,3649521;86,6423416;25,0654049;2043-04-01
"461";2043;5;82,497879;90,8102646;66,4568253;64,0405731;18,4573078;2043-05-01
"462";2043;6;54,0071678;102,3254013;72,4748154;41,2190704;12,7880917;2043-06-01
"463";2043;7;5,3802967;156,9083405;117,6812592;3,5608826;1,8194141;2043-07-01
"464";2043;8;0,6658783;119,8951035;89,3195038;0,2672202;0,3986581;2043-08-01
"465";2043;9;39,6685905;117,7861176;30,9993458;30,2978439;9,3707457;2043-09-01
"466";2043;10;56,9814224;106,0839005;19,8291969;43,3885956;13,5928268;2043-10-01
"467";2043;11;724,5911255;71,5655975;24,6499844;586,0792847;138,5115662;2043-11-01
"468";2043;12;397,2185669;40,4450531;13,001399;319,8105164;77,4080887;2043-12-01
"469";2044;1;636,4997559;43,3682365;11,0565023;513,8446045;122,6551437;2044-01-01
"470";2044;2;132,5275421;47,4672432;25,527729;104,4614563;28,0660782;2044-02-01
"471";2044;3;258,2542114;76,5842743;30,7263622;203,1714935;55,0827332;2044-03-01
"472";2044;4;111,7077408;73,8422394;48,3649521;86,6423416;25,0654049;2044-04-01
"473";2044;5;82,497879;90,8102646;66,4568253;64,0405731;18,4573078;2044-05-01
"474";2044;6;54,0071678;102,3254013;72,4748154;41,2190704;12,7880917;2044-06-01
"475";2044;7;5,3802967;156,9083405;117,6812592;3,5608826;1,8194141;2044-07-01
"476";2044;8;0,6658783;119,8951035;89,3195038;0,2672202;0,3986581;2044-08-01
"477";2044;9;39,6685905;117,7861176;30,9993458;30,2978439;9,3707457;2044-09-01
"478";2044;10;56,9814224;106,0839005;19,8291969;43,3885956;13,5928268;2044-10-01
"479";2044;11;724,5911255;71,5655975;24,6499844;586,0792847;138,5115662;2044-11-01
"480";2044;12;397,2185669;40,4450531;13,001399;319,8105164;77,4080887;2044-12-01
"481";2045;1;636,4997559;43,3682365;11,0565023;513,8446045;122,6551437;2045-01-01
"482";2045;2;132,5275421;54,5658913;30,1060486;104,4614563;28,0660782;2045-02-01
"483";2045;3;258,2542114;92,6669693;50,5694695;203,1714935;55,0827332;2045-03-01
"484";2045;4;111,7077408;89,3491135;58,521595;86,6423416;25,0654049;2045-04-01
"485";2045;5;82,497879;109,8804321;82,4103241;64,0405731;18,4573078;2045-05-01
"486";2045;6;54,0071678;113,7720642;80,163269;41,2190704;12,7880917;2045-06-01
"487";2045;7;5,3802967;133,1656647;99,3820114;3,5608826;1,8194141;2045-07-01
"488";2045;8;0,6658783;105,2270508;76,2263718;0,2672202;0,3986581;2045-08-01
"489";2045;9;39,6685905;217,3886414;42,407486;30,2978439;9,3707457;2045-09-01
"490";2045;10;56,9814224;106,0839005;17,2435303;43,3885956;13,5928268;2045-10-01
"491";2045;11;724,5911255;56,9273643;8,9154644;586,0792847;138,5115662;2045-11-01
"492";2045;12;397,2185669;38,439518;12,3225994;319,8105164;77,4080887;2045-12-01
"493";2046;1;636,4997559;43,3682365;11,0565023;513,8446045;122,6551437;2046-01-01
"494";2046;2;132,5275421;54,5658913;30,1060486;104,4614563;28,0660782;2046-02-01
"495";2046;3;258,2542114;92,6669693;50,5694695;203,1714935;55,0827332;2046-03-01
"496";2046;4;111,7077408;89,3491135;58,521595;86,6423416;25,0654049;2046-04-01
"497";2046;5;82,497879;109,8804321;82,4103241;64,0405731;18,4573078;2046-05-01
"498";2046;6;54,0071678;113,7720642;80,163269;41,2190704;12,7880917;2046-06-01
"499";2046;7;5,3802967;133,1656647;99,3820114;3,5608826;1,8194141;2046-07-01
"500";2046;8;0,6658783;105,2270508;76,2263718;0,2672202;0,3986581;2046-08-01
"501";2046;9;39,6685905;217,3886414;42,407486;30,2978439;9,3707457;2046-09-01
"502";2046;10;56,9814224;106,0839005;17,2435303;43,3885956;13,5928268;2046-10-01
"503";2046;11;724,5911255;56,9273643;8,9154644;586,0792847;138,5115662;2046-11-01
"504";2046;12;397,2185669;38,439518;12,3225994;319,8105164;77,4080887;2046-12-01
"505";2047;1;636,4997559;43,3682365;11,0565023;513,8446045;122,6551437;2047-01-01
"506";2047;2;132,5275421;54,5658913;30,1060486;104,4614563;28,0660782;2047-02-01
"507";2047;3;258,2542114;92,6669693;50,5694695;203,1714935;55,0827332;2047-03-01
"508";2047;4;111,7077408;89,3491135;58,521595;86,6423416;25,0654049;2047-04-01
"509";2047;5;82,497879;109,8804321;82,4103241;64,0405731;18,4573078;2047-05-01
"510";2047;6;54,0071678;113,7720642;80,163269;41,2190704;12,7880917;2047-06-01
"511";2047;7;5,3802967;133,1656647;99,3820114;3,5608826;1,8194141;2047-07-01
"512";2047;8;0,6658783;105,2270508;76,2263718;0,2672202;0,3986581;2047-08-01
"513";2047;9;39,6685905;217,3886414;42,407486;30,2978439;9,3707457;2047-09-01
"514";2047;10;56,9814224;106,0839005;17,2435303;43,3885956;13,5928268;2047-10-01
"515";2047;11;724,5911255;56,9273643;8,9154644;586,0792847;138,5115662;2047-11-01
"516";2047;12;397,2185669;38,439518;12,3225994;319,8105164;77,4080887;2047-12-01
"517";2048;1;636,4997559;43,3682365;11,0565023;513,8446045;122,6551437;2048-01-01
"518";2048;2;132,5275421;54,5658913;30,1060486;104,4614563;28,0660782;2048-02-01
"519";2048;3;258,2542114;92,6669693;50,5694695;203,1714935;55,0827332;2048-03-01
"520";2048;4;111,7077408;89,3491135;58,521595;86,6423416;25,0654049;2048-04-01
"521";2048;5;82,497879;109,8804321;82,4103241;64,0405731;18,4573078;2048-05-01
"522";2048;6;54,0071678;113,7720642;80,163269;41,2190704;12,7880917;2048-06-01
"523";2048;7;5,3802967;133,1656647;99,3820114;3,5608826;1,8194141;2048-07-01
"524";2048;8;0,6658783;105,2270508;76,2263718;0,2672202;0,3986581;2048-08-01
"525";2048;9;39,6685905;217,3886414;42,407486;30,2978439;9,3707457;2048-09-01
"526";2048;10;56,9814224;106,0839005;17,2435303;43,3885956;13,5928268;2048-10-01
"527";2048;11;724,5911255;56,9273643;8,9154644;586,0792847;138,5115662;2048-11-01
"528";2048;12;397,2185669;38,439518;12,3225994;319,8105164;77,4080887;2048-12-01
"529";2049;1;636,4997559;43,3682365;11,0565023;513,8446045;122,6551437;2049-01-01
"530";2049;2;132,5275421;47,4672432;25,527729;104,4614563;28,0660782;2049-02-01
"531";2049;3;258,2542114;76,5842743;30,7263622;203,1714935;55,0827332;2049-03-01
"532";2049;4;111,7077408;73,8422394;48,3649521;86,6423416;25,0654049;2049-04-01
"533";2049;5;82,497879;90,8102646;66,4568253;64,0405731;18,4573078;2049-05-01
"534";2049;6;54,0071678;102,3254013;72,4748154;41,2190704;12,7880917;2049-06-01
"535";2049;7;5,3802967;156,9083405;117,6812592;3,5608826;1,8194141;2049-07-01
"536";2049;8;0,6658783;119,8951035;89,3195038;0,2672202;0,3986581;2049-08-01
"537";2049;9;39,6685905;117,7861176;30,9993458;30,2978439;9,3707457;2049-09-01
"538";2049;10;56,9814224;106,0839005;19,8291969;43,3885956;13,5928268;2049-10-01
"539";2049;11;724,5911255;71,5655975;24,6499844;586,0792847;138,5115662;2049-11-01
"540";2049;12;397,2185669;40,4450531;13,001399;319,8105164;77,4080887;2049-12-01
"541";2050;1;636,4997559;43,3682365;11,0565023;513,8446045;122,6551437;2050-01-01
"542";2050;2;132,5275421;47,4672432;25,527729;104,4614563;28,0660782;2050-02-01
"543";2050;3;258,2542114;76,5842743;30,7263622;203,1714935;55,0827332;2050-03-01
"544";2050;4;111,7077408;73,8422394;48,3649521;86,6423416;25,0654049;2050-04-01
"545";2050;5;82,497879;90,8102646;66,4568253;64,0405731;18,4573078;2050-05-01
"546";2050;6;54,0071678;102,3254013;72,4748154;41,2190704;12,7880917;2050-06-01
"547";2050;7;5,3802967;156,9083405;117,6812592;3,5608826;1,8194141;2050-07-01
"548";2050;8;0,6658783;119,8951035;89,3195038;0,2672202;0,3986581;2050-08-01
"549";2050;9;39,6685905;117,7861176;30,9993458;30,2978439;9,3707457;2050-09-01
"550";2050;10;56,9814224;106,0839005;19,8291969;43,3885956;13,5928268;2050-10-01
"551";2050;11;724,5911255;71,5655975;24,6499844;586,0792847;138,5115662;2050-11-01
"552";2050;12;397,2185669;40,4450531;13,001399;319,8105164;77,4080887;2050-12-01
"553";2051;1;636,4997559;43,3682365;11,0565023;513,8446045;122,6551437;2051-01-01
"554";2051;2;132,5275421;47,4672432;25,527729;104,4614563;28,0660782;2051-02-01
"555";2051;3;258,2542114;76,5842743;30,7263622;203,1714935;55,0827332;2051-03-01
"556";2051;4;111,7077408;73,8422394;48,3649521;86,6423416;25,0654049;2051-04-01
"557";2051;5;82,497879;90,8102646;66,4568253;64,0405731;18,4573078;2051-05-01
"558";2051;6;54,0071678;102,3254013;72,4748154;41,2190704;12,7880917;2051-06-01
"559";2051;7;5,3802967;156,9083405;117,6812592;3,5608826;1,8194141;2051-07-01
"560";2051;8;0,6658783;119,8951035;89,3195038;0,2672202;0,3986581;2051-08-01
"561";2051;9;39,6685905;117,7861176;30,9993458;30,2978439;9,3707457;2051-09-01
"562";2051;10;56,9814224;106,0839005;19,8291969;43,3885956;13,5928268;2051-10-01
"563";2051;11;724,5911255;71,5655975;24,6499844;586,0792847;138,5115662;2051-11-01
"564";2051;12;397,2185669;40,4450531;13,001399;319,8105164;77,4080887;2051-12-01
"565";2052;1;636,4997559;43,3682365;11,0565023;513,8446045;122,6551437;2052-01-01
"566";2052;2;132,5275421;47,4672432;25,527729;104,4614563;28,0660782;2052-02-01
"567";2052;3;258,2542114;76,5842743;30,7263622;203,1714935;55,0827332;2052-03-01
"568";2052;4;111,7077408;73,8422394;48,3649521;86,6423416;25,0654049;2052-04-01
"569";2052;5;82,497879;90,8102646;66,4568253;64,0405731;18,4573078;2052-05-01
"570";2052;6;54,0071678;102,3254013;72,4748154;41,2190704;12,7880917;2052-06-01
"571";2052;7;5,3802967;156,9083405;117,6812592;3,5608826;1,8194141;2052-07-01
"572";2052;8;0,6658783;119,8951035;89,3195038;0,2672202;0,3986581;2052-08-01
"573";2052;9;39,6685905;117,7861176;30,9993458;30,2978439;9,3707457;2052-09-01
"574";2052;10;56,9814224;106,0839005;19,8291969;43,3885956;13,5928268;2052-10-01
"575";2052;11;724,5911255;71,5655975;24,6499844;586,0792847;138,5115662;2052-11-01
"576";2052;12;397,2185669;40,4450531;13,001399;319,8105164;77,4080887;2052-12-01
"577";2053;1;636,4997559;43,3682365;11,0565023;513,8446045;122,6551437;2053-01-01
"578";2053;2;132,5275421;47,4672432;25,527729;104,4614563;28,0660782;2053-02-01
"579";2053;3;258,2542114;76,5842743;30,7263622;203,1714935;55,0827332;2053-03-01
"580";2053;4;111,7077408;73,8422394;48,3649521;86,6423416;25,0654049;2053-04-01
"581";2053;5;82,497879;90,8102646;66,4568253;64,0405731;18,4573078;2053-05-01
"582";2053;6;54,0071678;102,3254013;72,4748154;41,2190704;12,7880917;2053-06-01
"583";2053;7;5,3802967;156,9083405;117,6812592;3,5608826;1,8194141;2053-07-01
"584";2053;8;0,6658783;119,8951035;89,3195038;0,2672202;0,3986581;2053-08-01
"585";2053;9;39,6685905;117,7861176;30,9993458;30,2978439;9,3707457;2053-09-01
"586";2053;10;56,9814224;106,0839005;19,8291969;43,3885956;13,5928268;2053-10-01
"587";2053;11;724,5911255;71,5655975;24,6499844;586,0792847;138,5115662;2053-11-01
"588";2053;12;397,2185669;40,4450531;13,001399;319,8105164;77,4080887;2053-12-01
"589";2054;1;636,4997559;43,3682365;11,0565023;513,8446045;122,6551437;2054-01-01
"590";2054;2;132,5275421;47,4672432;25,527729;104,4614563;28,0660782;2054-02-01
"591";2054;3;258,2542114;76,5842743;30,7263622;203,1714935;55,0827332;2054-03-01
"592";2054;4;111,7077408;73,8422394;48,3649521;86,6423416;25,0654049;2054-04-01
"593";2054;5;82,497879;90,8102646;66,4568253;64,0405731;18,4573078;2054-05-01
"594";2054;6;54,0071678;102,3254013;72,4748154;41,2190704;12,7880917;2054-06-01
"595";2054;7;5,3802967;156,9083405;117,6812592;3,5608826;1,8194141;2054-07-01
"596";2054;8;0,6658783;119,8951035;89,3195038;0,2672202;0,3986581;2054-08-01
"597";2054;9;39,6685905;117,7861176;30,9993458;30,2978439;9,3707457;2054-09-01
"598";2054;10;56,9814224;106,0839005;19,8291969;43,3885956;13,5928268;2054-10-01
"599";2054;11;724,5911255;71,5655975;24,6499844;586,0792847;138,5115662;2054-11-01
"600";2054;12;397,2185669;40,4450531;13,001399;319,8105164;77,4080887;2054-12-01
"601";2055;1;636,4997559;43,3682365;11,0565023;513,8446045;122,6551437;2055-01-01
"602";2055;2;132,5275421;47,4672432;25,527729;104,4614563;28,0660782;2055-02-01
"603";2055;3;258,2542114;76,5842743;30,7263622;203,1714935;55,0827332;2055-03-01
"604";2055;4;111,7077408;73,8422394;48,3649521;86,6423416;25,0654049;2055-04-01
"605";2055;5;82,497879;90,8102646;66,4568253;64,0405731;18,4573078;2055-05-01
"606";2055;6;54,0071678;102,3254013;72,4748154;41,2190704;12,7880917;2055-06-01
"607";2055;7;5,3802967;156,9083405;117,6812592;3,5608826;1,8194141;2055-07-01
"608";2055;8;0,6658783;119,8951035;89,3195038;0,2672202;0,3986581;2055-08-01
"609";2055;9;39,6685905;117,7861176;30,9993458;30,2978439;9,3707457;2055-09-01
"610";2055;10;56,9814224;106,0839005;19,8291969;43,3885956;13,5928268;2055-10-01
"611";2055;11;724,5911255;71,5655975;24,6499844;586,0792847;138,5115662;2055-11-01
"612";2055;12;397,2185669;40,4450531;13,001399;319,8105164;77,4080887;2055-12-01
"613";2056;1;636,4997559;43,3682365;11,0565023;513,8446045;122,6551437;2056-01-01
"614";2056;2;132,5275421;47,4672432;25,527729;104,4614563;28,0660782;2056-02-01
"615";2056;3;258,2542114;76,5842743;30,7263622;203,1714935;55,0827332;2056-03-01
"616";2056;4;111,7077408;73,8422394;48,3649521;86,6423416;25,0654049;2056-04-01
"617";2056;5;82,497879;90,8102646;66,4568253;64,0405731;18,4573078;2056-05-01
"618";2056;6;54,0071678;102,3254013;72,4748154;41,2190704;12,7880917;2056-06-01
"619";2056;7;5,3802967;156,9083405;117,6812592;3,5608826;1,8194141;2056-07-01
"620";2056;8;0,6658783;119,8951035;89,3195038;0,2672202;0,3986581;2056-08-01
"621";2056;9;39,6685905;117,7861176;30,9993458;30,2978439;9,3707457;2056-09-01
"622";2056;10;56,9814224;106,0839005;19,8291969;43,3885956;13,5928268;2056-10-01
"623";2056;11;724,5911255;71,5655975;24,6499844;586,0792847;138,5115662;2056-11-01
"624";2056;12;397,2185669;40,4450531;13,001399;319,8105164;77,4080887;2056-12-01
"625";2057;1;636,4997559;43,3682365;11,0565023;513,8446045;122,6551437;2057-01-01
"626";2057;2;132,5275421;47,4672432;25,527729;104,4614563;28,0660782;2057-02-01
"627";2057;3;258,2542114;76,5842743;30,7263622;203,1714935;55,0827332;2057-03-01
"628";2057;4;111,7077408;73,8422394;48,3649521;86,6423416;25,0654049;2057-04-01
"629";2057;5;82,497879;90,8102646;66,4568253;64,0405731;18,4573078;2057-05-01
"630";2057;6;54,0071678;102,3254013;72,4748154;41,2190704;12,7880917;2057-06-01
"631";2057;7;5,3802967;156,9083405;117,6812592;3,5608826;1,8194141;2057-07-01
"632";2057;8;0,6658783;119,8951035;89,3195038;0,2672202;0,3986581;2057-08-01
"633";2057;9;39,6685905;117,7861176;30,9993458;30,2978439;9,3707457;2057-09-01
"634";2057;10;56,9814224;106,0839005;19,8291969;43,3885956;13,5928268;2057-10-01
"635";2057;11;724,5911255;71,5655975;24,6499844;586,0792847;138,5115662;2057-11-01
"636";2057;12;397,2185669;40,4450531;13,001399;319,8105164;77,4080887;2057-12-01
"637";2058;1;636,4997559;43,3682365;11,0565023;513,8446045;122,6551437;2058-01-01
"638";2058;2;132,5275421;47,4672432;25,527729;104,4614563;28,0660782;2058-02-01
"639";2058;3;258,2542114;76,5842743;30,7263622;203,1714935;55,0827332;2058-03-01
"640";2058;4;111,7077408;73,8422394;48,3649521;86,6423416;25,0654049;2058-04-01
"641";2058;5;82,497879;90,8102646;66,4568253;64,0405731;18,4573078;2058-05-01
"642";2058;6;54,0071678;102,3254013;72,4748154;41,2190704;12,7880917;2058-06-01
"643";2058;7;5,3802967;156,9083405;117,6812592;3,5608826;1,8194141;2058-07-01
"644";2058;8;0,6658783;119,8951035;89,3195038;0,2672202;0,3986581;2058-08-01
"645";2058;9;39,6685905;117,7861176;30,9993458;30,2978439;9,3707457;2058-09-01
"646";2058;10;56,9814224;106,0839005;19,8291969;43,3885956;13,5928268;2058-10-01
"647";2058;11;724,5911255;71,5655975;24,6499844;586,0792847;138,5115662;2058-11-01
"648";2058;12;397,2185669;40,4450531;13,001399;319,8105164;77,4080887;2058-12-01
"649";2059;1;636,4997559;43,3682365;11,0565023;513,8446045;122,6551437;2059-01-01
"650";2059;2;132,5275421;47,4672432;25,527729;104,4614563;28,0660782;2059-02-01
"651";2059;3;258,2542114;76,5842743;30,7263622;203,1714935;55,0827332;2059-03-01
"652";2059;4;111,7077408;73,8422394;48,3649521;86,6423416;25,0654049;2059-04-01
"653";2059;5;82,497879;90,8102646;66,4568253;64,0405731;18,4573078;2059-05-01
"654";2059;6;54,0071678;102,3254013;72,4748154;41,2190704;12,7880917;2059-06-01
"655";2059;7;5,3802967;156,9083405;117,6812592;3,5608826;1,8194141;2059-07-01
"656";2059;8;0,6658783;119,8951035;89,3195038;0,2672202;0,3986581;2059-08-01
"657";2059;9;39,6685905;117,7861176;30,9993458;30,2978439;9,3707457;2059-09-01
"658";2059;10;56,9814224;106,0839005;19,8291969;43,3885956;13,5928268;2059-10-01
"659";2059;11;724,5911255;71,5655975;24,6499844;586,0792847;138,5115662;2059-11-01
"660";2059;12;397,2185669;40,4450531;13,001399;319,8105164;77,4080887;2059-12-01
"661";2060;1;636,4997559;43,3682365;11,0565023;513,8446045;122,6551437;2060-01-01
"662";2060;2;132,5275421;47,4672432;25,527729;104,4614563;28,0660782;2060-02-01
"663";2060;3;258,2542114;76,5842743;30,7263622;203,1714935;55,0827332;2060-03-01
"664";2060;4;111,7077408;73,8422394;48,3649521;86,6423416;25,0654049;2060-04-01
"665";2060;5;82,497879;90,8102646;66,4568253;64,0405731;18,4573078;2060-05-01
"666";2060;6;54,0071678;102,3254013;72,4748154;41,2190704;12,7880917;2060-06-01
"667";2060;7;5,3802967;156,9083405;117,6812592;3,5608826;1,8194141;2060-07-01
"668";2060;8;0,6658783;119,8951035;89,3195038;0,2672202;0,3986581;2060-08-01
"669";2060;9;39,6685905;117,7861176;30,9993458;30,2978439;9,3707457;2060-09-01
"670";2060;10;56,9814224;106,0839005;19,8291969;43,3885956;13,5928268;2060-10-01
"671";2060;11;724,5911255;71,5655975;24,6499844;586,0792847;138,5115662;2060-11-01
"672";2060;12;397,2185669;40,4450531;13,001399;319,8105164;77,4080887;2060-12-01
"673";2061;1;636,4997559;43,3682365;11,0565023;513,8446045;122,6551437;2061-01-01
"674";2061;2;132,5275421;47,4672432;25,527729;104,4614563;28,0660782;2061-02-01
"675";2061;3;258,2542114;76,5842743;30,7263622;203,1714935;55,0827332;2061-03-01
"676";2061;4;111,7077408;73,8422394;48,3649521;86,6423416;25,0654049;2061-04-01
"677";2061;5;82,497879;90,8102646;66,4568253;64,0405731;18,4573078;2061-05-01
"678";2061;6;54,0071678;102,3254013;72,4748154;41,2190704;12,7880917;2061-06-01
"679";2061;7;5,3802967;156,9083405;117,6812592;3,5608826;1,8194141;2061-07-01
"680";2061;8;0,6658783;119,8951035;89,3195038;0,2672202;0,3986581;2061-08-01
"681";2061;9;39,6685905;117,7861176;30,9993458;30,2978439;9,3707457;2061-09-01
"682";2061;10;56,9814224;106,0839005;19,8291969;43,3885956;13,5928268;2061-10-01
"683";2061;11;724,5911255;71,5655975;24,6499844;586,0792847;138,5115662;2061-11-01
"684";2061;12;397,2185669;40,4450531;13,001399;319,8105164;77,4080887;2061-12-01
"685";2062;1;636,4997559;43,3682365;11,0565023;513,8446045;122,6551437;2062-01-01
"686";2062;2;132,5275421;47,4672432;25,527729;104,4614563;28,0660782;2062-02-01
"687";2062;3;258,2542114;76,5842743;30,7263622;203,1714935;55,0827332;2062-03-01
"688";2062;4;111,7077408;73,8422394;48,3649521;86,6423416;25,0654049;2062-04-01
"689";2062;5;82,497879;90,8102646;66,4568253;64,0405731;18,4573078;2062-05-01
"690";2062;6;54,0071678;102,3254013;72,4748154;41,2190704;12,7880917;2062-06-01
"691";2062;7;5,3802967;156,9083405;117,6812592;3,5608826;1,8194141;2062-07-01
"692";2062;8;0,6658783;119,8951035;89,3195038;0,2672202;0,3986581;2062-08-01
"693";2062;9;39,6685905;117,7861176;30,9993458;30,2978439;9,3707457;2062-09-01
"694";2062;10;56,9814224;106,0839005;19,8291969;43,3885956;13,5928268;2062-10-01
"695";2062;11;724,5911255;71,5655975;24,6499844;586,0792847;138,5115662;2062-11-01
"696";2062;12;397,2185669;40,4450531;13,001399;319,8105164;77,4080887;2062-12-01
"697";2063;1;636,4997559;43,3682365;11,0565023;513,8446045;122,6551437;2063-01-01
"698";2063;2;132,5275421;47,4672432;25,527729;104,4614563;28,0660782;2063-02-01
"699";2063;3;258,2542114;76,5842743;30,7263622;203,1714935;55,0827332;2063-03-01
"700";2063;4;111,7077408;73,8422394;48,3649521;86,6423416;25,0654049;2063-04-01
"701";2063;5;82,497879;90,8102646;66,4568253;64,0405731;18,4573078;2063-05-01
"702";2063;6;54,0071678;102,3254013;72,4748154;41,2190704;12,7880917;2063-06-01
"703";2063;7;5,3802967;156,9083405;117,6812592;3,5608826;1,8194141;2063-07-01
"704";2063;8;0,6658783;119,8951035;89,3195038;0,2672202;0,3986581;2063-08-01
"705";2063;9;39,6685905;117,7861176;30,9993458;30,2978439;9,3707457;2063-09-01
"706";2063;10;56,9814224;106,0839005;19,8291969;43,3885956;13,5928268;2063-10-01
"707";2063;11;724,5911255;71,5655975;24,6499844;586,0792847;138,5115662;2063-11-01
"708";2063;12;397,2185669;40,4450531;13,001399;319,8105164;77,4080887;2063-12-01
"709";2064;1;636,4997559;43,3682365;11,0565023;513,8446045;122,6551437;2064-01-01
"710";2064;2;132,5275421;47,4672432;25,527729;104,4614563;28,0660782;2064-02-01
"711";2064;3;258,2542114;76,5842743;30,7263622;203,1714935;55,0827332;2064-03-01
"712";2064;4;111,7077408;73,8422394;48,3649521;86,6423416;25,0654049;2064-04-01
"713";2064;5;82,497879;90,8102646;66,4568253;64,0405731;18,4573078;2064-05-01
"714";2064;6;54,0071678;102,3254013;72,4748154;41,2190704;12,7880917;2064-06-01
"715";2064;7;5,3802967;156,9083405;117,6812592;3,5608826;1,8194141;2064-07-01
"716";2064;8;0,6658783;119,8951035;89,3195038;0,2672202;0,3986581;2064-08-01
"717";2064;9;39,6685905;117,7861176;30,9993458;30,2978439;9,3707457;2064-09-01
"718";2064;10;56,9814224;106,0839005;19,8291969;43,3885956;13,5928268;2064-10-01
"719";2064;11;724,5911255;71,5655975;24,6499844;586,0792847;138,5115662;2064-11-01
"720";2064;12;397,2185669;40,4450531;13,001399;319,8105164;77,4080887;2064-12-01
"721";2065;1;636,4997559;43,3682365;11,0565023;513,8446045;122,6551437;2065-01-01
"722";2065;2;132,5275421;47,4672432;25,527729;104,4614563;28,0660782;2065-02-01
"723";2065;3;258,2542114;76,5842743;30,7263622;203,1714935;55,0827332;2065-03-01
"724";2065;4;111,7077408;73,8422394;48,3649521;86,6423416;25,0654049;2065-04-01
"725";2065;5;82,497879;90,8102646;66,4568253;64,0405731;18,4573078;2065-05-01
"726";2065;6;54,0071678;102,3254013;72,4748154;41,2190704;12,7880917;2065-06-01
"727";2065;7;5,3802967;156,9083405;117,6812592;3,5608826;1,8194141;2065-07-01
"728";2065;8;0,6658783;119,8951035;89,3195038;0,2672202;0,3986581;2065-08-01
"729";2065;9;39,6685905;117,7861176;30,9993458;30,2978439;9,3707457;2065-09-01
"730";2065;10;56,9814224;106,0839005;19,8291969;43,3885956;13,5928268;2065-10-01
"731";2065;11;724,5911255;71,5655975;24,6499844;586,0792847;138,5115662;2065-11-01
"732";2065;12;397,2185669;40,4450531;13,001399;319,8105164;77,4080887;2065-12-01
"733";2066;1;636,4997559;43,3682365;11,0565023;513,8446045;122,6551437;2066-01-01
"734";2066;2;132,5275421;47,4672432;25,527729;104,4614563;28,0660782;2066-02-01
"735";2066;3;258,2542114;76,5842743;30,7263622;203,1714935;55,0827332;2066-03-01
"736";2066;4;111,7077408;73,8422394;48,3649521;86,6423416;25,0654049;2066-04-01
"737";2066;5;82,497879;90,8102646;66,4568253;64,0405731;18,4573078;2066-05-01
"738";2066;6;54,0071678;102,3254013;72,4748154;41,2190704;12,7880917;2066-06-01
"739";2066;7;5,3802967;156,9083405;117,6812592;3,5608826;1,8194141;2066-07-01
"740";2066;8;0,6658783;119,8951035;89,3195038;0,2672202;0,3986581;2066-08-01
"741";2066;9;39,6685905;117,7861176;30,9993458;30,2978439;9,3707457;2066-09-01
"742";2066;10;56,9814224;106,0839005;19,8291969;43,3885956;13,5928268;2066-10-01
"743";2066;11;724,5911255;71,5655975;24,6499844;586,0792847;138,5115662;2066-11-01
"744";2066;12;397,2185669;40,4450531;13,001399;319,8105164;77,4080887;2066-12-01
"745";2067;1;636,4997559;43,3682365;11,0565023;513,8446045;122,6551437;2067-01-01
"746";2067;2;132,5275421;47,4672432;25,527729;104,4614563;28,0660782;2067-02-01
"747";2067;3;258,2542114;76,5842743;30,7263622;203,1714935;55,0827332;2067-03-01
"748";2067;4;111,7077408;73,8422394;48,3649521;86,6423416;25,0654049;2067-04-01
"749";2067;5;82,497879;90,8102646;66,4568253;64,0405731;18,4573078;2067-05-01
"750";2067;6;54,0071678;102,3254013;72,4748154;41,2190704;12,7880917;2067-06-01
"751";2067;7;5,3802967;156,9083405;117,6812592;3,5608826;1,8194141;2067-07-01
"752";2067;8;0,6658783;119,8951035;89,3195038;0,2672202;0,3986581;2067-08-01
"753";2067;9;39,6685905;117,7861176;30,9993458;30,2978439;9,3707457;2067-09-01
"754";2067;10;56,9814224;106,0839005;19,8291969;43,3885956;13,5928268;2067-10-01
"755";2067;11;724,5911255;71,5655975;24,6499844;586,0792847;138,5115662;2067-11-01
"756";2067;12;397,2185669;40,4450531;13,001399;319,8105164;77,4080887;2067-12-01
"757";2068;1;636,4997559;43,3682365;11,0565023;513,8446045;122,6551437;2068-01-01
"758";2068;2;132,5275421;47,4672432;25,527729;104,4614563;28,0660782;2068-02-01
"759";2068;3;258,2542114;76,5842743;30,7263622;203,1714935;55,0827332;2068-03-01
"760";2068;4;111,7077408;73,8422394;48,3649521;86,6423416;25,0654049;2068-04-01
"761";2068;5;82,497879;90,8102646;66,4568253;64,0405731;18,4573078;2068-05-01
"762";2068;6;54,0071678;102,3254013;72,4748154;41,2190704;12,7880917;2068-06-01
"763";2068;7;5,3802967;156,9083405;117,6812592;3,5608826;1,8194141;2068-07-01
"764";2068;8;0,6658783;119,8951035;89,3195038;0,2672202;0,3986581;2068-08-01
"765";2068;9;39,6685905;117,7861176;30,9993458;30,2978439;9,3707457;2068-09-01
"766";2068;10;56,9814224;106,0839005;19,8291969;43,3885956;13,5928268;2068-10-01
"767";2068;11;724,5911255;71,5655975;24,6499844;586,0792847;138,5115662;2068-11-01
"768";2068;12;397,2185669;40,4450531;13,001399;319,8105164;77,4080887;2068-12-01
"769";2069;1;636,4997559;43,3682365;11,0565023;513,8446045;122,6551437;2069-01-01
"770";2069;2;132,5275421;47,4672432;25,527729;104,4614563;28,0660782;2069-02-01
"771";2069;3;258,2542114;76,5842743;30,7263622;203,1714935;55,0827332;2069-03-01
"772";2069;4;111,7077408;73,8422394;48,3649521;86,6423416;25,0654049;2069-04-01
"773";2069;5;82,497879;90,8102646;66,4568253;64,0405731;18,4573078;2069-05-01
"774";2069;6;54,0071678;102,3254013;72,4748154;41,2190704;12,7880917;2069-06-01
"775";2069;7;5,3802967;156,9083405;117,6812592;3,5608826;1,8194141;2069-07-01
"776";2069;8;0,6658783;119,8951035;89,3195038;0,2672202;0,3986581;2069-08-01
"777";2069;9;39,6685905;117,7861176;30,9993458;30,2978439;9,3707457;2069-09-01
"778";2069;10;56,9814224;106,0839005;19,8291969;43,3885956;13,5928268;2069-10-01
"779";2069;11;724,5911255;71,5655975;24,6499844;586,0792847;138,5115662;2069-11-01
"780";2069;12;397,2185669;40,4450531;13,001399;319,8105164;77,4080887;2069-12-01
"781";2070;1;636,4997559;43,3682365;11,0565023;513,8446045;122,6551437;2070-01-01
"782";2070;2;132,5275421;47,4672432;25,527729;104,4614563;28,0660782;2070-02-01
"783";2070;3;258,2542114;76,5842743;30,7263622;203,1714935;55,0827332;2070-03-01
"784";2070;4;111,7077408;73,8422394;48,3649521;86,6423416;25,0654049;2070-04-01
"785";2070;5;82,497879;90,8102646;66,4568253;64,0405731;18,4573078;2070-05-01
"786";2070;6;54,0071678;102,3254013;72,4748154;41,2190704;12,7880917;2070-06-01
"787";2070;7;5,3802967;156,9083405;117,6812592;3,5608826;1,8194141;2070-07-01
"788";2070;8;0,6658783;119,8951035;89,3195038;0,2672202;0,3986581;2070-08-01
"789";2070;9;39,6685905;117,7861176;30,9993458;30,2978439;9,3707457;2070-09-01
"790";2070;10;56,9814224;106,0839005;19,8291969;43,3885956;13,5928268;2070-10-01
"791";2070;11;724,5911255;71,5655975;24,6499844;586,0792847;138,5115662;2070-11-01
"792";2070;12;397,2185669;40,4450531;13,001399;319,8105164;77,4080887;2070-12-01
"793";2071;1;636,4997559;43,3682365;11,0565023;513,8446045;122,6551437;2071-01-01
"794";2071;2;132,5275421;47,4672432;25,527729;104,4614563;28,0660782;2071-02-01
"795";2071;3;258,2542114;76,5842743;30,7263622;203,1714935;55,0827332;2071-03-01
"796";2071;4;111,7077408;73,8422394;48,3649521;86,6423416;25,0654049;2071-04-01
"797";2071;5;82,497879;90,8102646;66,4568253;64,0405731;18,4573078;2071-05-01
"798";2071;6;54,0071678;102,3254013;72,4748154;41,2190704;12,7880917;2071-06-01
"799";2071;7;5,3802967;156,9083405;117,6812592;3,5608826;1,8194141;2071-07-01
"800";2071;8;0,6658783;119,8951035;89,3195038;0,2672202;0,3986581;2071-08-01
"801";2071;9;39,6685905;117,7861176;30,9993458;30,2978439;9,3707457;2071-09-01
"802";2071;10;56,9814224;106,0839005;19,8291969;43,3885956;13,5928268;2071-10-01
"803";2071;11;724,5911255;71,5655975;24,6499844;586,0792847;138,5115662;2071-11-01
"804";2071;12;397,2185669;40,4450531;13,001399;319,8105164;77,4080887;2071-12-01
"805";2072;1;636,4997559;43,3682365;11,0565023;513,8446045;122,6551437;2072-01-01
"806";2072;2;132,5275421;47,4672432;25,527729;104,4614563;28,0660782;2072-02-01
"807";2072;3;258,2542114;76,5842743;30,7263622;203,1714935;55,0827332;2072-03-01
"808";2072;4;111,7077408;73,8422394;48,3649521;86,6423416;25,0654049;2072-04-01
"809";2072;5;82,497879;90,8102646;66,4568253;64,0405731;18,4573078;2072-05-01
"810";2072;6;54,0071678;102,3254013;72,4748154;41,2190704;12,7880917;2072-06-01
"811";2072;7;5,3802967;156,9083405;117,6812592;3,5608826;1,8194141;2072-07-01
"812";2072;8;0,6658783;119,8951035;89,3195038;0,2672202;0,3986581;2072-08-01
"813";2072;9;39,6685905;117,7861176;30,9993458;30,2978439;9,3707457;2072-09-01
"814";2072;10;56,9814224;106,0839005;19,8291969;43,3885956;13,5928268;2072-10-01
"815";2072;11;724,5911255;71,5655975;24,6499844;586,0792847;138,5115662;2072-11-01
"816";2072;12;397,2185669;40,4450531;13,001399;319,8105164;77,4080887;2072-12-01
"817";2073;1;636,4997559;43,3682365;11,0565023;513,8446045;122,6551437;2073-01-01
"818";2073;2;132,5275421;47,4672432;25,527729;104,4614563;28,0660782;2073-02-01
"819";2073;3;258,2542114;76,5842743;30,7263622;203,1714935;55,0827332;2073-03-01
"820";2073;4;111,7077408;73,8422394;48,3649521;86,6423416;25,0654049;2073-04-01
"821";2073;5;82,497879;90,8102646;66,4568253;64,0405731;18,4573078;2073-05-01
"822";2073;6;54,0071678;102,3254013;72,4748154;41,2190704;12,7880917;2073-06-01
"823";2073;7;5,3802967;156,9083405;117,6812592;3,5608826;1,8194141;2073-07-01
"824";2073;8;0,6658783;119,8951035;89,3195038;0,2672202;0,3986581;2073-08-01
"825";2073;9;39,6685905;117,7861176;30,9993458;30,2978439;9,3707457;2073-09-01
"826";2073;10;56,9814224;106,0839005;19,8291969;43,3885956;13,5928268;2073-10-01
"827";2073;11;724,5911255;71,5655975;24,6499844;586,0792847;138,5115662;2073-11-01
"828";2073;12;397,2185669;40,4450531;13,001399;319,8105164;77,4080887;2073-12-01
"829";2074;1;636,4997559;43,3682365;11,0565023;513,8446045;122,6551437;2074-01-01
"830";2074;2;132,5275421;47,4672432;25,527729;104,4614563;28,0660782;2074-02-01
"831";2074;3;258,2542114;76,5842743;30,7263622;203,1714935;55,0827332;2074-03-01
"832";2074;4;111,7077408;73,8422394;48,3649521;86,6423416;25,0654049;2074-04-01
"833";2074;5;82,497879;90,8102646;66,4568253;64,0405731;18,4573078;2074-05-01
"834";2074;6;54,0071678;102,3254013;72,4748154;41,2190704;12,7880917;2074-06-01
"835";2074;7;5,3802967;156,9083405;117,6812592;3,5608826;1,8194141;2074-07-01
"836";2074;8;0,6658783;119,8951035;89,3195038;0,2672202;0,3986581;2074-08-01
"837";2074;9;39,6685905;117,7861176;30,9993458;30,2978439;9,3707457;2074-09-01
"838";2074;10;56,9814224;106,0839005;19,8291969;43,3885956;13,5928268;2074-10-01
"839";2074;11;724,5911255;71,5655975;24,6499844;586,0792847;138,5115662;2074-11-01
"840";2074;12;397,2185669;40,4450531;13,001399;319,8105164;77,4080887;2074-12-01
"841";2075;1;636,4997559;43,3682365;11,0565023;513,8446045;122,6551437;2075-01-01
"842";2075;2;132,5275421;47,4672432;25,527729;104,4614563;28,0660782;2075-02-01
"843";2075;3;258,2542114;76,5842743;30,7263622;203,1714935;55,0827332;2075-03-01
"844";2075;4;111,7077408;73,8422394;48,3649521;86,6423416;25,0654049;2075-04-01
"845";2075;5;82,497879;90,8102646;66,4568253;64,0405731;18,4573078;2075-05-01
"846";2075;6;54,0071678;102,3254013;72,4748154;41,2190704;12,7880917;2075-06-01
"847";2075;7;5,3802967;156,9083405;117,6812592;3,5608826;1,8194141;2075-07-01
"848";2075;8;0,6658783;119,8951035;89,3195038;0,2672202;0,3986581;2075-08-01
"849";2075;9;39,6685905;117,7861176;30,9993458;30,2978439;9,3707457;2075-09-01
"850";2075;10;56,9814224;106,0839005;19,8291969;43,3885956;13,5928268;2075-10-01
"851";2075;11;724,5911255;71,5655975;24,6499844;586,0792847;138,5115662;2075-11-01
"852";2075;12;397,2185669;40,4450531;13,001399;319,8105164;77,4080887;2075-12-01
"853";2076;1;636,4997559;43,3682365;11,0565023;513,8446045;122,6551437;2076-01-01
"854";2076;2;132,5275421;47,4672432;25,527729;104,4614563;28,0660782;2076-02-01
"855";2076;3;258,2542114;76,5842743;30,7263622;203,1714935;55,0827332;2076-03-01
"856";2076;4;111,7077408;73,8422394;48,3649521;86,6423416;25,0654049;2076-04-01
"857";2076;5;82,497879;90,8102646;66,4568253;64,0405731;18,4573078;2076-05-01
"858";2076;6;54,0071678;102,3254013;72,4748154;41,2190704;12,7880917;2076-06-01
"859";2076;7;5,3802967;156,9083405;117,6812592;3,5608826;1,8194141;2076-07-01
"860";2076;8;0,6658783;119,8951035;89,3195038;0,2672202;0,3986581;2076-08-01
"861";2076;9;39,6685905;117,7861176;30,9993458;30,2978439;9,3707457;2076-09-01
"862";2076;10;56,9814224;106,0839005;19,8291969;43,3885956;13,5928268;2076-10-01
"863";2076;11;724,5911255;71,5655975;24,6499844;586,0792847;138,5115662;2076-11-01
"864";2076;12;397,2185669;40,4450531;13,001399;319,8105164;77,4080887;2076-12-01
"865";2077;1;636,4997559;43,3682365;11,0565023;513,8446045;122,6551437;2077-01-01
"866";2077;2;132,5275421;47,4672432;25,527729;104,4614563;28,0660782;2077-02-01
"867";2077;3;258,2542114;76,5842743;30,7263622;203,1714935;55,0827332;2077-03-01
"868";2077;4;111,7077408;73,8422394;48,3649521;86,6423416;25,0654049;2077-04-01
"869";2077;5;82,497879;90,8102646;66,4568253;64,0405731;18,4573078;2077-05-01
"870";2077;6;54,0071678;102,3254013;72,4748154;41,2190704;12,7880917;2077-06-01
"871";2077;7;5,3802967;156,9083405;117,6812592;3,5608826;1,8194141;2077-07-01
"872";2077;8;0,6658783;119,8951035;89,3195038;0,2672202;0,3986581;2077-08-01
"873";2077;9;39,6685905;117,7861176;30,9993458;30,2978439;9,3707457;2077-09-01
"874";2077;10;56,9814224;106,0839005;19,8291969;43,3885956;13,5928268;2077-10-01
"875";2077;11;724,5911255;71,5655975;24,6499844;586,0792847;138,5115662;2077-11-01
"876";2077;12;397,2185669;40,4450531;13,001399;319,8105164;77,4080887;2077-12-01
"877";2078;1;636,4997559;43,3682365;11,0565023;513,8446045;122,6551437;2078-01-01
"878";2078;2;132,5275421;47,4672432;25,527729;104,4614563;28,0660782;2078-02-01
"879";2078;3;258,2542114;76,5842743;30,7263622;203,1714935;55,0827332;2078-03-01
"880";2078;4;111,7077408;73,8422394;48,3649521;86,6423416;25,0654049;2078-04-01
"881";2078;5;82,497879;90,8102646;66,4568253;64,0405731;18,4573078;2078-05-01
"882";2078;6;54,0071678;102,3254013;72,4748154;41,2190704;12,7880917;2078-06-01
"883";2078;7;5,3802967;156,9083405;117,6812592;3,5608826;1,8194141;2078-07-01
"884";2078;8;0,6658783;119,8951035;89,3195038;0,2672202;0,3986581;2078-08-01
"885";2078;9;39,6685905;117,7861176;30,9993458;30,2978439;9,3707457;2078-09-01
"886";2078;10;56,9814224;106,0839005;19,8291969;43,3885956;13,5928268;2078-10-01
"887";2078;11;724,5911255;71,5655975;24,6499844;586,0792847;138,5115662;2078-11-01
"888";2078;12;397,2185669;40,4450531;13,001399;319,8105164;77,4080887;2078-12-01
"889";2079;1;636,4997559;43,3682365;11,0565023;513,8446045;122,6551437;2079-01-01
"890";2079;2;132,5275421;47,4672432;25,527729;104,4614563;28,0660782;2079-02-01
"891";2079;3;258,2542114;76,5842743;30,7263622;203,1714935;55,0827332;2079-03-01
"892";2079;4;111,7077408;73,8422394;48,3649521;86,6423416;25,0654049;2079-04-01
"893";2079;5;82,497879;90,8102646;66,4568253;64,0405731;18,4573078;2079-05-01
"894";2079;6;54,0071678;102,3254013;72,4748154;41,2190704;12,7880917;2079-06-01
"895";2079;7;5,3802967;156,9083405;117,6812592;3,5608826;1,8194141;2079-07-01
"896";2079;8;0,6658783;119,8951035;89,3195038;0,2672202;0,3986581;2079-08-01
"897";2079;9;39,6685905;117,7861176;30,9993458;30,2978439;9,3707457;2079-09-01
"898";2079;10;56,9814224;106,0839005;19,8291969;43,3885956;13,5928268;2079-10-01
"899";2079;11;724,5911255;71,5655975;24,6499844;586,0792847;138,5115662;2079-11-01
"900";2079;12;397,2185669;40,4450531;13,001399;319,8105164;77,4080887;2079-12-01
"901";2080;1;636,4997559;43,3682365;11,0565023;513,8446045;122,6551437;2080-01-01
"902";2080;2;132,5275421;47,4672432;25,527729;104,4614563;28,0660782;2080-02-01
"903";2080;3;258,2542114;76,5842743;30,7263622;203,1714935;55,0827332;2080-03-01
"904";2080;4;111,7077408;73,8422394;48,3649521;86,6423416;25,0654049;2080-04-01
"905";2080;5;82,497879;90,8102646;66,4568253;64,0405731;18,4573078;2080-05-01
"906";2080;6;54,0071678;102,3254013;72,4748154;41,2190704;12,7880917;2080-06-01
"907";2080;7;5,3802967;156,9083405;117,6812592;3,5608826;1,8194141;2080-07-01
"908";2080;8;0,6658783;119,8951035;89,3195038;0,2672202;0,3986581;2080-08-01
"909";2080;9;39,6685905;117,7861176;30,9993458;30,2978439;9,3707457;2080-09-01
"910";2080;10;56,9814224;106,0839005;19,8291969;43,3885956;13,5928268;2080-10-01
"911";2080;11;724,5911255;71,5655975;24,6499844;586,0792847;138,5115662;2080-11-01
"912";2080;12;397,2185669;40,4450531;13,001399;319,8105164;77,4080887;2080-12-01
"913";2081;1;636,4997559;43,3682365;11,0565023;513,8446045;122,6551437;2081-01-01
"914";2081;2;132,5275421;47,4672432;25,527729;104,4614563;28,0660782;2081-02-01
"915";2081;3;258,2542114;76,5842743;30,7263622;203,1714935;55,0827332;2081-03-01
"916";2081;4;111,7077408;73,8422394;48,3649521;86,6423416;25,0654049;2081-04-01
"917";2081;5;82,497879;90,8102646;66,4568253;64,0405731;18,4573078;2081-05-01
"918";2081;6;54,0071678;102,3254013;72,4748154;41,2190704;12,7880917;2081-06-01
"919";2081;7;5,3802967;156,9083405;117,6812592;3,5608826;1,8194141;2081-07-01
"920";2081;8;0,6658783;119,8951035;89,3195038;0,2672202;0,3986581;2081-08-01
"921";2081;9;39,6685905;117,7861176;30,9993458;30,2978439;9,3707457;2081-09-01
"922";2081;10;56,9814224;106,0839005;19,8291969;43,3885956;13,5928268;2081-10-01
"923";2081;11;724,5911255;71,5655975;24,6499844;586,0792847;138,5115662;2081-11-01
"924";2081;12;397,2185669;40,4450531;13,001399;319,8105164;77,4080887;2081-12-01
"925";2082;1;636,4997559;43,3682365;11,0565023;513,8446045;122,6551437;2082-01-01
"926";2082;2;132,5275421;47,4672432;25,527729;104,4614563;28,0660782;2082-02-01
"927";2082;3;258,2542114;76,5842743;30,7263622;203,1714935;55,0827332;2082-03-01
"928";2082;4;111,7077408;73,8422394;48,3649521;86,6423416;25,0654049;2082-04-01
"929";2082;5;82,497879;90,8102646;66,4568253;64,0405731;18,4573078;2082-05-01
"930";2082;6;54,0071678;102,3254013;72,4748154;41,2190704;12,7880917;2082-06-01
"931";2082;7;5,3802967;156,9083405;117,6812592;3,5608826;1,8194141;2082-07-01
"932";2082;8;0,6658783;119,8951035;89,3195038;0,2672202;0,3986581;2082-08-01
"933";2082;9;39,6685905;117,7861176;30,9993458;30,2978439;9,3707457;2082-09-01
"934";2082;10;56,9814224;106,0839005;19,8291969;43,3885956;13,5928268;2082-10-01
"935";2082;11;724,5911255;71,5655975;24,6499844;586,0792847;138,5115662;2082-11-01
"936";2082;12;397,2185669;40,4450531;13,001399;319,8105164;77,4080887;2082-12-01
"937";2083;1;636,4997559;43,3682365;11,0565023;513,8446045;122,6551437;2083-01-01
"938";2083;2;132,5275421;47,4672432;25,527729;104,4614563;28,0660782;2083-02-01
"939";2083;3;258,2542114;76,5842743;30,7263622;203,1714935;55,0827332;2083-03-01
"940";2083;4;111,7077408;73,8422394;48,3649521;86,6423416;25,0654049;2083-04-01
"941";2083;5;82,497879;90,8102646;66,4568253;64,0405731;18,4573078;2083-05-01
"942";2083;6;54,0071678;102,3254013;72,4748154;41,2190704;12,7880917;2083-06-01
"943";2083;7;5,3802967;156,9083405;117,6812592;3,5608826;1,8194141;2083-07-01
"944";2083;8;0,6658783;119,8951035;89,3195038;0,2672202;0,3986581;2083-08-01
"945";2083;9;39,6685905;117,7861176;30,9993458;30,2978439;9,3707457;2083-09-01
"946";2083;10;56,9814224;106,0839005;19,8291969;43,3885956;13,5928268;2083-10-01
"947";2083;11;724,5911255;71,5655975;24,6499844;586,0792847;138,5115662;2083-11-01
"948";2083;12;397,2185669;40,4450531;13,001399;319,8105164;77,4080887;2083-12-01
"949";2084;1;636,4997559;43,3682365;11,0565023;513,8446045;122,6551437;2084-01-01
"950";2084;2;132,5275421;47,4672432;25,527729;104,4614563;28,0660782;2084-02-01
"951";2084;3;258,2542114;76,5842743;30,7263622;203,1714935;55,0827332;2084-03-01
"952";2084;4;111,7077408;73,8422394;48,3649521;86,6423416;25,0654049;2084-04-01
"953";2084;5;82,497879;90,8102646;66,4568253;64,0405731;18,4573078;2084-05-01
"954";2084;6;54,0071678;102,3254013;72,4748154;41,2190704;12,7880917;2084-06-01
"955";2084;7;5,3802967;156,9083405;117,6812592;3,5608826;1,8194141;2084-07-01
"956";2084;8;0,6658783;119,8951035;89,3195038;0,2672202;0,3986581;2084-08-01
"957";2084;9;39,6685905;117,7861176;30,9993458;30,2978439;9,3707457;2084-09-01
"958";2084;10;56,9814224;106,0839005;19,8291969;43,3885956;13,5928268;2084-10-01
"959";2084;11;724,5911255;71,5655975;24,6499844;586,0792847;138,5115662;2084-11-01
"960";2084;12;397,2185669;40,4450531;13,001399;319,8105164;77,4080887;2084-12-01
"961";2085;1;636,4997559;43,3682365;11,0565023;513,8446045;122,6551437;2085-01-01
"962";2085;2;132,5275421;47,4672432;25,527729;104,4614563;28,0660782;2085-02-01
"963";2085;3;258,2542114;76,5842743;30,7263622;203,1714935;55,0827332;2085-03-01
"964";2085;4;111,7077408;73,8422394;48,3649521;86,6423416;25,0654049;2085-04-01
"965";2085;5;82,497879;90,8102646;66,4568253;64,0405731;18,4573078;2085-05-01
"966";2085;6;54,0071678;102,3254013;72,4748154;41,2190704;12,7880917;2085-06-01
"967";2085;7;5,3802967;156,9083405;117,6812592;3,5608826;1,8194141;2085-07-01
"968";2085;8;0,6658783;119,8951035;89,3195038;0,2672202;0,3986581;2085-08-01
"969";2085;9;39,6685905;117,7861176;30,9993458;30,2978439;9,3707457;2085-09-01
"970";2085;10;56,9814224;106,0839005;19,8291969;43,3885956;13,5928268;2085-10-01
"971";2085;11;724,5911255;71,5655975;24,6499844;586,0792847;138,5115662;2085-11-01
"972";2085;12;397,2185669;40,4450531;13,001399;319,8105164;77,4080887;2085-12-01
"973";2086;1;636,4997559;43,3682365;11,0565023;513,8446045;122,6551437;2086-01-01
"974";2086;2;132,5275421;47,4672432;25,527729;104,4614563;28,0660782;2086-02-01
"975";2086;3;258,2542114;76,5842743;30,7263622;203,1714935;55,0827332;2086-03-01
"976";2086;4;111,7077408;73,8422394;48,3649521;86,6423416;25,0654049;2086-04-01
"977";2086;5;82,497879;90,8102646;66,4568253;64,0405731;18,4573078;2086-05-01
"978";2086;6;54,0071678;102,3254013;72,4748154;41,2190704;12,7880917;2086-06-01
"979";2086;7;5,3802967;156,9083405;117,6812592;3,5608826;1,8194141;2086-07-01
"980";2086;8;0,6658783;119,8951035;89,3195038;0,2672202;0,3986581;2086-08-01
"981";2086;9;39,6685905;117,7861176;30,9993458;30,2978439;9,3707457;2086-09-01
"982";2086;10;56,9814224;106,0839005;19,8291969;43,3885956;13,5928268;2086-10-01
"983";2086;11;724,5911255;71,5655975;24,6499844;586,0792847;138,5115662;2086-11-01
"984";2086;12;397,2185669;40,4450531;13,001399;319,8105164;77,4080887;2086-12-01
"985";2087;1;636,4997559;43,3682365;11,0565023;513,8446045;122,6551437;2087-01-01
"986";2087;2;132,5275421;47,4672432;25,527729;104,4614563;28,0660782;2087-02-01
"987";2087;3;258,2542114;76,5842743;30,7263622;203,1714935;55,0827332;2087-03-01
"988";2087;4;111,7077408;73,8422394;48,3649521;86,6423416;25,0654049;2087-04-01
"989";2087;5;82,497879;90,8102646;66,4568253;64,0405731;18,4573078;2087-05-01
"990";2087;6;54,0071678;102,3254013;72,4748154;41,2190704;12,7880917;2087-06-01
"991";2087;7;5,3802967;156,9083405;117,6812592;3,5608826;1,8194141;2087-07-01
"992";2087;8;0,6658783;119,8951035;89,3195038;0,2672202;0,3986581;2087-08-01
"993";2087;9;39,6685905;117,7861176;30,9993458;30,2978439;9,3707457;2087-09-01
"994";2087;10;56,9814224;106,0839005;19,8291969;43,3885956;13,5928268;2087-10-01
"995";2087;11;724,5911255;71,5655975;24,6499844;586,0792847;138,5115662;2087-11-01
"996";2087;12;397,2185669;40,4450531;13,001399;319,8105164;77,4080887;2087-12-01
"997";2088;1;636,4997559;43,3682365;11,0565023;513,8446045;122,6551437;2088-01-01
"998";2088;2;132,5275421;47,4672432;25,527729;104,4614563;28,0660782;2088-02-01
"999";2088;3;258,2542114;76,5842743;30,7263622;203,1714935;55,0827332;2088-03-01
"1000";2088;4;111,7077408;73,8422394;48,3649521;86,6423416;25,0654049;2088-04-01
"1001";2088;5;82,497879;90,8102646;66,4568253;64,0405731;18,4573078;2088-05-01
"1002";2088;6;54,0071678;102,3254013;72,4748154;41,2190704;12,7880917;2088-06-01
"1003";2088;7;5,3802967;156,9083405;117,6812592;3,5608826;1,8194141;2088-07-01
"1004";2088;8;0,6658783;119,8951035;89,3195038;0,2672202;0,3986581;2088-08-01
"1005";2088;9;39,6685905;117,7861176;30,9993458;30,2978439;9,3707457;2088-09-01
"1006";2088;10;56,9814224;106,0839005;19,8291969;43,3885956;13,5928268;2088-10-01
"1007";2088;11;724,5911255;71,5655975;24,6499844;586,0792847;138,5115662;2088-11-01
"1008";2088;12;397,2185669;40,4450531;13,001399;319,8105164;77,4080887;2088-12-01
"1009";2089;1;636,4997559;43,3682365;11,0565023;513,8446045;122,6551437;2089-01-01
"1010";2089;2;132,5275421;54,5658913;30,1060486;104,4614563;28,0660782;2089-02-01
"1011";2089;3;258,2542114;92,6669693;50,5694695;203,1714935;55,0827332;2089-03-01
"1012";2089;4;111,7077408;89,3491135;58,521595;86,6423416;25,0654049;2089-04-01
"1013";2089;5;82,497879;109,8804321;82,4103241;64,0405731;18,4573078;2089-05-01
"1014";2089;6;54,0071678;113,7720642;80,163269;41,2190704;12,7880917;2089-06-01
"1015";2089;7;5,3802967;133,1656647;99,3820114;3,5608826;1,8194141;2089-07-01
"1016";2089;8;0,6658783;105,2270508;76,2263718;0,2672202;0,3986581;2089-08-01
"1017";2089;9;39,6685905;217,3886414;42,407486;30,2978439;9,3707457;2089-09-01
"1018";2089;10;56,9814224;106,0839005;17,2435303;43,3885956;13,5928268;2089-10-01
"1019";2089;11;724,5911255;56,9273643;8,9154644;586,0792847;138,5115662;2089-11-01
"1020";2089;12;397,2185669;38,439518;12,3225994;319,8105164;77,4080887;2089-12-01
"1021";2090;1;636,4997559;43,3682365;11,0565023;513,8446045;122,6551437;2090-01-01
"1022";2090;2;132,5275421;54,5658913;30,1060486;104,4614563;28,0660782;2090-02-01
"1023";2090;3;258,2542114;92,6669693;50,5694695;203,1714935;55,0827332;2090-03-01
"1024";2090;4;111,7077408;89,3491135;58,521595;86,6423416;25,0654049;2090-04-01
"1025";2090;5;82,497879;109,8804321;82,4103241;64,0405731;18,4573078;2090-05-01
"1026";2090;6;54,0071678;113,7720642;80,163269;41,2190704;12,7880917;2090-06-01
"1027";2090;7;5,3802967;133,1656647;99,3820114;3,5608826;1,8194141;2090-07-01
"1028";2090;8;0,6658783;105,2270508;76,2263718;0,2672202;0,3986581;2090-08-01
"1029";2090;9;39,6685905;217,3886414;42,407486;30,2978439;9,3707457;2090-09-01
"1030";2090;10;56,9814224;106,0839005;17,2435303;43,3885956;13,5928268;2090-10-01
"1031";2090;11;724,5911255;56,9273643;8,9154644;586,0792847;138,5115662;2090-11-01
"1032";2090;12;397,2185669;38,439518;12,3225994;319,8105164;77,4080887;2090-12-01
"1033";2091;1;636,4997559;43,3682365;11,0565023;513,8446045;122,6551437;2091-01-01
"1034";2091;2;132,5275421;54,5658913;30,1060486;104,4614563;28,0660782;2091-02-01
"1035";2091;3;258,2542114;92,6669693;50,5694695;203,1714935;55,0827332;2091-03-01
"1036";2091;4;111,7077408;89,3491135;58,521595;86,6423416;25,0654049;2091-04-01
"1037";2091;5;82,497879;109,8804321;82,4103241;64,0405731;18,4573078;2091-05-01
"1038";2091;6;54,0071678;113,7720642;80,163269;41,2190704;12,7880917;2091-06-01
"1039";2091;7;5,3802967;133,1656647;99,3820114;3,5608826;1,8194141;2091-07-01
"1040";2091;8;0,6658783;105,2270508;76,2263718;0,2672202;0,3986581;2091-08-01
"1041";2091;9;39,6685905;217,3886414;42,407486;30,2978439;9,3707457;2091-09-01
"1042";2091;10;56,9814224;106,0839005;17,2435303;43,3885956;13,5928268;2091-10-01
"1043";2091;11;724,5911255;56,9273643;8,9154644;586,0792847;138,5115662;2091-11-01
"1044";2091;12;397,2185669;38,439518;12,3225994;319,8105164;77,4080887;2091-12-01
"1045";2092;1;636,4997559;43,3682365;11,0565023;513,8446045;122,6551437;2092-01-01
"1046";2092;2;132,5275421;54,5658913;30,1060486;104,4614563;28,0660782;2092-02-01
"1047";2092;3;258,2542114;92,6669693;50,5694695;203,1714935;55,0827332;2092-03-01
"1048";2092;4;111,7077408;89,3491135;58,521595;86,6423416;25,0654049;2092-04-01
"1049";2092;5;82,497879;109,8804321;82,4103241;64,0405731;18,4573078;2092-05-01
"1050";2092;6;54,0071678;113,7720642;80,163269;41,2190704;12,7880917;2092-06-01
"1051";2092;7;5,3802967;133,1656647;99,3820114;3,5608826;1,8194141;2092-07-01
"1052";2092;8;0,6658783;105,2270508;76,2263718;0,2672202;0,3986581;2092-08-01
"1053";2092;9;39,6685905;217,3886414;42,407486;30,2978439;9,3707457;2092-09-01
"1054";2092;10;56,9814224;106,0839005;17,2435303;43,3885956;13,5928268;2092-10-01
"1055";2092;11;724,5911255;56,9273643;8,9154644;586,0792847;138,5115662;2092-11-01
"1056";2092;12;397,2185669;38,439518;12,3225994;319,8105164;77,4080887;2092-12-01
"1057";2093;1;636,4997559;43,3682365;11,0565023;513,8446045;122,6551437;2093-01-01
"1058";2093;2;132,5275421;47,4672432;25,527729;104,4614563;28,0660782;2093-02-01
"1059";2093;3;258,2542114;76,5842743;30,7263622;203,1714935;55,0827332;2093-03-01
"1060";2093;4;111,7077408;73,8422394;48,3649521;86,6423416;25,0654049;2093-04-01
"1061";2093;5;82,497879;90,8102646;66,4568253;64,0405731;18,4573078;2093-05-01
"1062";2093;6;54,0071678;102,3254013;72,4748154;41,2190704;12,7880917;2093-06-01
"1063";2093;7;5,3802967;156,9083405;117,6812592;3,5608826;1,8194141;2093-07-01
"1064";2093;8;0,6658783;119,8951035;89,3195038;0,2672202;0,3986581;2093-08-01
"1065";2093;9;39,6685905;117,7861176;30,9993458;30,2978439;9,3707457;2093-09-01
"1066";2093;10;56,9814224;106,0839005;19,8291969;43,3885956;13,5928268;2093-10-01
"1067";2093;11;724,5911255;71,5655975;24,6499844;586,0792847;138,5115662;2093-11-01
"1068";2093;12;397,2185669;40,4450531;13,001399;319,8105164;77,4080887;2093-12-01
"1069";2094;1;636,4997559;43,3682365;11,0565023;513,8446045;122,6551437;2094-01-01
"1070";2094;2;132,5275421;47,4672432;25,527729;104,4614563;28,0660782;2094-02-01
"1071";2094;3;258,2542114;76,5842743;30,7263622;203,1714935;55,0827332;2094-03-01
"1072";2094;4;111,7077408;73,8422394;48,3649521;86,6423416;25,0654049;2094-04-01
"1073";2094;5;82,497879;90,8102646;66,4568253;64,0405731;18,4573078;2094-05-01
"1074";2094;6;54,0071678;102,3254013;72,4748154;41,2190704;12,7880917;2094-06-01
"1075";2094;7;5,3802967;156,9083405;117,6812592;3,5608826;1,8194141;2094-07-01
"1076";2094;8;0,6658783;119,8951035;89,3195038;0,2672202;0,3986581;2094-08-01
"1077";2094;9;39,6685905;117,7861176;30,9993458;30,2978439;9,3707457;2094-09-01
"1078";2094;10;56,9814224;106,0839005;19,8291969;43,3885956;13,5928268;2094-10-01
"1079";2094;11;724,5911255;71,5655975;24,6499844;586,0792847;138,5115662;2094-11-01
"1080";2094;12;397,2185669;40,4450531;13,001399;319,8105164;77,4080887;2094-12-01
"1081";2095;1;636,4997559;43,3682365;11,0565023;513,8446045;122,6551437;2095-01-01
"1082";2095;2;132,5275421;47,4672432;25,527729;104,4614563;28,0660782;2095-02-01
"1083";2095;3;258,2542114;76,5842743;30,7263622;203,1714935;55,0827332;2095-03-01
"1084";2095;4;111,7077408;73,8422394;48,3649521;86,6423416;25,0654049;2095-04-01
"1085";2095;5;82,497879;90,8102646;66,4568253;64,0405731;18,4573078;2095-05-01
"1086";2095;6;54,0071678;102,3254013;72,4748154;41,2190704;12,7880917;2095-06-01
"1087";2095;7;5,3802967;156,9083405;117,6812592;3,5608826;1,8194141;2095-07-01
"1088";2095;8;0,6658783;119,8951035;89,3195038;0,2672202;0,3986581;2095-08-01
"1089";2095;9;39,6685905;117,7861176;30,9993458;30,2978439;9,3707457;2095-09-01
"1090";2095;10;56,9814224;106,0839005;19,8291969;43,3885956;13,5928268;2095-10-01
"1091";2095;11;724,5911255;71,5655975;24,6499844;586,0792847;138,5115662;2095-11-01
"1092";2095;12;397,2185669;40,4450531;13,001399;319,8105164;77,4080887;2095-12-01
"1093";2096;1;636,4997559;43,3682365;11,0565023;513,8446045;122,6551437;2096-01-01
"1094";2096;2;132,5275421;47,4672432;25,527729;104,4614563;28,0660782;2096-02-01
"1095";2096;3;258,2542114;76,5842743;30,7263622;203,1714935;55,0827332;2096-03-01
"1096";2096;4;111,7077408;73,8422394;48,3649521;86,6423416;25,0654049;2096-04-01
"1097";2096;5;82,497879;90,8102646;66,4568253;64,0405731;18,4573078;2096-05-01
"1098";2096;6;54,0071678;102,3254013;72,4748154;41,2190704;12,7880917;2096-06-01
"1099";2096;7;5,3802967;156,9083405;117,6812592;3,5608826;1,8194141;2096-07-01
"1100";2096;8;0,6658783;119,8951035;89,3195038;0,2672202;0,3986581;2096-08-01
"1101";2096;9;39,6685905;117,7861176;30,9993458;30,2978439;9,3707457;2096-09-01
"1102";2096;10;56,9814224;106,0839005;19,8291969;43,3885956;13,5928268;2096-10-01
"1103";2096;11;724,5911255;71,5655975;24,6499844;586,0792847;138,5115662;2096-11-01
"1104";2096;12;397,2185669;40,4450531;13,001399;319,8105164;77,4080887;2096-12-01
"1105";2097;1;636,4997559;43,3682365;11,0565023;513,8446045;122,6551437;2097-01-01
"1106";2097;2;132,5275421;47,4672432;25,527729;104,4614563;28,0660782;2097-02-01
"1107";2097;3;258,2542114;76,5842743;30,7263622;203,1714935;55,0827332;2097-03-01
"1108";2097;4;111,7077408;73,8422394;48,3649521;86,6423416;25,0654049;2097-04-01
"1109";2097;5;82,497879;90,8102646;66,4568253;64,0405731;18,4573078;2097-05-01
"1110";2097;6;54,0071678;102,3254013;72,4748154;41,2190704;12,7880917;2097-06-01
"1111";2097;7;5,3802967;156,9083405;117,6812592;3,5608826;1,8194141;2097-07-01
"1112";2097;8;0,6658783;119,8951035;89,3195038;0,2672202;0,3986581;2097-08-01
"1113";2097;9;39,6685905;117,7861176;30,9993458;30,2978439;9,3707457;2097-09-01
"1114";2097;10;56,9814224;106,0839005;19,8291969;43,3885956;13,5928268;2097-10-01
"1115";2097;11;724,5911255;71,5655975;24,6499844;586,0792847;138,5115662;2097-11-01
"1116";2097;12;397,2185669;40,4450531;13,001399;319,8105164;77,4080887;2097-12-01
"1117";2098;1;636,4997559;43,3682365;11,0565023;513,8446045;122,6551437;2098-01-01
"1118";2098;2;132,5275421;47,4672432;25,527729;104,4614563;28,0660782;2098-02-01
"1119";2098;3;258,2542114;76,5842743;30,7263622;203,1714935;55,0827332;2098-03-01
"1120";2098;4;111,7077408;73,8422394;48,3649521;86,6423416;25,0654049;2098-04-01
"1121";2098;5;82,497879;90,8102646;66,4568253;64,0405731;18,4573078;2098-05-01
"1122";2098;6;54,0071678;102,3254013;72,4748154;41,2190704;12,7880917;2098-06-01
"1123";2098;7;5,3802967;156,9083405;117,6812592;3,5608826;1,8194141;2098-07-01
"1124";2098;8;0,6658783;119,8951035;89,3195038;0,2672202;0,3986581;2098-08-01
"1125";2098;9;39,6685905;117,7861176;30,9993458;30,2978439;9,3707457;2098-09-01
"1126";2098;10;56,9814224;106,0839005;19,8291969;43,3885956;13,5928268;2098-10-01
"1127";2098;11;724,5911255;71,5655975;24,6499844;586,0792847;138,5115662;2098-11-01
"1128";2098;12;397,2185669;40,4450531;13,001399;319,8105164;77,4080887;2098-12-01
"1129";2099;1;636,4997559;43,3682365;11,0565023;513,8446045;122,6551437;2099-01-01
"1130";2099;2;132,5275421;47,4672432;25,527729;104,4614563;28,0660782;2099-02-01
"1131";2099;3;258,2542114;76,5842743;30,7263622;203,1714935;55,0827332;2099-03-01
"1132";2099;4;111,7077408;73,8422394;48,3649521;86,6423416;25,0654049;2099-04-01
"1133";2099;5;82,497879;90,8102646;66,4568253;64,0405731;18,4573078;2099-05-01
"1134";2099;6;54,0071678;102,3254013;72,4748154;41,2190704;12,7880917;2099-06-01
"1135";2099;7;5,3802967;156,9083405;117,6812592;3,5608826;1,8194141;2099-07-01
"1136";2099;8;0,6658783;119,8951035;89,3195038;0,2672202;0,3986581;2099-08-01
"1137";2099;9;39,6685905;117,7861176;30,9993458;30,2978439;9,3707457;2099-09-01
"1138";2099;10;56,9814224;106,0839005;19,8291969;43,3885956;13,5928268;2099-10-01
"1139";2099;11;724,5911255;71,5655975;24,6499844;586,0792847;138,5115662;2099-11-01
"1140";2099;12;397,2185669;40,4450531;13,001399;319,8105164;77,4080887;2099-12-01
"1141";2100;1;636,4997559;43,3682365;11,0565023;513,8446045;122,6551437;2100-01-01
"1142";2100;2;132,5275421;47,4672432;25,527729;104,4614563;28,0660782;2100-02-01
"1143";2100;3;258,2542114;76,5842743;30,7263622;203,1714935;55,0827332;2100-03-01
"1144";2100;4;111,7077408;73,8422394;48,3649521;86,6423416;25,0654049;2100-04-01
"1145";2100;5;82,497879;90,8102646;66,4568253;64,0405731;18,4573078;2100-05-01
"1146";2100;6;54,0071678;102,3254013;72,4748154;41,2190704;12,7880917;2100-06-01
"1147";2100;7;5,3802967;156,9083405;117,6812592;3,5608826;1,8194141;2100-07-01
"1148";2100;8;0,6658783;119,8951035;89,3195038;0,2672202;0,3986581;2100-08-01
"1149";2100;9;39,6685905;117,7861176;30,9993458;30,2978439;9,3707457;2100-09-01
"1150";2100;10;56,9814224;106,0839005;19,8291969;43,3885956;13,5928268;2100-10-01
"1151";2100;11;724,5911255;71,5655975;24,6499844;586,0792847;138,5115662;2100-11-01
"1152";2100;12;397,2185669;40,4450531;13,001399;319,8105164;77,4080887;2100-12-01
