YEAR;Month;PP N mol/m;PP Ca mol/m;PP Mg mol/m;PP K mol/m;PP S mol/m;PP P mol/m;PU N mol/m;PU Ca mol/m;PU Mg mol/m;PU K mol/m;PU S mol/m;PU P mol/m;AU N mol/m;AU Ca mol/m;AU Mg mol/m;AU K mol/m;AU S mol/m;AU P mol/m;PA N mol/m;PA Ca mol/m;PA Mg mol/m;PA K mol/m;PA S mol/m;PA P mol/m;AA N mol/m;AA Ca mol/m;AA Mg mol/m;AA K mol/m;AA S mol/m;AA P mol/m
        2005;           1; 107892.8828125;  20777.3554688;   5922.6103516;  14497.9414062;   3425.5690918;   5344.0673828;    339.4419861;      0.0000000;      0.0000000;      0.0000000;     17.1132927;     15.7505121;    339.4420166;      0.0000000;      0.0000000;      0.0000000;     17.1132946;     15.7505121;    361.3508606;    133.6683044;     31.1593933;     90.6447830;     14.2028351;     24.9130001;    361.3508606;    133.6683044;     31.1593933;     90.6447830;     14.2028351;     24.9130001
        2005;           2; 106593.1953125;  20379.6132812;   5767.6176758;  14037.6396484;   3369.1508789;   5306.0810547;    339.4419861;      0.0000000;      0.0000000;      0.0000000;     34.2265854;     31.5010242;    339.4420166;      0.0000000;      0.0000000;   1872.2160645;     34.2265854;     31.5010242;   3273.0332031;    397.7424622;    154.9928741;    460.3013916;     90.6446838;    159.4206238;   3273.0332031;    397.7424622;    154.9928741;    460.3013916;     90.6446838;    159.4206238
        2005;           3; 104731.7890625;  19796.9882812;   5557.4492188;  13415.0029297;   3335.0449219;   5265.7158203;    678.8839722;      0.0000000;      0.0000000;      0.0000000;     85.5664673;     78.7525635;    678.8840332;      0.0000000;      0.0000000;   1870.7822266;     85.5664597;     78.7525711;   4199.0693359;    582.6246948;    210.1682739;    622.6365967;    119.6724854;    210.4197540;   4199.0693359;    582.6246948;    210.1682739;    622.6365967;    119.6724854;    210.4197540
        2005;           4; 101749.5625000;  16657.9667969;   4777.2080078;  11112.5214844;   3315.1499023;   4933.8745117;   8486.0498047;    522.7755737;    148.8442383;    411.7048950;    427.8323364;    393.7628174;   8486.0498047;    522.7755127;    148.8442383;   2282.3522949;    427.8322754;    393.7628174;  12563.0693359;   3661.7963867;    929.0854492;   2714.1862793;    447.7273254;    785.8638916;  12563.0693359;   3661.7963867;    929.0854492;   2714.1862793;    447.7273254;    785.8638916
        2005;           5; 100467.3828125;  13945.4980469;   4310.9257812;   9578.1972656;   3399.5195312;   4486.0761719;  16972.0996094;   4182.2045898;   1190.7539062;   3293.6391602;    855.6646729;    787.5256348;  16972.0996094;   4182.2041016;   1190.7539062;   5167.3339844;    855.6645508;    787.5256348;  20396.8769531;   6894.6738281;   1657.0358887;   4827.9628906;    771.2949829;   1353.2556152;  20396.8769531;   6894.6738281;   1657.0358887;   4827.9628906;    771.2949829;   1353.2556152
        2005;           6;  97234.0625000;  13436.8662109;   4310.6977539;   9392.4462891;   3253.1789551;   3983.5703125;  10862.1435547;   4182.2045898;   1190.7539062;   3293.6391602;    427.8323364;    393.7628174;  10862.1445312;   4182.2041016;   1190.7539062;   5161.6733398;    427.8322754;    393.7628479;  16121.9414062;   4690.8369141;   1190.9820557;   3479.3908691;    574.1729126;   1007.8096924;  16121.9414062;   4690.8369141;   1190.9820557;   3479.3908691;    574.1729126;   1007.8096924
        2005;           7;  93733.5703125;  12950.6386719;   4320.9765625;   9238.0585938;   3233.1171875;   3380.4331055;  10862.1435547;   4182.2045898;   1190.7539062;   3293.6391602;    547.6253662;    504.0163879;  10862.1445312;   4182.2041016;   1190.7539062;   5162.3002930;    547.6253662;    310.0224304;  15874.8955078;   4668.4311523;   1180.4752197;   3448.0266113;    567.6871338;    996.3970947;  15874.8955078;   4668.4311523;   1180.4752197;   3448.0266113;    567.6871338;    996.3970947
        2005;           8;  92100.4375000;  13098.3154297;   4502.4248047;   9585.1533203;   3195.9111328;   2925.1164551;   9504.3759766;   4182.2045898;   1190.7539062;   3293.6391602;    444.9456177;    409.5133057;   9504.3759766;   4182.2041016;   1190.7539062;   5165.0781250;    444.9456177;    269.9098511;  13335.3896484;   4034.5285645;   1009.3056641;   2946.5441895;    482.1517334;    846.2021484;  13335.3896484;   4034.5285645;   1009.3056641;   2946.5441895;    482.1517334;    846.2021484
        2005;           9;  91324.8906250;  12858.2500000;   4535.3066406;   9516.6328125;   3148.8129883;   2568.3076172;   8825.4912109;   3659.4289551;   1041.9096680;   2881.9340820;    444.9456177;    409.5133057;   8825.4921875;   3659.4291992;   1041.9097900;   4749.6689453;    444.9456177;    260.8963623;  14071.4531250;   3899.4941406;   1009.0278931;   2950.4543457;    492.0437927;    863.7650146;  14071.4531250;   3899.4941406;   1009.0278931;   2950.4543457;    492.0437927;    863.7650146
        2005;          10;  95227.6015625;  11861.9384766;   4099.6240234;   8218.4414062;   2970.4660645;   2908.7531738;    339.4419861;      0.0000000;      0.0000000;      0.0000000;     85.5664673;     78.7525635;    339.4420166;      0.0000000;      0.0000000;   1855.4582520;     85.5664597;     65.2011185;   9872.8613281;    996.3118286;    435.6827393;   1298.1915283;    263.9132690;    464.3052368;   9872.8613281;    996.3118286;    435.6827393;   1298.1915283;    263.9132690;    464.3052368
        2005;          11;  71793.5781250;   9135.5332031;   2852.6411133;   4498.4291992;   2239.9675293;   1879.5802002;    339.4419861;      0.0000000;      0.0000000;      0.0000000;     34.2265854;     31.5010242;    339.4420166;      0.0000000;      0.0000000;   1807.0218506;     34.2265854;     31.5010242;  28948.8652344;   2726.4047852;   1246.9829102;   3720.0117188;    764.7251587;   1345.5374756;  28948.8652344;   2726.4047852;   1246.9829102;   3720.0117188;    764.7251587;   1345.5374756
        2005;          12;  62700.9375000;   8003.1796875;   2353.1638184;   3009.8037109;   1953.7873535;   1468.5556641;    339.4419861;      0.0000000;      0.0000000;      0.0000000;     17.1132927;     15.7505121;    339.4420166;      0.0000000;      0.0000000;   1851.6495361;     17.1132927;     15.7505121;  11372.8574219;   1132.3536377;    499.4773865;   1488.6256104;    303.2934265;    533.5988770;  11372.8574219;   1132.3536377;    499.4773865;   1488.6256104;    303.2934265;    533.5988770
        2006;           1;  32359.2792969;   4987.5224609;    971.3132324;  -1112.7602539;   1123.6236572;     71.2807617;    354.1550598;      0.0000000;      0.0000000;      0.0000000;     17.8583050;     16.4627876;    354.1550598;      0.0000000;      0.0000000;   1869.1245117;     17.8583031;     16.4627876;  32115.3730469;   3015.6572266;   1381.8505859;   4122.5639648;    848.0219727;   1491.8728027;  32115.3730469;   3015.6572266;   1381.8505859;   4122.5639648;    848.0219727;   1491.8728027
        2006;           2;  31023.4667969;   4577.5732422;    811.3688965;  -1587.7995605;   1065.5954590;     32.8537750;    354.1550598;      0.0000000;      0.0000000;      0.0000000;     35.7166100;     32.9255753;    354.1550598;      0.0000000;      0.0000000;   1942.0750732;     35.7166061;     32.9255753;   3384.8339844;    409.9492493;    159.9443207;    475.0393677;     93.7447662;    164.6411591;   3384.8339844;    409.9492493;    159.9443207;    475.0393677;     93.7447662;    164.6411591
        2006;           3;  29117.3671875;   3978.4785156;    595.0227661;  -1940.5877686;   1031.3137207;      0.0000000;    708.3101196;      0.0000000;      0.0000000;      0.0000000;     89.2915268;     82.3139420;    708.3101196;      0.0000000;      0.0000000;   1940.5877686;     89.2915192;     82.3139496;   4335.0849609;    599.0947266;    216.3461151;    640.9929199;    123.5731964;    216.8147430;   4335.0849609;    599.0947266;    216.3461151;    352.7882080;    123.5731964;    209.8769836
        2006;           4;  26333.2578125;    793.8591309;      0.0000000;  -1936.3509521;   1020.3931274;      0.0000000;   8853.8769531;    547.9496460;    155.4328003;    429.6060181;    446.4576416;    411.5697021;   8853.8769531;    547.9496460;    155.4328308;   2365.9572754;    446.4575500;    411.5697632;  12773.6318359;   3732.5690918;    942.9546509;   2754.5227051;    457.3781128;    796.9864502;  12773.6318359;   3732.5690918;    750.4555664;    425.3695068;    457.3781128;    474.0684814
        2006;           5;  25622.0625000;      0.0000000;      0.0000000;  -1931.6888428;   1127.3457031;      0.0000000;  17707.7539062;   4383.5971680;   1243.4624023;   3436.8481445;    892.9152832;    823.1394043;  17707.7539062;   4383.5971680;   1243.4626465;   5368.5361328;    892.9151001;    823.1395264;  20641.4921875;   7020.2104492;   1677.2674561;   4886.2270508;    785.9625244;   1367.3466797;  20641.4921875;   5177.4560547;   1243.4626465;   3432.1850586;    785.9625244;    945.2177124
        2006;           6;  22664.1484375;      0.0000000;     34.6638184;  -1924.0759277;    987.2376709;      0.0000000;  11332.9619141;   4383.5971680;   1243.4624023;   3436.8481445;    446.4576416;    411.5697021;  11332.9619141;   4383.5971680;   1243.4626465;   5360.9228516;    446.4575500;    252.3038940;  16392.9687500;   4781.5625000;   1208.7988281;   3531.2126465;    586.5655518;   1022.1161499;  16392.9687500;   4383.5971680;   1208.7988281;   3429.2338867;    586.5655518;    367.6545715
        2006;           7;  19429.1191406;      0.0000000;     80.2277832;  -1924.4614258;    978.8664551;      0.0000000;  11332.9619141;   4383.5971680;   1243.4624023;   3436.8481445;    571.4657593;    526.8092041;  11332.9619141;   4383.5971680;   1243.4626465;   5361.3085938;    571.4656982;    293.0506897;  16136.6738281;   4758.3183594;   1197.8986816;   3498.6743164;    579.8369141;   1010.2763672;  16136.6738281;   4383.5971680;   1197.8986816;   3437.2326660;    579.8369141;    378.7921143
        2006;           8;  18081.5898438;    272.2929688;    300.0187378;  -1475.8497314;    950.9422607;      0.0000000;   9916.3417969;   4383.5971680;   1243.4624023;   3436.8481445;    464.3159180;    428.0324707;   9916.3427734;   4383.5971680;   1243.4626465;   5364.0527344;    464.3158264;    268.9595947;  13543.7685547;   4111.3041992;   1023.6716919;   2988.2358398;    492.2399902;    857.3912964;  13543.7685547;   4111.3041992;   1023.6716919;   2988.2358398;    492.2399902;    393.1228638
        2006;           9;  17598.8828125;    131.4387207;    363.0006104;  -1465.7757568;    912.1923828;      0.0000000;   9208.0312500;   3835.6472168;   1088.0295410;   3007.2419434;    464.3159180;    428.0324707;   9208.0312500;   3835.6467285;   1088.0295410;   4930.6933594;    464.3158264;    236.5274506;  14327.9599609;   3976.5007324;   1025.0477295;   2997.1677246;    503.0656738;    877.0658569;  14327.9599609;   3976.5007324;   1025.0477295;   2997.1677246;    503.0656738;    488.4818726
        2006;          10;  21659.5898438;      0.0000000;      0.0000000;  -1910.8961182;    728.0051880;    341.6100159;    354.1550598;      0.0000000;      0.0000000;      0.0000000;     89.2915268;     82.3139420;    354.1550598;      0.0000000;      0.0000000;   1910.8961182;     89.2915192;     67.3314590;  10230.9277344;   1030.8536377;    451.1078491;   1344.1945801;    273.4786987;    480.9023132;  10230.9277344;    131.4387207;    363.0006104;    445.1203613;    273.4786987;    480.9023132
        2006;          11;      0.0000000;      0.0000000;      0.0000000;  -1845.0759277;      0.0000000;      0.0000000;    354.1550598;      0.0000000;      0.0000000;      0.0000000;     35.7166100;     32.9255753;    354.1550598;      0.0000000;      0.0000000;   1845.0759277;     35.7166061;     32.9255753;  30018.7089844;   2825.5009766;   1292.6798096;   3856.3793945;    792.9772339;   1395.0156250;  27382.2539062;      0.0000000;      0.0000000;    -65.8201904;    763.7218018;    665.4793091
        2006;          12;      0.0000000;      0.0000000;      0.0000000;  -1814.8658447;      0.0000000;      0.0000000;    354.1550598;      0.0000000;      0.0000000;      0.0000000;     17.8583050;     16.4627876;    354.1550598;      0.0000000;      0.0000000;   1814.8658447;     17.8583031;     16.4627876;  51563.7343750;   4779.5195312;   2208.9868164;   6591.6572266;   1358.6093750;   2390.3061523;   2369.8046875;      0.0000000;      0.0000000;    -30.2100830;     17.8583031;    126.3485870
        2007;           1;      0.0000000;      0.0000000;      0.0000000;  -1803.3553467;      0.0000000;      0.0000000;    362.9752197;      0.0000000;      0.0000000;      0.0000000;     18.2995701;     16.8409004;    362.9752808;      0.0000000;      0.0000000;   1803.3553467;     18.2995682;     16.8409004;  84469.6250000;   7762.3837891;   3608.1193848;  10768.2734375;   2222.4938965;   3910.2006836;   1837.7922363;      0.0000000;      0.0000000;    -11.5104980;     18.2995682;     97.2386017
        2007;           2;      0.0000000;      0.0000000;      0.0000000;  -1795.1716309;      0.0000000;      0.0000000;    362.9752197;      0.0000000;      0.0000000;      0.0000000;     36.5991402;     33.6818008;    362.9752808;      0.0000000;      0.0000000;   1795.1716309;     36.5991364;     33.6818008;  89382.3593750;   8207.9423828;   3817.0573730;  11391.9765625;   2351.4704590;   4137.1479492;   2128.2060547;      0.0000000;      0.0000000;     -8.1837158;     36.5991364;    129.9102173
        2007;           3;      0.0000000;      0.0000000;      0.0000000;  -1785.4945068;      0.0000000;      0.0000000;    725.9504395;      0.0000000;      0.0000000;      0.0000000;     91.4978561;     84.2045059;    725.9505615;      0.0000000;      0.0000000;   1785.4945068;     91.4978485;     84.2045135;  94735.2812500;   8794.8613281;   4060.3535156;  12115.8808594;   2496.8742676;   4392.4863281;   2521.2539062;      0.0000000;      0.0000000;     -9.6771240;     91.4978485;    182.0708771
        2007;           4;      0.0000000;      0.0000000;      0.0000000;  -1775.6245117;      0.0000000;      0.0000000;   9074.3808594;    558.8846436;    159.1561737;    440.2450867;    457.4892578;    421.0225220;   9074.3798828;    558.8847046;    159.1561890;   2215.8693848;    457.4892273;    421.0225220; 108185.0781250;  12347.7148438;   4992.0185547;  14842.7021484;   2962.0039062;   5199.0688477;  10261.7685547;    558.8847046;    159.1561890;    430.3748779;    457.4892273;    485.7478638
        2007;           5;      0.0000000;      0.0000000;      0.0000000;  -1777.0131836;      0.0000000;      0.0000000;  18148.7617188;   4471.0771484;   1273.2493896;   3521.9606934;    914.9785156;    842.0450439;  18148.7597656;   4471.0776367;   1273.2495117;   5298.9741211;    914.9784546;    842.0450439;  61973.5078125;  10692.4716797;   3417.5678711;  10083.7675781;   1870.5550537;   3265.6530762;  20310.8515625;   4471.0776367;   1273.2495117;   3523.3496094;    914.9784546;    959.8971558
        2007;           6;      0.0000000;      0.0000000;     81.8909912;  -1735.8369141;      0.0000000;      0.0000000;  11615.2070312;   4471.0771484;   1273.2493896;   3521.9606934;    457.4892578;    421.0225220;  11615.2089844;   4471.0776367;   1273.2495117;   5327.0092773;    457.4892273;    421.0224915;  16246.9199219;   4719.4624023;   1191.3585205;   3480.7849121;    582.3999023;   1008.2903442;  13585.6240234;   4471.0776367;   1191.3585205;   3480.7849121;    457.4892273;    528.2226562
        2007;           7;      0.0000000;      0.0000000;    175.0211182;  -1661.1107178;     10.1240845;      0.0000000;  11615.2070312;   4471.0771484;   1273.2493896;   3521.9606934;    585.5862427;    538.9088135;  11615.2089844;   4471.0776367;   1273.2495117;   5328.8051758;    585.5861816;    326.4326172;  15982.6572266;   4695.4951172;   1180.1193848;   3447.2351074;    575.4620972;    996.0824585;  13084.9023438;   4471.0776367;   1180.1193848;   3447.2351074;    575.4620972;    406.2251587
        2007;           8;      0.0000000;    416.3759766;    440.9215088;  -1080.0902100;      0.0000000;      0.0000000;  10163.3066406;   4471.0771484;   1273.2493896;   3521.9606934;    475.7888184;    437.8634033;  10163.3066406;   4471.0776367;   1273.2495117;   5332.6113281;    475.7887878;    282.2279968;  13391.0000000;   4054.7016602;   1007.3491211;   2940.9406738;    487.9393311;    844.1398926;  12298.1015625;   4054.7016602;   1007.3491211;   2940.9406738;    485.9128723;    397.8289490
        2007;           9;      0.0000000;    399.6735840;    542.8005981;   -958.5603027;      0.0000000;      0.0000000;   9437.3554688;   3912.1923828;   1114.0931396;   3081.7153320;    475.7888184;    437.8634033;   9437.3564453;   3912.1928711;   1114.0932617;   4889.6108398;    475.7887878;    272.5308838;  14240.7265625;   3928.8952637;   1012.2141724;   2960.1855469;    500.5062866;    867.2843018;  13779.6640625;   3928.8952637;   1012.2141724;   2960.1855469;    475.7887878;    507.1760254
        2007;          10;   2890.1035156;      0.0000000;     79.3511047;  -1797.2032471;      0.0000000;    277.9570312;    362.9752197;      0.0000000;      0.0000000;      0.0000000;     91.4978561;     84.2045059;    362.9752808;      0.0000000;      0.0000000;   1797.2032471;     91.4978485;     68.7161484;  10529.3671875;   1056.3937988;    463.4494934;   1381.0869141;    281.3034058;    494.4677124;  10529.3671875;    399.6735840;    463.4494934;    838.6429443;     91.4978485;    494.4677124
        2007;          11;      0.0000000;      0.0000000;      0.0000000;  -1742.8791504;      0.0000000;      0.0000000;    362.9752197;      0.0000000;      0.0000000;      0.0000000;     36.5991402;     33.6818008;    362.9752808;      0.0000000;      0.0000000;   1742.8791504;     36.5991364;     33.6818008;  30934.0410156;   2906.9897461;   1331.2578125;   3971.5900879;    816.9974976;   1437.0788574;   8288.7578125;      0.0000000;     79.3511047;    -54.3240967;     36.5991364;    583.1293335
        2007;          12;      0.0000000;      0.0000000;      0.0000000;  -1714.5671387;      0.0000000;      0.0000000;    362.9752197;      0.0000000;      0.0000000;      0.0000000;     18.2995701;     16.8409004;    362.9752808;      0.0000000;      0.0000000;   1714.5671387;     18.2995682;     16.8409004;  51077.6835938;   4733.9116211;   2187.9643555;   6528.9541016;   1345.8387451;   2367.6315918;   2266.1562500;      0.0000000;      0.0000000;    -28.3120117;     18.2995682;    119.2658539
        2008;           1;      0.0000000;      0.0000000;      0.0000000;  -1703.7321777;      0.0000000;      0.0000000;    371.9764099;      0.0000000;      0.0000000;      0.0000000;     18.7529202;     17.2544193;    371.9764404;      0.0000000;      0.0000000;   1703.7321777;     18.7529202;     17.2544193;  80147.0000000;   7370.7280273;   3424.2583008;  10219.1728516;   2109.0522461;   3710.4116211;   1756.1137695;      0.0000000;      0.0000000;    -10.8349609;     18.7529202;     91.7421646
        2008;           2;      0.0000000;      0.0000000;      0.0000000;  -1696.0695801;      0.0000000;      0.0000000;    371.9764099;      0.0000000;      0.0000000;      0.0000000;     37.5058403;     34.5088387;    371.9764404;      0.0000000;      0.0000000;   1696.0695801;     37.5058403;     34.5088387;  85033.2187500;   7813.8818359;   3632.0683594;  10839.5087891;   2237.3325195;   3936.1342773;   2028.2890625;      0.0000000;      0.0000000;     -7.6625977;     37.5058403;    123.6430054
        2008;           3;      0.0000000;      0.0000000;      0.0000000;  -1687.0114746;      0.0000000;      0.0000000;    743.9528198;      0.0000000;      0.0000000;      0.0000000;     93.7646027;     86.2720947;    743.9528809;      0.0000000;      0.0000000;   1687.0114746;     93.7645874;     86.2721024;  90396.9687500;   8402.1660156;   3875.8039551;  11564.4736328;   2383.0627441;   4191.8706055;   2428.1889648;      0.0000000;      0.0000000;     -9.0581055;     93.7645874;    176.9076233
        2008;           4;      0.0000000;      0.0000000;      0.0000000;  -1677.7745361;      0.0000000;      0.0000000;   9299.4101562;    572.3947144;    163.0839539;    451.1546326;    468.8229980;    431.3604736;   9299.4121094;    572.3947754;    163.0839844;   2128.9289551;    468.8229675;    431.3604736; 103790.5312500;  11958.7490234;   4804.5981445;  14276.9052734;   2847.6862793;   4993.5175781;  10413.1113281;    572.3947754;    163.0839844;    441.9174805;    468.8229675;    491.2910767
        2008;           5;      0.0000000;      0.0000000;      0.0000000;  -1679.6884766;      0.0000000;      0.0000000;  18598.8203125;   4579.1577148;   1304.6716309;   3609.2370605;    937.6459961;    862.7209473;  18598.8242188;   4579.1582031;   1304.6718750;   5288.9257812;    937.6459351;    862.7209473;  56376.9648438;  10204.0869141;   3178.5051270;   9357.4863281;   1725.7357178;   3002.0329590;  20631.1289062;   4579.1582031;   1304.6718750;   3611.1513672;    937.6459351;    972.0866089
        2008;           6;      0.0000000;      0.0000000;    111.9824219;  -1547.1115723;      0.0000000;      0.0000000;  11903.2451172;   4579.1577148;   1304.6716309;   3609.2370605;    468.8229980;    431.3604736;  11903.2460938;   4579.1582031;   1304.6718750;   5316.3002930;    468.8229675;    431.3604736;  16293.8955078;   4736.0068359;   1192.6894531;   3476.6601562;    584.9834595;   1007.2072754;  13772.5371094;   4579.1582031;   1192.6894531;   3476.6601562;    468.8229675;    531.7554932
        2008;           7;      0.0000000;      0.0000000;    235.4930420;  -1380.1212158;     22.2262573;      0.0000000;  11903.2451172;   4579.1577148;   1304.6716309;   3609.2370605;    600.0934448;    552.1414185;  11903.2460938;   4579.1582031;   1304.6718750;   5318.9819336;    600.0934448;    339.9246216;  16022.8349609;   4711.4228516;   1181.1612549;   3442.2470703;    577.8671875;    994.6854248;  13298.2460938;   4579.1582031;   1181.1612549;   3442.2470703;    577.8671875;    414.6797485
        2008;           8;      0.0000000;    511.8911133;    532.5472412;   -705.5407715;     20.1552429;      0.0000000;  10415.3398438;   4579.1577148;   1304.6716309;   3609.2370605;    487.5758972;    448.6148682;  10415.3408203;   4579.1582031;   1304.6718750;   5323.5078125;    487.5758362;    289.7168884;  13411.0371094;   4067.2670898;   1007.6176758;   2934.6569824;    489.6468506;    842.2189941;  12442.6552734;   4067.2670898;   1007.6176758;   2934.6569824;    489.6468506;    398.0541077
        2008;           9;      0.0000000;    573.9030762;    659.7072144;   -507.6719971;      4.4267883;      0.0000000;   9671.3857422;   4006.7629395;   1141.5876465;   3158.0825195;    487.5758972;    448.6148682;   9671.3867188;   4006.7629395;   1141.5877686;   4870.4296875;    487.5758362;    278.5515442;  14305.5156250;   3944.7512207;   1014.4277954;   2960.2136230;    503.3042908;    867.6340942;  13796.7226562;   3944.7512207;   1014.4277954;   2960.2136230;    503.3042908;    498.5021362
        2008;          10;   1995.2294922;      0.0000000;    185.3134155;  -1703.2034912;      0.0000000;    223.8185425;    371.9764099;      0.0000000;      0.0000000;      0.0000000;     93.7646027;     86.2720947;    371.9764404;      0.0000000;      0.0000000;   1703.2034912;     93.7645874;     70.2504578;  10787.1884766;   1080.1606445;    474.3937988;   1413.5035400;    288.1142883;    506.2763062;  10787.1884766;    573.9030762;    474.3937988;   1195.5314941;     98.1913757;    506.2763062
        2008;          11;      0.0000000;      0.0000000;      0.0000000;  -1658.9718018;      0.0000000;      0.0000000;    371.9764099;      0.0000000;      0.0000000;      0.0000000;     37.5058403;     34.5088387;    371.9764404;      0.0000000;      0.0000000;   1658.9718018;     37.5058403;     34.5088387;  31713.8125000;   2978.0947266;   1364.4005127;   4070.2717285;    837.5114746;   1472.9995117;   7159.0522461;      0.0000000;    185.3134155;    -44.2316895;     37.5058403;    513.2392578
        2008;          12;      0.0000000;      0.0000000;      0.0000000;  -1632.2249756;      0.0000000;      0.0000000;    371.9764099;      0.0000000;      0.0000000;      0.0000000;     18.7529202;     17.2544193;    371.9764404;      0.0000000;      0.0000000;   1632.2249756;     18.7529202;     17.2544193;  50609.5742188;   4691.8403320;   2168.0354004;   6469.2089844;   1333.5914307;   2345.9052734;   2180.5119629;      0.0000000;      0.0000000;    -26.7468262;     18.7529202;    113.3286743
        2009;           1;      0.0000000;      0.0000000;      0.0000000;  -1621.9417725;      0.0000000;      0.0000000;    381.9537354;      0.0000000;      0.0000000;      0.0000000;     19.2583618;     17.7395306;    381.9537659;      0.0000000;      0.0000000;   1621.9417725;     19.2583580;     17.7395306;  77712.0703125;   7151.3544922;   3320.8430176;   9910.4746094;   2045.2446289;   3597.9794922;   1692.9105225;      0.0000000;      0.0000000;    -10.2832031;     19.2583580;     87.3779602
        2009;           2;      0.0000000;      0.0000000;      0.0000000;  -1614.6888428;      0.0000000;      0.0000000;    381.9537354;      0.0000000;      0.0000000;      0.0000000;     38.5167236;     35.4790611;    381.9537659;      0.0000000;      0.0000000;   1614.6888428;     38.5167160;     35.4790611;  82583.9687500;   7593.2099609;   3528.0441895;  10528.9931641;   2173.1491699;   3823.0407715;   1950.4146729;      0.0000000;      0.0000000;     -7.2529297;     38.5167160;    118.7954712
        2009;           3;      0.0000000;      0.0000000;      0.0000000;  -1606.1169434;      0.0000000;      0.0000000;    763.9074707;      0.0000000;      0.0000000;      0.0000000;     96.2918091;     88.6976547;    763.9075317;      0.0000000;      0.0000000;   1606.1169434;     96.2917938;     88.6976547;  87972.3984375;   8185.1923828;   3772.9714355;  11257.5205078;   2319.6447754;   4079.9682617;   2358.6018066;      0.0000000;      0.0000000;     -8.5718994;     96.2917938;    173.4062805
        2009;           4;      0.0000000;      0.0000000;      0.0000000;  -1597.3773193;      0.0000000;      0.0000000;   9548.8437500;    589.6444092;    167.5615540;    463.2978516;    481.4590454;    443.4882507;   9548.8427734;    589.6443481;    167.5615540;   2060.6752930;    481.4589844;    443.4882812; 101435.0781250;  11781.6425781;   4707.9711914;  13988.6396484;   2788.7915039;   4885.9892578;  10603.1669922;    589.6443481;    167.5615540;    454.5583496;    481.4589844;    499.4909668
        2009;           5;      0.0000000;      0.0000000;      0.0000000;  -1599.7579346;      0.0000000;      0.0000000;  19097.6875000;   4717.1552734;   1340.4924316;   3706.3828125;    962.9180908;    886.9765015;  19097.6855469;   4717.1547852;   1340.4924316;   5306.1401367;    962.9179688;    886.9765625;  52785.4218750;   9951.3974609;   3032.8588867;   8923.0693359;   1637.3344727;   2838.6894531;  21024.5019531;   4717.1547852;   1340.4924316;   3708.7626953;    962.9179688;    989.3370361
        2009;           6;      0.0000000;      0.0000000;    135.0362549;  -1408.3724365;      0.0000000;      0.0000000;  12222.5195312;   4717.1552734;   1340.4924316;   3706.3828125;    481.4590454;    443.4882507;  12222.5205078;   4717.1547852;   1340.4924316;   5333.0146484;    481.4589844;    443.4882812;  16487.2207031;   4800.2885742;   1205.4561768;   3514.9968262;    593.8280029;   1017.7832642;  14006.2597656;   4717.1547852;   1205.4561768;   3514.9968262;    481.4589844;    538.0584106
        2009;           7;      0.0000000;      0.0000000;    281.8613281;  -1181.7963867;     29.7166748;      0.0000000;  12222.5195312;   4717.1552734;   1340.4924316;   3706.3828125;    616.2675781;    567.6649780;  12222.5205078;   4717.1547852;   1340.4924316;   5336.4506836;    616.2674561;    343.8706970;  16210.0312500;   4775.1489258;   1193.6673584;   3479.8059082;    586.5507812;   1004.9783325;  13554.3105469;   4717.1547852;   1193.6673584;   3479.8059082;    586.5507812;    414.3129272
        2009;           8;      0.0000000;    595.3823242;    604.3815918;   -441.1782227;     33.5522156;      0.0000000;  10694.7050781;   4717.1552734;   1340.4924316;   3706.3828125;    500.7173767;    461.2277527;  10694.7041016;   4717.1547852;   1340.4924316;   5341.5942383;    500.7173157;    304.6337891;  13560.9921875;   4121.7724609;   1017.9721680;   2965.7639160;    496.8817444;    850.5859985;  12631.0390625;   4121.7724609;   1017.9721680;   2965.7639160;    496.8817444;    406.7427979
        2009;           9;      0.0000000;    723.7165527;    751.4818115;   -192.5295410;     23.1433411;      0.0000000;   9930.7968750;   4127.5107422;   1172.9307861;   3243.0849609;    500.7173767;    461.2277527;   9930.7978516;   4127.5107422;   1172.9309082;   4877.0751953;    500.7173157;    273.6218872;  14486.8027344;   3999.1765137;   1025.8306885;   2994.4365234;    511.1261902;    877.3456421;  13872.4169922;   3999.1765137;   1025.8306885;   2994.4365234;    511.1261902;    480.9788818
        2009;          10;   1218.7841797;      0.0000000;    266.7760620;  -1626.1447754;      0.0000000;    176.8758545;    381.9537354;      0.0000000;      0.0000000;      0.0000000;     96.2918091;     88.6976547;    381.9537659;      0.0000000;      0.0000000;   1626.1447754;     96.2917938;     72.0887527;  11026.3134766;   1103.3089600;    484.7057495;   1444.2932129;    294.5099487;    517.3742676;  11026.3134766;    723.7165527;    484.7057495;   1433.6152344;    119.4351349;    517.3742676
        2009;          11;      0.0000000;      0.0000000;      0.0000000;  -1589.2017822;      0.0000000;      0.0000000;    381.9537354;      0.0000000;      0.0000000;      0.0000000;     38.5167236;     35.4790611;    381.9537659;      0.0000000;      0.0000000;   1589.2017822;     38.5167160;     35.4790611;  32427.4765625;   3044.2812500;   1394.8946533;   4161.3066406;    856.3653564;   1506.0190430;   6186.1352539;      0.0000000;    266.7760620;    -36.9429932;     38.5167160;    453.0293579
        2009;          12;      0.0000000;      0.0000000;      0.0000000;  -1563.7243652;      0.0000000;      0.0000000;    381.9537354;      0.0000000;      0.0000000;      0.0000000;     19.2583618;     17.7395306;    381.9537659;      0.0000000;      0.0000000;   1563.7243652;     19.2583580;     17.7395306;  50475.6835938;   4681.1582031;   2162.4826660;   6452.6411133;   1330.1939697;   2339.7712402;   2110.8466797;      0.0000000;      0.0000000;    -25.4774170;     19.2583580;    108.3818283
        2010;           1;      0.0000000;      0.0000000;      0.0000000;  -1553.8945312;      0.0000000;      0.0000000;    388.5692139;      0.0000000;      0.0000000;      0.0000000;     19.5916653;     18.0444756;    388.5692444;      0.0000000;      0.0000000;   1553.8945312;     19.5916634;     18.0444756;  73795.2109375;   6796.1625977;   3154.1975098;   9412.9404297;   1942.4464111;   3416.9592285;   1635.2773438;      0.0000000;      0.0000000;     -9.8298340;     19.5916634;     83.4039764
        2010;           2;      0.0000000;      0.0000000;      0.0000000;  -1546.9936523;      0.0000000;      0.0000000;    388.5692139;      0.0000000;      0.0000000;      0.0000000;     39.1833305;     36.0889511;    388.5692444;      0.0000000;      0.0000000;   1546.9936523;     39.1833267;     36.0889511;  78653.6796875;   7236.7998047;   3360.8273926;  10029.7539062;   2069.9982910;   3641.4001465;   1879.9453125;      0.0000000;      0.0000000;     -6.9008789;     39.1833267;    114.2746506
        2010;           3;      0.0000000;      0.0000000;      0.0000000;  -1538.8398438;      0.0000000;      0.0000000;    777.1384277;      0.0000000;      0.0000000;      0.0000000;     97.9583359;     90.2223816;    777.1384888;      0.0000000;      0.0000000;   1538.8398438;     97.9583282;     90.2223740;  84053.3593750;   7829.8496094;   3606.1711426;  10759.4462891;   2216.8225098;   3898.7700195;   2293.2922363;      0.0000000;      0.0000000;     -8.1538086;     97.9583282;    169.7057800
        2010;           4;      0.0000000;      0.0000000;      0.0000000;  -1530.5274658;      0.0000000;      0.0000000;   9714.2304688;    599.6611328;    170.4530640;    471.3178406;    489.7916565;    451.1119080;   9714.2314453;    599.6611328;    170.4530792;   2001.8455811;    489.7915955;    451.1119385;  97462.8828125;  11422.5537109;   4537.4858398;  13477.7519531;   2685.3369141;   4700.5522461;  10716.4980469;    599.6611328;    170.4530792;    463.0057373;    489.7915955;    503.6531372
        2010;           5;      0.0000000;      0.0000000;      0.0000000;  -1533.2546387;      0.0000000;      0.0000000;  19428.4609375;   4797.2890625;   1363.6245117;   3770.5427246;    979.5833130;    902.2238159;  19428.4628906;   4797.2890625;   1363.6246338;   5303.7968750;    979.5831909;    902.2238770;  48042.8007812;   9523.5996094;   2828.0576172;   8307.7783203;   1514.4816895;   2615.7204590;  21263.8789062;   4797.2890625;   1363.6246338;   3773.2695312;    979.5831909;    998.4650269
        2010;           6;      0.0000000;      0.0000000;    159.7083740;  -1270.5919189;      0.0000000;      0.0000000;  12434.2148438;   4797.2890625;   1363.6245117;   3770.5427246;    489.7916565;    451.1119080;  12434.2158203;   4797.2890625;   1363.6246338;   5329.1953125;    489.7915955;    451.1119385;  16497.6308594;   4802.7255859;   1203.9162598;   3507.8798828;    595.1622925;   1015.7813110;  14144.5625000;   4797.2890625;   1203.9162598;   3507.8798828;    489.7915955;    540.6121216
        2010;           7;      0.0000000;     20.1474609;    331.4141846;   -972.1162109;     39.1768799;      0.0000000;  12434.2148438;   4797.2890625;   1363.6245117;   3770.5427246;    626.9332886;    577.4232178;  12434.2158203;   4797.2890625;   1363.6246338;   5333.2563477;    626.9332275;    577.4232178;  16215.5390625;   4777.1416016;   1191.9188232;   3472.0668945;    587.7563477;   1002.7498169;  13711.8154297;   4777.1416016;   1191.9188232;   3472.0668945;    587.7563477;    644.1127930
        2010;           8;      0.0000000;    694.9238281;    679.0670166;   -159.1618652;     50.9139709;      0.0000000;  10879.9384766;   4797.2890625;   1363.6245117;   3770.5427246;    509.3833008;    469.1563721;  10879.9404297;   4797.2890625;   1363.6246338;   5338.9096680;    509.3832703;    309.8819885;  13554.7539062;   4122.5126953;   1015.9718018;   2957.5878906;    497.6462097;    848.1252441;  12738.3261719;   4122.5126953;   1015.9718018;   2957.5878906;    497.6462097;    406.7596436
        2010;           9;      0.0000000;    889.6401367;    846.8363037;    148.9521484;     47.5791016;      0.0000000;  10102.7998047;   4197.6279297;   1193.1713867;   3299.2246094;    509.3833008;    469.1563721;  10102.7998047;   4197.6279297;   1193.1715088;   4866.9531250;    509.3832703;    301.3981323;  14514.6093750;   4002.9116211;   1025.4022217;   2991.1101074;    512.7181396;    876.6128540;  13887.1054688;   4002.9116211;   1025.4022217;   2991.1101074;    512.7181396;    498.1728516
        2010;          10;    570.3496094;      0.0000000;    354.2496338;  -1318.7875977;      0.0000000;    146.2241821;    388.5692139;      0.0000000;      0.0000000;      0.0000000;     97.9583359;     90.2223816;    388.5692444;      0.0000000;      0.0000000;   1560.9683838;     97.9583282;     81.4336853;  11213.0732422;   1120.2937012;    492.5866699;   1467.7397461;    299.4461670;    525.9242554;  11213.0732422;    889.6401367;    492.5866699;   1467.7397461;    145.5374298;    525.9242554
        2010;          11;      0.0000000;      0.0000000;      0.0000000;  -1527.1967773;      0.0000000;      0.0000000;    388.5692139;      0.0000000;      0.0000000;      0.0000000;     39.1833305;     36.0889511;    388.5692444;      0.0000000;      0.0000000;   1527.1967773;     39.1833267;     36.0889511;  32993.8828125;   3095.6982422;   1418.9218750;   4232.9526367;    871.2687988;   1532.1072998;   5367.5786133;      0.0000000;    354.2496338;    208.4091797;     39.1833267;    411.1033020
        2010;          12;      0.0000000;      0.0000000;      0.0000000;  -1503.5668945;      0.0000000;      0.0000000;    388.5692139;      0.0000000;      0.0000000;      0.0000000;     19.5916653;     18.0444756;    388.5692444;      0.0000000;      0.0000000;   1503.5668945;     19.5916634;     18.0444756;  45566.7304688;   4235.9887695;   1953.6434326;   5829.1552734;   1201.3500977;   2112.9206543;   2041.8168945;      0.0000000;      0.0000000;    -23.6298828;     19.5916634;    103.8407898
        2011;           1;      0.0000000;      0.0000000;      0.0000000;  -1494.2021484;      0.0000000;      0.0000000;    394.6781921;      0.0000000;      0.0000000;      0.0000000;     19.8986359;     18.3186131;    394.6781921;      0.0000000;      0.0000000;   1494.2021484;     19.8986340;     18.3186111;  68673.6484375;   6331.1308594;   2936.2192383;   8762.1259766;   1807.9921875;   3180.2189941;   1585.8790283;      0.0000000;      0.0000000;     -9.3647461;     19.8986340;     80.1339340
        2011;           2;      0.0000000;      0.0000000;      0.0000000;  -1487.6212158;      0.0000000;      0.0000000;    394.6781921;      0.0000000;      0.0000000;      0.0000000;     39.7972717;     36.6372261;    394.6781921;      0.0000000;      0.0000000;   1487.6212158;     39.7972679;     36.6372223;  73516.6250000;   6770.3637695;   3142.1906738;   9376.9736328;   1935.1373291;   3403.9443359;   1819.4475098;      0.0000000;      0.0000000;     -6.5809326;     39.7972679;    110.5725098
        2011;           3;      0.0000000;      0.0000000;      0.0000000;  -1479.8458252;      0.0000000;      0.0000000;    789.3563843;      0.0000000;      0.0000000;      0.0000000;     99.4931870;     91.5930710;    789.3563843;      0.0000000;      0.0000000;   1479.8458252;     99.4931793;     91.5930710;  78929.9765625;   7364.1191406;   3387.9562988;  10107.7998047;   2082.3247070;   3661.7998047;   2237.6506348;      0.0000000;      0.0000000;     -7.7753906;     99.4931793;    166.7478790
        2011;           4;      0.0000000;      0.0000000;      0.0000000;  -1471.9201660;      0.0000000;      0.0000000;   9866.9550781;    608.2764893;    173.0886536;    478.7097778;    497.4659119;    457.9653320;   9866.9550781;    608.2764893;    173.0886688;   1950.6300049;    497.4658203;    457.9653015;  92233.6484375;  10934.9609375;   4311.1142578;  12798.8574219;   2548.1667480;   4455.3466797;  10824.2480469;    608.2764893;    173.0886688;    470.7841797;    497.4658203;    507.6390686
        2011;           5;      0.0000000;      0.0000000;      0.0000000;  -1474.9434814;      0.0000000;      0.0000000;  19733.9101562;   4866.2119141;   1384.7092285;   3829.6782227;    994.9318237;    915.9306641;  19733.9101562;   4866.2119141;   1384.7093506;   5304.6210938;    994.9316406;    915.9306030;  42179.2656250;   8965.1513672;   2570.7363281;   7533.3417969;   1360.7747803;   2337.5766602;  21491.4082031;   4866.2119141;   1384.7093506;   3832.7009277;    994.9316406;   1007.1600342
        2011;           6;      0.0000000;     87.0185547;    188.9133301;  -1124.8710938;      0.0000000;      0.0000000;  12629.7021484;   4866.2119141;   1384.7092285;   3829.6782227;    497.4659119;    457.9653320;  12629.7021484;   4866.2119141;   1384.7093506;   5327.3623047;    497.4658203;    457.9653015;  16426.2695312;   4779.1933594;   1195.7960205;   3479.6054688;    593.4368286;   1007.8302612;  14278.6171875;   4779.1933594;   1195.7960205;   3479.6054688;    497.4658203;    543.3728027
        2011;           7;      0.0000000;    200.0664062;    390.0325928;   -738.3631592;     50.8541260;      0.0000000;  12629.7021484;   4866.2119141;   1384.7092285;   3829.6782227;    636.7563477;    586.1956177;  12629.7021484;   4866.2119141;   1384.7093506;   5332.0073242;    636.7562866;    373.8402710;  16139.2753906;   4753.1640625;   1183.5900879;   3443.1696777;    585.9021606;    994.5722046;  13862.0283203;   4753.1640625;   1183.5900879;   3443.1696777;    585.9021606;    437.5040283
        2011;           8;      0.0000000;    965.7441406;    766.5260010;    160.4086914;     72.4836731;      0.0000000;  11050.9892578;   4866.2119141;   1384.7092285;   3829.6782227;    517.3645020;    476.2839355;  11050.9902344;   4866.2119141;   1384.7093506;   5338.1401367;    517.3644409;    301.2893982;  13477.0185547;   4100.5341797;   1008.2159424;   2930.9057617;    495.7348938;    840.4614868;  12844.3720703;   4100.5341797;   1008.2159424;   2930.9057617;    495.7348938;    393.6383057
        2011;           9;      0.0000000;   1238.1330566;    958.5192261;    540.7833252;     78.0239258;      0.0000000;  10261.6328125;   4257.9350586;   1211.6204834;   3350.9682617;    517.3645020;    476.2839355;  10261.6337891;   4257.9350586;   1211.6204834;   4859.3325195;    517.3644409;    290.2073059;  14475.9765625;   3985.5461426;   1019.6272583;   2970.5935059;    511.8242188;    871.0463867;  13914.9628906;   3985.5461426;   1019.6272583;   2970.5935059;    511.8242188;    477.8070068
        2011;          10;      3.1376953;    101.6661377;    458.2573242;   -949.7418213;      0.0000000;    102.7806396;    394.6781921;      0.0000000;      0.0000000;      0.0000000;     99.4931870;     91.5930710;    394.6781921;      0.0000000;      0.0000000;   1502.6000977;     99.4931793;     73.8104782;  11397.2773438;   1136.4669189;    500.2619019;   1490.5251465;    304.2868347;    534.2882690;  11397.2773438;   1136.4669189;    500.2619019;   1490.5251465;    177.5171051;    534.2882690
        2011;          11;      0.0000000;      0.0000000;      0.0000000;  -1471.5445557;      0.0000000;      0.0000000;    394.6781921;      0.0000000;      0.0000000;      0.0000000;     39.7972717;     36.6372261;    394.6781921;      0.0000000;      0.0000000;   1471.5445557;     39.7972679;     36.6372223;  33557.6875000;   3146.2985840;   1442.7413330;   4303.9301758;    886.0751343;   1558.0070801;   4659.8432617;    101.6661377;    458.2573242;    521.8027344;     39.7972679;    357.8410034
        2011;          12;      0.0000000;      0.0000000;      0.0000000;  -1455.8591309;      0.0000000;      0.0000000;    394.6781921;      0.0000000;      0.0000000;      0.0000000;     19.8986359;     18.3186131;    394.6781921;      0.0000000;      0.0000000;   1455.8591309;     19.8986340;     18.3186111;  24887.4375000;   2359.9528809;   1073.9967041;   3203.1867676;    658.4508057;   1157.4776611;   1960.4193115;      0.0000000;      0.0000000;    -15.6854248;     19.8986340;     98.8759460
        2012;           1;      0.0000000;      0.0000000;      0.0000000;  -1447.1718750;      0.0000000;      0.0000000;    397.7144165;      0.0000000;      0.0000000;      0.0000000;     20.0471649;     18.4179783;    397.7144165;      0.0000000;      0.0000000;   1447.1718750;     20.0471630;     18.4179764;  44971.5898438;   4180.1054688;   1927.9300537;   5752.2231445;   1185.6744385;   2085.1247559;   1521.1782227;      0.0000000;      0.0000000;     -8.6872559;     20.0471630;     76.2171249
        2012;           2;      0.0000000;      0.0000000;      0.0000000;  -1440.9926758;      0.0000000;      0.0000000;    397.7144165;      0.0000000;      0.0000000;      0.0000000;     40.0943298;     36.8359566;    397.7144165;      0.0000000;      0.0000000;   1440.9926758;     40.0943260;     36.8359528;  49752.8359375;   4613.7387695;   2131.2761230;   6359.2324219;   1311.1988525;   2305.9982910;   1741.1425781;      0.0000000;      0.0000000;     -6.1791992;     40.0943260;    105.9508209
        2012;           3;      0.0000000;      0.0000000;      0.0000000;  -1433.6898193;      0.0000000;      0.0000000;    795.4288330;      0.0000000;      0.0000000;      0.0000000;    100.2358322;     92.0898972;    795.4288330;      0.0000000;      0.0000000;   1433.6898193;    100.2358246;     92.0898972;  55153.7031250;   5204.9902344;   2376.2683105;   7087.7006836;   1458.0035400;   2563.1203613;   2160.8276367;      0.0000000;      0.0000000;     -7.3028564;    100.2358246;    162.3334198
        2012;           4;      0.0000000;      0.0000000;      0.0000000;  -1426.2475586;      0.0000000;      0.0000000;   9942.8603516;    609.4220581;    174.2277832;    482.3140564;    501.1791382;    460.4494629;   9942.8593750;    609.4221191;    174.2277832;   1908.5618896;    501.1791077;    460.4494324;  68294.4453125;   8729.4619141;   3286.9057617;   9740.2509766;   1918.2907715;   3345.5227051;  10845.1914062;    609.4221191;    174.2277832;    474.8720703;    501.1791077;    506.8676453
        2012;           5;    244.2167969;      0.0000000;      0.0000000;  -1429.1257324;    192.0892944;      0.0000000;  19885.7207031;   4875.3764648;   1393.8222656;   3858.5124512;   1002.3582764;    920.8989258;  19885.7187500;   4875.3769531;   1393.8222656;   5287.6376953;   1002.3582153;    920.8988647;  21316.1718750;   7004.2978516;   1671.2769775;   4845.8950195;    810.2689209;   1365.9249268;  21316.1718750;   4875.3769531;   1393.8222656;   3861.3901367;    810.2689209;   1007.0769043
        2012;           6;      0.0000000;    151.0097656;    210.9023438;  -1010.2066650;    104.7552490;      0.0000000;  12726.8613281;   4875.3764648;   1393.8222656;   3858.5124512;    501.1791382;    460.4494629;  12726.8613281;   4875.3769531;   1393.8222656;   5287.3549805;    501.1791077;    460.4494324;  16306.4160156;   4724.3671875;   1182.9199219;   3439.5930176;    588.5131836;    997.2608643;  14558.9013672;   4724.3671875;   1182.9199219;   3439.5930176;    588.5131836;    542.0321655
        2012;           7;      0.0000000;    328.4375000;    434.1931152;   -554.3072510;    165.3984985;      0.0000000;  12726.8613281;   4875.3764648;   1393.8222656;   3858.5124512;    641.5092773;    589.3753052;  12726.8613281;   4875.3769531;   1393.8222656;   5292.6010742;    641.5092163;    352.4125366;  16015.1308594;   4697.9492188;   1170.5314941;   3402.6125488;    580.8659668;    983.8046875;  13914.2783203;   4697.9492188;   1170.5314941;   3402.6125488;    580.8659668;    413.2471008
        2012;           8;      0.0000000;   1152.4753418;    831.6391602;    410.0203857;    195.5517578;      0.0000000;  11136.0039062;   4875.3764648;   1393.8222656;   3858.5124512;    521.2262573;    478.8674316;  11136.0048828;   4875.3769531;   1393.8222656;   5299.2202148;    521.2261963;    308.3908386;  13358.6708984;   4051.3391113;    996.3762207;   2894.1843262;    491.0729370;    830.5906372;  12864.8388672;   4051.3391113;    996.3762207;   2894.1843262;    491.0729370;    396.6407166
        2012;           9;      0.0000000;   1475.8928223;   1041.3474121;    845.9840088;    208.5092773;      0.0000000;  10340.5742188;   4265.9545898;   1219.5944824;   3376.1984863;    521.2262573;    478.8674316;  10340.5751953;   4265.9545898;   1219.5944824;   4817.3774414;    521.2261963;    268.0315857;  14395.5429688;   3942.5368652;   1009.8861694;   2940.2348633;    508.2686768;    863.2416382;  13863.7373047;   3942.5368652;   1009.8861694;   2940.2348633;    508.2686768;    447.3505249
        2012;          10;      0.0000000;    326.3411865;    534.5485840;   -664.0054932;      0.3285522;     88.3436890;    397.7144165;      0.0000000;      0.0000000;      0.0000000;    100.2358322;     92.0898972;    397.7144165;      0.0000000;      0.0000000;   1436.4819336;    100.2358246;     91.4342575;  11556.6943359;   1149.5516357;    506.7988281;   1509.9893799;    308.4165649;    541.4954224;  11016.3007812;   1149.5516357;    506.7988281;   1509.9893799;    308.4165649;    541.4954224
        2012;          11;      0.0000000;      0.0000000;      0.0000000;  -1408.3842773;      0.0000000;      0.0000000;    397.7144165;      0.0000000;      0.0000000;      0.0000000;     40.0943298;     36.8359566;    397.7144165;      0.0000000;      0.0000000;   1408.3842773;     40.0943260;     36.8359528;  34049.2851562;   3189.5104980;   1463.4058838;   4365.5668945;    898.9257812;   1580.5596924;   4510.0249023;    326.3411865;    534.5485840;    744.3787842;     40.4228783;    334.2162476
        2012;          12;      0.0000000;      0.0000000;      0.0000000;  -1400.2814941;      0.0000000;      0.0000000;    397.7144165;      0.0000000;      0.0000000;      0.0000000;     20.0471649;     18.4179783;    397.7144165;      0.0000000;      0.0000000;   1400.2814941;     20.0471630;     18.4179764;  16717.6464844;   1617.6226807;    726.2935181;   2165.2050781;    443.9096375;    779.9099731;   1896.6301270;      0.0000000;      0.0000000;     -8.1027832;     20.0471630;     95.0021744
        2013;           1;      0.0000000;      0.0000000;      0.0000000;  -1392.1549072;      0.0000000;      0.0000000;    402.0161743;      0.0000000;      0.0000000;      0.0000000;     20.2614994;     18.5943413;    402.0161743;      0.0000000;      0.0000000;   1392.1549072;     20.2614956;     18.5943413;  35696.5742188;   3337.8059082;   1533.2351074;   4574.0908203;    942.1554565;   1656.5288086;   1475.8242188;      0.0000000;      0.0000000;     -8.1265869;     20.2614956;     73.4563522
        2013;           2;      0.0000000;      0.0000000;      0.0000000;  -1386.2841797;      0.0000000;      0.0000000;    402.0161743;      0.0000000;      0.0000000;      0.0000000;     40.5229988;     37.1886826;    402.0161743;      0.0000000;      0.0000000;   1386.2841797;     40.5229912;     37.1886826;  40436.9257812;   3767.7304688;   1734.8415527;   5175.9082031;   1066.6062012;   1875.5131836;   1685.8554688;      0.0000000;      0.0000000;     -5.8707275;     40.5229912;    102.7804565
        2013;           3;      0.0000000;      0.0000000;      0.0000000;  -1379.3430176;      0.0000000;      0.0000000;    804.0323486;      0.0000000;      0.0000000;      0.0000000;    101.3074951;     92.9717026;    804.0323486;      0.0000000;      0.0000000;   1379.3430176;    101.3074951;     92.9717026;  45842.1171875;   4358.2690430;   1979.7884521;   5904.3144531;   1213.5069580;   2132.7060547;   2108.7368164;      0.0000000;      0.0000000;     -6.9411621;    101.3074951;    159.6275940
        2013;           4;      0.0000000;      0.0000000;      0.0000000;  -1372.2702637;      0.0000000;      0.0000000;  10050.4042969;    614.0708618;    176.0064697;    487.4877625;    506.5374756;    464.8585205;  10050.4042969;    614.0707397;    176.0065002;   1859.7580566;    506.5374146;    464.8585205;  58853.9804688;   7845.6440430;   2879.6621094;   8526.4677734;   1670.0092773;   2906.1926270;  10912.5224609;    614.0707397;    176.0065002;    480.4150391;    506.5374146;    508.9002380
        2013;           5;   2134.3242188;      0.0000000;      0.0000000;  -1375.1478271;    249.1360474;      0.0000000;  20100.8085938;   4912.5668945;   1408.0517578;   3899.9020996;   1013.0749512;    929.7170410;  20100.8085938;   4912.5659180;   1408.0520020;   5275.0493164;   1013.0748291;    929.7170410;  19584.6757812;   6792.0258789;   1586.1530762;   4595.5620117;    763.9387817;   1279.4971924;  19584.6757812;   4912.5659180;   1408.0520020;   3902.7790527;    763.9387817;   1012.4074707
        2013;           6;    327.1259766;    232.7441406;    236.7939453;   -882.4415283;    170.3804321;      0.0000000;  12864.5175781;   4912.5668945;   1408.0517578;   3899.9020996;    506.5374756;    464.8585205;  12864.5175781;   4912.5659180;   1408.0520020;   5272.5537109;    506.5374146;    464.8585205;  16205.0263672;   4679.8217773;   1171.2580566;   3407.1950684;    585.2930298;    988.4554443;  16205.0263672;   4679.8217773;   1171.2580566;   3407.1950684;    585.2930298;    543.1538086
        2013;           7;      0.0000000;    492.2954102;    486.1586914;   -352.2097168;    241.2151489;      0.0000000;  12864.5175781;   4912.5668945;   1408.0517578;   3899.9020996;    648.3679810;    595.0189209;  12864.5175781;   4912.5659180;   1408.0520020;   5278.3281250;    648.3678589;    382.8349304;  15909.4501953;   4653.0146484;   1158.6872559;   3369.6701660;    577.5331421;    974.8010864;  14339.9707031;   4653.0146484;   1158.6872559;   3369.6701660;    577.5331421;    441.2398682
        2013;           8;      0.0000000;   1393.7163086;    908.6093140;    683.5593262;    280.1110535;      0.0000000;  11256.4531250;   4912.5668945;   1408.0517578;   3899.9020996;    526.7989502;    483.4528503;  11256.4541016;   4912.5659180;   1408.0520020;   5285.3789062;    526.7988892;    329.7885742;  13256.5332031;   4011.1450195;    985.6013794;   2864.1323242;    487.9029846;    822.2659912;  12929.4970703;   4011.1450195;    985.6013794;   2864.1323242;    487.9029846;    414.5604858
        2013;           9;      0.0000000;   1784.3369141;   1139.5250244;   1179.9161377;    300.8140564;      0.0000000;  10452.4199219;   4298.4960938;   1232.0452881;   3412.4140625;    526.7989502;    483.4528503;  10452.4189453;   4298.4965820;   1232.0451660;   4798.8520508;    526.7988892;    329.3877258;  14330.0556641;   3907.8759766;   1001.1295166;   2916.0563965;    506.0958557;    856.8676758;  13863.2109375;   3907.8759766;   1001.1295166;   2916.0563965;    506.0958557;    501.7063599
        2013;          10;      0.0000000;    621.3791504;    626.1513062;   -349.7756348;     89.5219727;     59.2357788;    402.0161743;      0.0000000;      0.0000000;      0.0000000;    101.3074951;     92.9717026;    402.0161743;      0.0000000;      0.0000000;   1382.6489258;    101.3074951;     90.0772400;  11716.6894531;   1162.9577637;    513.3737183;   1529.6916504;    312.5995789;    548.7577515;  10686.8671875;   1162.9577637;    513.3737183;   1529.6916504;    312.5995789;    548.7577515
        2013;          11;      0.0000000;      0.0000000;      0.0000000;  -1357.0344238;      0.0000000;      0.0000000;    402.0161743;      0.0000000;      0.0000000;      0.0000000;     40.5229988;     37.1886826;    402.0161743;      0.0000000;      0.0000000;   1357.0344238;     40.5229912;     37.1886826;  34541.4609375;   3233.0434570;   1484.1083984;   4427.4418945;    911.8297119;   1603.1673584;   4385.2592773;    621.3791504;    626.1513062;   1007.2587891;    130.0449677;    297.7343445
        2013;          12;      0.0000000;      0.0000000;      0.0000000;  -1356.3135986;      0.0000000;      0.0000000;    402.0161743;      0.0000000;      0.0000000;      0.0000000;     20.2614994;     18.5943413;    402.0161743;      0.0000000;      0.0000000;   1356.3135986;     20.2614956;     18.5943413;  13511.3701172;   1325.7257080;    589.7013550;   1757.5377197;    359.7162170;    631.6645508;   1849.4328613;      0.0000000;      0.0000000;     -0.7208252;     20.2614956;     92.0868988
        2014;           1;      0.0000000;      0.0000000;      0.0000000;  -1348.6188965;      0.0000000;      0.0000000;    404.9802246;      0.0000000;      0.0000000;      0.0000000;     20.4089470;     18.7137089;    404.9801941;      0.0000000;      0.0000000;   1348.6188965;     20.4089432;     18.7137108;  27764.2988281;   2617.8312988;   1195.7600098;   3566.6606445;    733.8915405;   1290.0086670;   1436.3034668;      0.0000000;      0.0000000;     -7.6947021;     20.4089432;     71.0789185
        2014;           2;      0.0000000;      0.0000000;      0.0000000;  -1342.9895020;      0.0000000;      0.0000000;    404.9802246;      0.0000000;      0.0000000;      0.0000000;     40.8178940;     37.4274178;    404.9801941;      0.0000000;      0.0000000;   1342.9895020;     40.8178864;     37.4274216;  32468.0429688;   3044.4360352;   1395.8096924;   4163.8310547;    857.3812866;   1507.3021240;   1637.8603516;      0.0000000;      0.0000000;     -5.6293945;     40.8178864;    100.0255432
        2014;           3;      0.0000000;      0.0000000;      0.0000000;  -1336.3314209;      0.0000000;      0.0000000;    809.9604492;      0.0000000;      0.0000000;      0.0000000;    102.0447311;     93.5685425;    809.9603882;      0.0000000;      0.0000000;   1336.3314209;    102.0447235;     93.5685501;  37872.5234375;   3634.3503418;   1640.6094971;   4891.7705078;   1004.2492676;   1764.3800049;   2062.7751465;      0.0000000;      0.0000000;     -6.6580811;    102.0447235;    157.1766205
        2014;           4;      0.0000000;      0.0000000;      0.0000000;  -1329.5479736;      0.0000000;      0.0000000;  10124.5058594;    617.0910034;    177.2220764;    491.0485535;    510.2236633;    467.8427124;  10124.5068359;    617.0910645;    177.2220917;   1820.5964355;    510.2235718;    467.8427124;  50806.2382812;   7101.7695312;   2534.4802246;   7495.3359375;   1458.3785400;   2532.3706055;  10952.2568359;    617.0910645;    177.2220917;    484.2650146;    510.2235718;    509.8659973
        2014;           5;   2363.1855469;      0.0000000;      0.0000000;  -1332.3123779;    260.6011353;      0.0000000;  20249.0117188;   4936.7280273;   1417.7766113;   3928.3884277;   1020.4473267;    935.6854248;  20249.0136719;   4936.7285156;   1417.7767334;   5260.7001953;   1020.4471436;    935.6854248;  19455.3964844;   6752.3271484;   1574.8299561;   4560.3076172;    759.8460083;   1269.4252930;  19455.3964844;   4936.7285156;   1417.7767334;   3931.1523438;    759.8460083;   1015.3863525
        2014;           6;    649.6318359;    278.8520508;    252.1418457;   -793.4036865;    187.1487427;      0.0000000;  12959.3671875;   4936.7280273;   1417.7766113;   3928.3884277;    510.2236633;    467.8427124;  12959.3662109;   4936.7285156;   1417.7767334;   5258.6215820;    510.2235718;    467.8427124;  16160.4658203;   4657.8764648;   1165.6348877;   3389.4792480;    583.6759644;    983.7730713;  16160.4658203;   4657.8764648;   1165.6348877;   3389.4792480;    583.6759644;    543.3265991
        2014;           7;      0.0000000;    584.7939453;    516.9871826;   -216.5737305;    264.4007568;      0.0000000;  12959.3671875;   4936.7280273;   1417.7766113;   3928.3884277;    653.0863037;    598.8386841;  12959.3662109;   4936.7285156;   1417.7767334;   5264.7861328;    653.0861816;    371.3608398;  15861.7705078;   4630.7866211;   1152.9313965;   3351.5581055;    575.8341675;    969.9746094;  14723.4990234;   4630.7866211;   1152.9313965;   3351.5581055;    575.8341675;    427.6859131
        2014;           8;      0.0000000;   1530.4523926;    954.4921265;    864.4056396;    308.7979431;      0.0000000;  11339.4462891;   4936.7280273;   1417.7766113;   3928.3884277;    530.6325684;    486.5563965;  11339.4462891;   4936.7285156;   1417.7767334;   5272.1552734;    530.6325073;    319.3011475;  13207.9160156;   3991.0700684;    980.2717896;   2847.4086914;    486.2353210;    817.7241821;  12964.1728516;   3991.0700684;    980.2717896;   2847.4086914;    486.2353210;    401.0617981
        2014;           9;      0.0000000;   1958.9472656;   1197.9722900;   1398.5489502;    334.3312073;      0.0000000;  10529.4853516;   4319.6367188;   1240.5544434;   3437.3395996;    530.6325684;    486.5563965;  10529.4882812;   4319.6367188;   1240.5546875;   4782.4321289;    530.6325073;    298.6282654;  14305.9345703;   3891.1416016;    997.0745850;   2903.1960449;    505.0992126;    853.6213989;  13842.8154297;   3891.1416016;    997.0745850;   2903.1960449;    505.0992126;    464.8377075
        2014;          10;      0.0000000;    786.1081543;    679.8189697;   -145.3811035;    120.7679749;     36.8786621;    404.9802246;      0.0000000;      0.0000000;      0.0000000;    102.0447311;     93.5685425;    404.9801941;      0.0000000;      0.0000000;   1341.9802246;    102.0447235;     91.3992538;  11831.8115234;   1172.8391113;    518.1533203;   1543.9301758;    315.6079407;    553.9938354;  10399.7861328;   1172.8391113;    518.1533203;   1543.9301758;    315.6079407;    553.9938354
        2014;          11;      0.0000000;      0.0000000;      0.0000000;  -1318.2249756;      0.0000000;      0.0000000;    404.9802246;      0.0000000;      0.0000000;      0.0000000;     40.8178940;     37.4274178;    404.9801941;      0.0000000;      0.0000000;   1318.2249756;     40.8178864;     37.4274216;  34893.8203125;   3264.4414062;   1498.9777832;   4471.7993164;    921.0664673;   1619.3630371;   4276.0278320;    786.1081543;    679.8189697;   1172.8438721;    161.5858612;    268.6488037
        2014;          12;      0.0000000;      0.0000000;      0.0000000;  -1321.2896729;      0.0000000;      0.0000000;    404.9802246;      0.0000000;      0.0000000;      0.0000000;     20.4089470;     18.7137089;    404.9801941;      0.0000000;      0.0000000;   1321.2896729;     20.4089432;     18.7137108;  13645.2128906;   1337.3049316;    595.2770386;   1774.1529541;    363.2160645;    637.7654419;   1811.6668701;      0.0000000;      0.0000000;      3.0646973;     20.4089432;     89.6051788
        2015;           1;      0.0000000;      0.0000000;      0.0000000;  -1313.8079834;      0.0000000;      0.0000000;    407.9442749;      0.0000000;      0.0000000;      0.0000000;     20.5563908;     18.8330765;    407.9442444;      0.0000000;      0.0000000;   1313.8079834;     20.5563869;     18.8330784;  27841.3652344;   2624.2614746;   1198.9211426;   3576.0678711;    735.9007568;   1293.4868164;   1410.0433350;      0.0000000;      0.0000000;     -7.4816895;     20.5563869;     69.3349304
        2015;           2;      0.0000000;      0.0000000;      0.0000000;  -1308.3256836;      0.0000000;      0.0000000;    407.9442749;      0.0000000;      0.0000000;      0.0000000;     41.1127815;     37.6661530;    407.9442444;      0.0000000;      0.0000000;   1308.3256836;     41.1127739;     37.6661568;  32548.8417969;   3051.2045898;   1399.1295166;   4173.7124023;    859.4884644;   1510.9526367;   1605.8298340;      0.0000000;      0.0000000;     -5.4822998;     41.1127739;     98.0338287
        2015;           3;      0.0000000;      0.0000000;      0.0000000;  -1301.8414307;      0.0000000;      0.0000000;    815.8885498;      0.0000000;      0.0000000;      0.0000000;    102.7819595;     94.1653824;    815.8884888;      0.0000000;      0.0000000;   1301.8414307;    102.7819595;     94.1653900;  37970.9414062;   3642.1572266;   1644.5621338;   4903.5112305;   1006.8051147;   1768.7624512;   2033.1008301;      0.0000000;      0.0000000;     -6.4842529;    102.7819595;    155.5048828
        2015;           4;      0.0000000;      0.0000000;      0.0000000;  -1295.2354736;      0.0000000;      0.0000000;  10198.6074219;    620.1110229;    178.4376984;    494.6093445;    513.9097900;    470.8269043;  10198.6083984;    620.1110229;    178.4376984;   1789.8448486;    513.9097900;    470.8269043;  50849.6953125;   7091.7226562;   2533.4157715;   7491.4316406;   1459.1699219;   2532.3281250;  11002.8027344;    620.1110229;    178.4376984;    488.0034180;    513.9097900;    511.3497314
        2015;           5;   2597.4746094;      0.0000000;      0.0000000;  -1298.1853027;    272.0662231;      0.0000000;  20397.2148438;   4960.8881836;   1427.5015869;   3956.8747559;   1027.8195801;    941.6538086;  20397.2167969;   4960.8881836;   1427.5015869;   5255.0595703;   1027.8195801;    941.6539307;  19326.1210938;   6712.6274414;   1563.5068359;   4525.0532227;    755.7533569;   1259.3533936;  19326.1210938;   4960.8881836;   1427.5015869;   3959.8242188;    755.7533569;   1018.5933228
        2015;           6;    982.7470703;    324.9614258;    267.4921875;   -713.0671387;    203.9185181;      0.0000000;  13054.2167969;   4960.8881836;   1427.5015869;   3956.8747559;    513.9097900;    470.8269043;  13054.2158203;   4960.8881836;   1427.5015869;   5253.3476562;    513.9097900;    330.3778992;  16115.8486328;   4635.9267578;   1160.0093994;   3371.7561035;    582.0574951;    979.0881348;  16115.8486328;   4635.9267578;   1160.0093994;   3371.7561035;    582.0574951;    403.2654114
        2015;           7;      0.0000000;    677.2861328;    547.8157959;    -89.6461182;    287.5861816;      0.0000000;  13054.2167969;   4960.8881836;   1427.5015869;   3956.8747559;    657.8045044;    602.6584473;  13054.2158203;   4960.8881836;   1427.5015869;   5259.8515625;    657.8043823;    357.6550903;  15814.1435547;   4608.5634766;   1147.1779785;   3333.4528809;    574.1367188;    965.1506348;  15121.4394531;   4608.5634766;   1147.1779785;   3333.4528809;    574.1367188;    411.9701843
        2015;           8;      0.0000000;   1667.1794434;   1000.3751831;   1036.5432129;    337.4845581;      0.0000000;  11422.4404297;   4960.8881836;   1427.5015869;   3956.8747559;    534.4661865;    489.6599731;  11422.4404297;   4960.8881836;   1427.5015869;   5267.5019531;    534.4661255;    324.6544495;  13159.3007812;   3970.9948730;    974.9421997;   2830.6853027;    484.5677490;    813.1825562;  13004.3691406;   3970.9948730;    974.9421997;   2830.6853027;    484.5677490;    403.5025635
        2015;           9;      0.0000000;   2133.5498047;   1256.4191895;   1608.4719238;    367.8481140;      0.0000000;  10606.5517578;   4340.7773438;   1249.0638428;   3462.2651367;    534.4661865;    489.6599731;  10606.5517578;   4340.7773438;   1249.0638428;   4774.5283203;    534.4661255;    278.6152039;  14281.8115234;   3874.4072266;    993.0197144;   2890.3359375;    504.1025696;    850.3751831;  13833.6025391;   3874.4072266;    993.0197144;   2890.3359375;    504.1025696;    438.9404297
        2015;          10;      0.0000000;    950.8293457;    733.4862671;     50.3033447;    152.0137939;      0.0000000;    407.9442749;      0.0000000;      0.0000000;      0.0000000;    102.7819595;     94.1653824;    407.9442444;      0.0000000;      0.0000000;   1309.7185059;    102.7819595;     75.7509232;  11946.9326172;   1182.7204590;    522.9329224;   1558.1685791;    318.6162720;    559.2299805;  10146.2021484;   1182.7204590;    522.9329224;   1558.1685791;    318.6162720;    557.5202637
        2015;          11;      0.0000000;      0.0000000;      0.0000000;  -1287.4981689;      0.0000000;      0.0000000;    407.9442749;      0.0000000;      0.0000000;      0.0000000;     41.1127815;     37.6661530;    407.9442444;      0.0000000;      0.0000000;   1287.4981689;     41.1127739;     37.6661568;  35246.2382812;   3295.8442383;   1513.8494873;   4516.1640625;    930.3045654;   1635.5611572;   4179.7587891;    950.8293457;    733.4862671;   1337.8015137;    193.1265717;    225.3090515
        2015;          12;      0.0000000;      0.0000000;      0.0000000;  -1294.2181396;      0.0000000;      0.0000000;    407.9442749;      0.0000000;      0.0000000;      0.0000000;     20.5563908;     18.8330765;    407.9442444;      0.0000000;      0.0000000;   1294.2181396;     20.5563869;     18.8330784;  13778.9980469;   1348.8791504;    600.8504639;   1790.7609863;    366.7144165;    643.8638306;   1778.6075439;      0.0000000;      0.0000000;      6.7199707;     20.5563869;     87.1758575
